customerID,gender,SeniorCitizen,Partner,Dependents,tenure,PhoneService,MultipleLines,InternetService,OnlineSecurity,OnlineBackup,DeviceProtection,TechSupport,StreamingTV,StreamingMovies,Contract,PaperlessBilling,PaymentMethod,MonthlyCharges,TotalCharges,Churn
CURL-6D1B3,Male,0,No,No,43,Yes,No,No,No internet service,No internet service,No internet service,No internet service,No internet service,No internet service,Two year,No,Bank transfer (automatic),18.8,844.9,No
CNZT-CBC82,Female,1,No,No,47,Yes,No,Fiber optic,Yes,No,No,No,No,No,Month-to-month,Yes,Credit card (automatic),51.11,2457.09,No
VLNJ-2ECA6,Male,0,No,No,31,Yes,Yes,Fiber optic,Yes,No,No,No,No,No,Month-to-month,Yes,Electronic check,62.4,1967.28,No
VOLL-318E1,Male,0,Yes,No,61,Yes,No,No,No internet service,No internet service,No internet service,No internet service,No internet service,No internet service,Month-to-month,Yes,Mailed check,23.55,1459.13,No
WVHQ-2CB51,Male,0,Yes,No,33,Yes,No,Fiber optic,No,No,No,Yes,No,No,One year,No,Mailed check,59.15,2009.23,No
ZLXR-CC357,Female,1,Yes,No,20,Yes,No,No,No internet service,No internet service,No internet service,No internet service,No internet service,No internet service,Two year,No,Mailed check,20.21,447.11,No
MBOE-BAEB5,Male,0,Yes,Yes,72,Yes,No,DSL,Yes,No,No,No,No,No,Two year,No,Credit card (automatic),34.81,2550.82,No
ZKIX-517C3,Male,0,Yes,No,34,Yes,Yes,Fiber optic,No,No,No,Yes,No,No,Two year,Yes,Mailed check,72.49,2466.77,No
MDRM-539AF,Male,0,Yes,No,35,Yes,No,Fiber optic,No,No,No,No,No,No,Two year,No,Electronic check,54.4,1893.9,No
LEVQ-B14CD,Female,0,Yes,Yes,62,Yes,No,DSL,Yes,No,Yes,No,No,No,Month-to-month,Yes,Electronic check,36.37,2242.01,No
LUVK-E43AA,Male,0,Yes,Yes,69,No,No phone service,DSL,Yes,No,No,No,No,Yes,One year,No,Electronic check,40.65,2708.27,No
DVFU-0CCCA,Male,0,Yes,No,65,Yes,Yes,DSL,Yes,Yes,Yes,No,Yes,Yes,Month-to-month,No,Bank transfer (automatic),62.34,4083.7,No
MSHU-87890,Male,0,No,No,54,Yes,No,Fiber optic,Yes,No,No,No,Yes,No,Month-to-month,Yes,Credit card (automatic),59.75,3237.43,No
DGCL-AA7D9,Male,0,No,Yes,57,Yes,No,DSL,Yes,Yes,Yes,No,Yes,No,Month-to-month,No,Electronic check,45.64,2554.24,Yes
CTOQ-9818C,Female,0,Yes,No,9,Yes,No,Fiber optic,Yes,No,Yes,No,No,No,Month-to-month,Yes,Electronic check,45.62,496.89,Yes
HPAJ-6F346,Male,0,Yes,No,18,Yes,No,No,No internet service,No internet service,No internet service,No internet service,No internet service,No internet service,Two year,No,Electronic check,18.8,260.52,No
ZWAG-D0D4E,Female,0,Yes,Yes,10,Yes,Yes,DSL,Yes,No,No,No,Yes,No,Two year,Yes,Bank transfer (automatic),49.71,453.03,No
HLRD-88CFA,Female,0,No,Yes,37,No,No phone service,Fiber optic,No,No,No,No,No,No,Month-to-month,Yes,Credit card (automatic),50.7,1951.15,No
KKKV-52501,Female,1,Yes,No,41,Yes,No,DSL,No,No,No,No,Yes,No,Month-to-month,Yes,Mailed check,37.84,1604.41,No
CUSS-7B2E8,Male,0,No,No,60,Yes,No,No,No internet service,No internet service,No internet service,No internet service,No internet service,No internet service,Month-to-month,Yes,Electronic check,23.27,1397.07,No
YDMS-77263,Female,1,Yes,No,71,Yes,Yes,DSL,No,No,No,No,Yes,Yes,Month-to-month,No,Credit card (automatic),67.39,4818.11,Yes
HRQP-5F151,Male,0,Yes,No,56,Yes,No,Fiber optic,No,No,No,No,No,Yes,Month-to-month,No,Electronic check,58.29,3324.2,No
IZJX-7B74C,Female,0,Yes,Yes,8,Yes,Yes,No,No internet service,No internet service,No internet service,No internet service,No internet service,No internet service,Month-to-month,Yes,Electronic check,27.38,276.39,No
ZGUG-BC7B4,Female,1,Yes,No,9,Yes,Yes,No,No internet service,No internet service,No internet service,No internet service,No internet service,No internet service,Two year,No,Electronic check,36.99,357.35,Yes
CCLX-27B3B,Female,0,No,No,60,No,No phone service,Fiber optic,Yes,No,Yes,No,No,Yes,Month-to-month,No,Bank transfer (automatic),55.6,3292.57,No
HVPO-27D0C,Female,0,No,No,59,Yes,Yes,Fiber optic,No,Yes,No,No,Yes,Yes,Month-to-month,No,Mailed check,80.31,4707.71,No
MSRL-4A291,Female,0,No,No,59,Yes,No,Fiber optic,Yes,No,Yes,No,Yes,No,One year,No,Electronic check,62.09,3607.01,No
QQCT-6C027,Female,0,No,Yes,36,Yes,No,Fiber optic,Yes,Yes,Yes,Yes,Yes,No,Two year,Yes,Bank transfer (automatic),58.92,2077.91,No
EIRD-A129C,Female,0,No,No,48,Yes,No,DSL,No,No,No,No,Yes,No,One year,No,Mailed check,46.32,2248.08,No
EHYZ-97599,Female,0,No,Yes,42,Yes,Yes,No,No internet service,No internet service,No internet service,No internet service,No internet service,No internet service,Month-to-month,Yes,Credit card (automatic),29.98,1290.55,No
HADY-677C1,Male,0,Yes,Yes,29,Yes,Yes,No,No internet service,No internet service,No internet service,No internet service,No internet service,No internet service,Month-to-month,Yes,Electronic check,31.13,850.24,No
CHMR-77F29,Male,0,Yes,No,55,Yes,No,Fiber optic,Yes,Yes,No,No,Yes,Yes,One year,Yes,Credit card (automatic),57.3,3102.85,No
OMUG-F588D,Female,0,Yes,Yes,5,Yes,No,Fiber optic,Yes,No,No,No,Yes,No,One year,No,Electronic check,57.0,233.62,No
LHAJ-D0E82,Female,0,No,No,21,Yes,Yes,DSL,No,No,No,Yes,Yes,No,Two year,Yes,Mailed check,52.59,1085.02,No
HOIC-AA143,Female,0,Yes,Yes,7,Yes,No,DSL,No,Yes,No,No,No,No,Month-to-month,No,Mailed check,30.35,151.71,Yes
RSSY-C519E,Male,0,No,Yes,1,Yes,Yes,Fiber optic,Yes,No,Yes,Yes,Yes,Yes,Month-to-month,Yes,Credit card (automatic),74.97,93.66,No
ZFGA-28854,Female,1,Yes,No,47,Yes,No,DSL,Yes,Yes,Yes,No,No,Yes,Month-to-month,No,Mailed check,41.47,1914.05,Yes
VLVZ-53FA4,Male,0,No,Yes,7,Yes,No,No,No internet service,No internet service,No internet service,No internet service,No internet service,No internet service,Month-to-month,Yes,Electronic check,23.57,144.87,No
QNXG-FE228,Male,1,Yes,Yes,31,Yes,Yes,No,No internet service,No internet service,No internet service,No internet service,No internet service,No internet service,Month-to-month,No,Electronic check,29.4,927.59,No
BHLZ-F2E1B,Male,0,Yes,No,1,Yes,No,Fiber optic,No,No,No,Yes,No,No,Two year,Yes,Electronic check,59.08,57.02,Yes
VXFX-18750,Male,0,No,Yes,71,Yes,No,No,No internet service,No internet service,No internet service,No internet service,No internet service,No internet service,Month-to-month,No,Electronic check,18.8,1273.07,Yes
UIRK-5E1BB,Male,0,Yes,Yes,58,Yes,No,DSL,Yes,Yes,No,Yes,No,No,Month-to-month,No,Electronic check,39.32,2252.31,Yes
JGAY-F3011,Female,0,No,No,32,Yes,Yes,No,No internet service,No internet service,No internet service,No internet service,No internet service,No internet service,Month-to-month,No,Electronic check,23.74,635.85,No
VXDT-259BD,Female,0,Yes,Yes,22,Yes,Yes,DSL,Yes,No,Yes,Yes,Yes,Yes,Month-to-month,No,Credit card (automatic),67.64,1488.68,Yes
BFHI-FC5F7,Female,0,Yes,No,22,Yes,No,Fiber optic,No,No,No,No,Yes,No,One year,No,Credit card (automatic),55.43,1222.03,No
NLDY-02342,Female,0,No,Yes,60,Yes,No,Fiber optic,No,No,Yes,No,No,Yes,Two year,No,Mailed check,58.65,3504.51,No
ARZD-48EBC,Female,1,No,Yes,44,Yes,Yes,Fiber optic,No,Yes,Yes,No,Yes,Yes,Two year,Yes,Credit card (automatic),74.34,3254.9,No
PKFW-C0B1B,Male,0,Yes,No,5,Yes,Yes,Fiber optic,No,No,Yes,No,No,No,Month-to-month,Yes,Mailed check,56.56,248.76,Yes
VDLD-9E16F,Female,0,No,No,35,No,No phone service,Fiber optic,Yes,No,No,No,No,Yes,Month-to-month,No,Bank transfer (automatic),65.76,2355.9,Yes
HDMN-A5F84,Female,0,No,Yes,54,Yes,No,Fiber optic,No,No,No,No,Yes,Yes,Month-to-month,No,Credit card (automatic),72.18,3830.36,No
YYMA-982AD,Male,0,No,No,5,Yes,Yes,DSL,Yes,No,No,No,No,No,Month-to-month,No,Mailed check,45.76,315.87,No
CSDT-60F29,Female,0,Yes,Yes,51,Yes,Yes,Fiber optic,No,No,No,No,No,Yes,Two year,Yes,Bank transfer (automatic),79.01,3976.69,No
EYTU-67ACD,Male,0,Yes,Yes,49,Yes,No,Fiber optic,Yes,No,No,No,No,No,Month-to-month,Yes,Bank transfer (automatic),54.06,2636.4,No
ARCH-D4C73,Female,1,No,No,56,Yes,No,DSL,No,No,No,No,Yes,Yes,Two year,Yes,Bank transfer (automatic),49.16,2747.74,No
INTP-EDC94,Male,0,No,Yes,4,Yes,Yes,DSL,No,No,Yes,No,No,No,Month-to-month,No,Electronic check,52.35,274.11,Yes
KDJY-61AFD,Female,0,No,No,66,Yes,No,DSL,Yes,Yes,No,Yes,No,No,Two year,No,Credit card (automatic),38.75,2567.9,No
HLNG-43FBD,Female,0,Yes,Yes,8,Yes,Yes,Fiber optic,Yes,No,No,Yes,No,No,Month-to-month,Yes,Credit card (automatic),70.74,515.69,No
VYCW-17952,Male,0,Yes,No,17,Yes,No,Fiber optic,Yes,No,No,Yes,No,Yes,Two year,Yes,Credit card (automatic),62.55,1022.12,No
EVII-E2EE9,Male,0,No,No,4,Yes,Yes,No,No internet service,No internet service,No internet service,No internet service,No internet service,No internet service,Month-to-month,Yes,Mailed check,33.51,193.09,No
EEHP-27180,Male,0,Yes,No,61,No,No phone service,Fiber optic,No,No,Yes,No,Yes,Yes,Two year,Yes,Credit card (automatic),71.14,4391.52,No
SBFE-D0698,Male,0,Yes,Yes,50,Yes,Yes,DSL,Yes,No,No,No,Yes,No,Month-to-month,No,Bank transfer (automatic),53.94,2697.34,No
RUKV-5F8BE,Male,0,Yes,No,54,Yes,Yes,No,No internet service,No internet service,No internet service,No internet service,No internet service,No internet service,Month-to-month,No,Credit card (automatic),34.14,1875.55,No
UWNB-72E33,Male,0,No,No,42,Yes,Yes,No,No internet service,No internet service,No internet service,No internet service,No internet service,No internet service,Month-to-month,Yes,Mailed check,30.92,1289.35,No
GQOY-64005,Male,0,Yes,No,29,No,No phone service,DSL,No,No,No,Yes,No,Yes,Month-to-month,Yes,Electronic check,51.41,1484.92,Yes
YNXC-1D106,Male,0,No,No,13,Yes,Yes,No,No internet service,No internet service,No internet service,No internet service,No internet service,No internet service,Month-to-month,Yes,Mailed check,29.15,293.29,No
YRCV-DCE3F,Female,0,No,No,6,Yes,No,Fiber optic,Yes,No,No,No,No,No,One year,No,Mailed check,54.74,291.06,No
IUPU-AA9CB,Female,0,No,No,51,Yes,No,Fiber optic,Yes,Yes,No,No,Yes,No,One year,Yes,Mailed check,58.57,3040.51,No
DVNI-8FDD7,Male,1,Yes,No,69,Yes,Yes,Fiber optic,No,No,No,No,No,No,Month-to-month,Yes,Mailed check,50.48,3546.67,No
UKRQ-34026,Female,1,Yes,No,55,Yes,No,Fiber optic,No,No,No,No,No,No,One year,Yes,Electronic check,50.43,2710.31,No
MEKP-35585,Female,0,No,No,3,Yes,No,No,No internet service,No internet service,No internet service,No internet service,No internet service,No internet service,Month-to-month,Yes,Bank transfer (automatic),22.55,0.0,Yes
TILJ-2A34C,Female,0,No,Yes,10,Yes,Yes,DSL,No,No,No,No,No,Yes,Month-to-month,No,Mailed check,53.82,533.09,No
YRXW-7C578,Female,0,No,No,7,No,No phone service,DSL,No,No,Yes,No,No,No,One year,Yes,Electronic check,31.97,135.37,No
YWMQ-3C88C,Male,0,No,No,11,Yes,No,Fiber optic,No,No,Yes,Yes,No,No,Month-to-month,No,Electronic check,54.57,591.32,Yes
QBHE-B039B,Female,1,No,No,8,Yes,Yes,DSL,Yes,Yes,Yes,No,No,Yes,One year,Yes,Bank transfer (automatic),55.92,501.26,No
NWXD-F9A19,Male,0,No,Yes,17,Yes,No,Fiber optic,No,Yes,No,No,No,No,Month-to-month,No,Bank transfer (automatic),54.02,894.01,No
SPCN-EB2FF,Female,1,Yes,No,63,Yes,No,No,No internet service,No internet service,No internet service,No internet service,No internet service,No internet service,Month-to-month,Yes,Mailed check,18.8,1069.45,Yes
EUKP-7CFCE,Female,1,Yes,No,15,Yes,Yes,Fiber optic,No,Yes,No,No,No,No,Month-to-month,Yes,Electronic check,55.64,905.99,No
YCGS-90189,Female,0,No,No,25,Yes,No,No,No internet service,No internet service,No internet service,No internet service,No internet service,No internet service,Two year,No,Electronic check,28.29,759.99,Yes
EEDO-0977A,Male,0,Yes,No,37,Yes,Yes,Fiber optic,No,Yes,Yes,No,Yes,Yes,Month-to-month,No,Credit card (automatic),75.0,2734.0,Yes
NSTX-C8739,Female,0,No,No,7,Yes,Yes,DSL,Yes,No,No,No,No,No,Month-to-month,Yes,Electronic check,41.63,268.61,Yes
DYVD-C1B17,Male,1,Yes,No,0,Yes,No,No,No internet service,No internet service,No internet service,No internet service,No internet service,No internet service,Two year,Yes,Electronic check,34.58,34.58,No
RSKX-C3AB5,Female,0,No,Yes,4,Yes,No,DSL,No,No,Yes,Yes,No,No,Two year,Yes,Bank transfer (automatic),30.3,117.7,Yes
TXVT-A4C58,Male,1,Yes,Yes,11,Yes,Yes,No,No internet service,No internet service,No internet service,No internet service,No internet service,No internet service,Month-to-month,Yes,Bank transfer (automatic),31.27,395.68,Yes
IIEY-21E87,Female,0,Yes,Yes,10,Yes,Yes,Fiber optic,No,No,No,No,No,Yes,Two year,No,Electronic check,72.61,682.03,No
TJDS-28FE5,Male,0,No,Yes,19,Yes,No,No,No internet service,No internet service,No internet service,No internet service,No internet service,No internet service,Month-to-month,Yes,Electronic check,18.8,399.17,Yes
UPMD-6AF0B,Male,1,Yes,No,2,Yes,No,DSL,No,No,No,No,Yes,No,Month-to-month,Yes,Electronic check,43.53,42.15,No
WYLD-4DEA1,Female,0,Yes,No,37,Yes,No,No,No internet service,No internet service,No internet service,No internet service,No internet service,No internet service,Month-to-month,Yes,Electronic check,20.79,825.51,No
DMPA-A8017,Male,0,Yes,No,60,Yes,Yes,Fiber optic,No,No,Yes,No,Yes,Yes,Month-to-month,No,Electronic check,70.91,4277.76,Yes
SVLH-F7570,Female,0,No,No,14,Yes,Yes,DSL,No,No,No,Yes,No,No,Month-to-month,Yes,Electronic check,54.77,869.42,No
HNXT-C816F,Female,0,No,No,54,Yes,No,No,No internet service,No internet service,No internet service,No internet service,No internet service,No internet service,One year,No,Bank transfer (automatic),23.95,1247.22,No
BWRH-CD01A,Female,0,No,No,69,Yes,Yes,No,No internet service,No internet service,No internet service,No internet service,No internet service,No internet service,Month-to-month,Yes,Bank transfer (automatic),20.45,1455.92,Yes
ZARD-A91AE,Female,0,Yes,No,71,Yes,Yes,Fiber optic,No,No,No,Yes,Yes,No,Month-to-month,No,Electronic check,77.67,5428.02,Yes
WAGG-72DCC,Female,1,No,Yes,15,Yes,No,Fiber optic,Yes,Yes,No,Yes,No,Yes,Month-to-month,Yes,Electronic check,64.02,979.77,No
FAXH-AE000,Female,1,Yes,No,55,Yes,Yes,Fiber optic,Yes,Yes,Yes,Yes,No,Yes,Month-to-month,Yes,Credit card (automatic),67.47,3753.54,No
EBVP-FCF34,Female,0,No,Yes,30,Yes,Yes,Fiber optic,No,No,No,No,No,Yes,Month-to-month,No,Mailed check,73.23,2228.93,No
WGBR-CFE1C,Female,0,No,No,8,Yes,Yes,No,No internet service,No internet service,No internet service,No internet service,No internet service,No internet service,One year,No,Electronic check,27.17,268.09,Yes
VSVV-70731,Female,0,No,No,56,Yes,No,Fiber optic,No,Yes,Yes,Yes,Yes,Yes,Two year,No,Electronic check,63.29,3550.52,No
DSNO-B8A1D,Female,0,No,No,48,Yes,No,DSL,No,No,No,No,No,No,Month-to-month,Yes,Electronic check,35.2,1651.26,No
LEVT-03041,Female,1,No,Yes,70,No,No phone service,DSL,No,Yes,No,No,Yes,Yes,One year,Yes,Credit card (automatic),52.06,3613.42,No
SNZT-98019,Male,0,No,No,23,Yes,No,Fiber optic,Yes,No,Yes,No,Yes,No,One year,Yes,Credit card (automatic),51.42,1196.88,No
ABFW-7B625,Male,0,Yes,No,2,Yes,No,Fiber optic,Yes,No,No,No,Yes,Yes,Two year,No,Electronic check,70.75,72.95,No
CUEJ-F978C,Female,0,No,Yes,40,Yes,No,Fiber optic,No,No,Yes,No,Yes,Yes,One year,No,Electronic check,78.26,3083.91,No
GQWO-723F8,Female,0,Yes,Yes,15,Yes,Yes,DSL,No,No,No,No,No,No,Month-to-month,Yes,Bank transfer (automatic),45.48,746.72,No
HKPN-B4A7F,Female,0,Yes,No,10,Yes,No,DSL,Yes,No,No,Yes,No,No,Month-to-month,No,Electronic check,39.6,395.98,Yes
EDMN-B6E72,Female,0,Yes,Yes,28,Yes,Yes,Fiber optic,Yes,Yes,No,No,Yes,Yes,Two year,Yes,Mailed check,66.9,1742.5,No
DZDY-41496,Female,0,Yes,No,33,Yes,No,Fiber optic,No,Yes,No,No,No,No,Two year,No,Credit card (automatic),61.45,2034.44,No
UPKQ-F626D,Female,0,Yes,No,11,Yes,No,DSL,No,No,No,Yes,No,No,One year,No,Bank transfer (automatic),42.49,433.13,No
FYPP-5E046,Female,0,No,No,57,Yes,Yes,No,No internet service,No internet service,No internet service,No internet service,No internet service,No internet service,Two year,No,Mailed check,30.75,1825.8,No
MMDF-19599,Female,0,Yes,Yes,9,Yes,No,Fiber optic,No,Yes,No,Yes,No,Yes,One year,Yes,Credit card (automatic),53.7,446.45,No
SOQP-A953C,Male,0,Yes,No,59,Yes,No,Fiber optic,No,No,No,No,No,No,One year,No,Mailed check,48.78,2914.85,No
IOFL-8A85F,Female,0,No,No,6,Yes,Yes,Fiber optic,No,Yes,No,Yes,No,No,Two year,No,Bank transfer (automatic),70.86,390.57,Yes
NVTO-E2ED8,Male,0,Yes,Yes,50,Yes,Yes,Fiber optic,No,No,No,No,No,No,Two year,Yes,Mailed check,64.89,3232.49,No
TNGU-358D6,Female,0,No,Yes,40,Yes,Yes,DSL,No,No,No,No,Yes,No,Month-to-month,No,Bank transfer (automatic),53.91,2130.77,No
MBDB-1DDD0,Female,0,No,Yes,0,Yes,No,No,No internet service,No internet service,No internet service,No internet service,No internet service,No internet service,Month-to-month,Yes,Electronic check,18.89,18.89,Yes
CHOI-72B51,Male,0,No,No,2,Yes,No,DSL,No,No,No,No,Yes,No,One year,Yes,Electronic check,44.19,97.21,No
TXAL-DBD65,Female,1,No,No,10,Yes,No,Fiber optic,No,Yes,No,No,No,No,Month-to-month,No,Mailed check,47.54,448.01,Yes
SDGP-A1858,Male,1,Yes,Yes,44,Yes,Yes,Fiber optic,No,No,Yes,No,No,Yes,One year,Yes,Bank transfer (automatic),65.26,2848.91,No
YBZL-C64CB,Female,0,Yes,No,53,Yes,Yes,DSL,No,Yes,Yes,Yes,No,No,One year,Yes,Mailed check,57.3,3025.94,No
DSTK-EA50A,Female,1,Yes,No,64,Yes,No,No,No internet service,No internet service,No internet service,No internet service,No internet service,No internet service,Month-to-month,Yes,Electronic check,18.8,1255.64,No
FTNM-2B26D,Male,0,No,No,2,No,No phone service,DSL,No,Yes,No,No,Yes,Yes,Month-to-month,Yes,Electronic check,54.28,141.5,Yes
XZYO-3DCFA,Female,0,Yes,No,60,Yes,No,Fiber optic,No,No,No,No,Yes,No,Two year,No,Credit card (automatic),58.56,3594.14,No
DNLV-651DC,Male,0,Yes,Yes,8,Yes,Yes,Fiber optic,Yes,No,No,Yes,No,Yes,Month-to-month,Yes,Credit card (automatic),72.41,610.42,No
BLMM-E2423,Female,0,Yes,Yes,6,Yes,Yes,No,No internet service,No internet service,No internet service,No internet service,No internet service,No internet service,Month-to-month,No,Electronic check,34.68,216.2,No
XYBQ-33437,Male,0,No,No,72,Yes,No,DSL,Yes,No,Yes,No,No,No,Month-to-month,No,Credit card (automatic),30.22,2114.14,No
ZPSM-0143D,Male,0,Yes,Yes,42,Yes,Yes,Fiber optic,Yes,Yes,No,No,Yes,No,One year,No,Bank transfer (automatic),69.7,2883.98,No
VWQO-A6ACC,Female,0,No,No,10,Yes,Yes,DSL,Yes,Yes,Yes,Yes,No,Yes,One year,Yes,Electronic check,59.61,509.93,No
PBSJ-B8E5E,Female,0,Yes,No,25,Yes,Yes,Fiber optic,No,No,Yes,No,No,Yes,Two year,Yes,Electronic check,61.54,1436.97,Yes
VIMN-CBD58,Male,0,Yes,No,71,Yes,No,Fiber optic,Yes,No,Yes,No,No,No,One year,No,Credit card (automatic),45.2,3279.34,No
LXHP-1D659,Female,1,Yes,No,31,Yes,Yes,DSL,No,No,No,No,No,Yes,One year,No,Mailed check,61.86,1897.22,Yes
MWNN-106FE,Female,0,No,No,24,Yes,Yes,DSL,No,Yes,Yes,Yes,No,No,One year,Yes,Electronic check,46.01,1162.14,No
QQKE-05534,Female,0,No,No,56,Yes,Yes,DSL,No,Yes,Yes,No,No,Yes,Two year,No,Bank transfer (automatic),50.47,2824.58,No
APYR-76429,Male,0,Yes,No,8,Yes,Yes,No,No internet service,No internet service,No internet service,No internet service,No internet service,No internet service,One year,Yes,Electronic check,30.24,199.57,No
OAKH-2B8AB,Male,0,Yes,No,52,Yes,No,No,No internet service,No internet service,No internet service,No internet service,No internet service,No internet service,Month-to-month,No,Bank transfer (automatic),18.8,925.78,No
ZUQW-7FCAE,Male,0,No,No,71,Yes,No,Fiber optic,No,Yes,No,Yes,Yes,No,Two year,No,Bank transfer (automatic),64.44,4598.76,No
NSHZ-9C7D1,Male,0,Yes,No,69,Yes,No,No,No internet service,No internet service,No internet service,No internet service,No internet service,No internet service,Two year,Yes,Bank transfer (automatic),20.46,1480.94,No
CNTV-7A8FA,Male,0,Yes,Yes,39,Yes,Yes,Fiber optic,No,No,Yes,Yes,Yes,Yes,Month-to-month,Yes,Bank transfer (automatic),85.24,3508.83,No
KZCZ-24DBF,Male,0,Yes,Yes,61,Yes,Yes,Fiber optic,Yes,No,Yes,No,No,No,Month-to-month,Yes,Mailed check,53.33,3228.42,Yes
TQJA-1408C,Male,0,Yes,No,70,No,No phone service,Fiber optic,No,No,Yes,Yes,Yes,No,Month-to-month,No,Mailed check,70.21,4969.39,No
ZMWZ-D75F3,Male,0,Yes,No,60,Yes,Yes,No,No internet service,No internet service,No internet service,No internet service,No internet service,No internet service,Two year,No,Electronic check,23.68,1409.91,No
KBUQ-1388C,Male,0,Yes,No,1,Yes,No,DSL,Yes,No,No,No,No,Yes,Two year,No,Mailed check,46.87,61.22,No
GYLV-3005F,Female,0,Yes,No,63,No,No phone service,DSL,No,Yes,No,No,No,No,One year,No,Credit card (automatic),32.16,2038.76,No
BJCY-ACBAC,Male,0,No,Yes,71,Yes,Yes,No,No internet service,No internet service,No internet service,No internet service,No internet service,No internet service,Month-to-month,No,Electronic check,34.97,2448.46,No
AWTT-6C60E,Female,0,Yes,No,15,Yes,Yes,No,No internet service,No internet service,No internet service,No internet service,No internet service,No internet service,Month-to-month,No,Bank transfer (automatic),36.87,557.08,Yes
GCQG-D70F8,Female,1,No,No,8,Yes,Yes,DSL,Yes,No,No,No,No,No,Two year,Yes,Electronic check,49.25,445.76,Yes
GRNA-C6BE9,Female,1,Yes,No,69,Yes,No,Fiber optic,Yes,Yes,Yes,No,No,Yes,Two year,Yes,Credit card (automatic),63.33,4385.44,No
RGGK-D85CD,Male,1,No,No,42,Yes,No,DSL,No,Yes,No,No,No,No,One year,No,Electronic check,27.99,1127.06,No
XHSP-76148,Male,0,Yes,No,41,Yes,No,DSL,Yes,No,Yes,Yes,No,No,Month-to-month,Yes,Electronic check,43.71,1776.36,No
XWER-1A57B,Male,0,No,No,56,Yes,No,DSL,No,Yes,Yes,Yes,No,No,Two year,Yes,Credit card (automatic),29.09,1737.04,No
LUNZ-A4C68,Male,0,Yes,No,9,Yes,No,Fiber optic,No,Yes,No,No,Yes,No,One year,Yes,Electronic check,61.49,494.97,No
DDOE-FDBB9,Female,0,No,No,4,Yes,Yes,Fiber optic,Yes,Yes,No,No,No,No,Two year,Yes,Credit card (automatic),64.34,231.21,No
BKMX-37521,Male,0,Yes,No,32,Yes,No,DSL,No,No,Yes,No,No,No,One year,No,Bank transfer (automatic),38.9,1251.77,No
JCBJ-38047,Male,0,Yes,Yes,2,Yes,No,DSL,No,No,No,No,Yes,Yes,Two year,Yes,Bank transfer (automatic),45.97,105.61,Yes
ZQWI-76EFF,Male,1,No,No,13,Yes,No,Fiber optic,No,No,No,No,No,No,Month-to-month,Yes,Electronic check,48.22,673.58,Yes
TNOZ-45E63,Male,0,No,No,10,Yes,Yes,DSL,No,No,No,No,No,No,One year,Yes,Credit card (automatic),46.55,408.47,No
OIXX-48FB3,Male,1,Yes,No,66,Yes,Yes,DSL,No,No,No,No,No,No,Two year,No,Electronic check,44.67,2925.7,No
PQQA-4D345,Female,0,No,No,17,No,No phone service,No,No internet service,No internet service,No internet service,No internet service,No internet service,No internet service,One year,No,Credit card (automatic),18.8,328.19,No
EEJW-04084,Male,0,Yes,No,8,Yes,Yes,Fiber optic,No,No,Yes,Yes,No,Yes,Month-to-month,No,Bank transfer (automatic),71.06,440.45,Yes
UPUQ-7D7FF,Female,0,Yes,No,4,No,No phone service,Fiber optic,No,No,No,No,No,No,Two year,Yes,Mailed check,48.77,131.76,Yes
PRGV-AE4C7,Male,0,No,No,6,Yes,No,Fiber optic,Yes,No,Yes,No,No,No,Two year,Yes,Electronic check,55.71,395.03,Yes
EEOI-16A5F,Female,0,Yes,No,62,Yes,No,DSL,No,No,No,No,No,No,One year,Yes,Mailed check,31.51,1904.95,No
UNYL-20FFB,Male,0,No,Yes,30,Yes,No,Fiber optic,No,Yes,No,No,Yes,Yes,One year,Yes,Electronic check,63.01,1978.2,No
CHBB-391F7,Male,0,Yes,No,69,Yes,No,No,No internet service,No internet service,No internet service,No internet service,No internet service,No internet service,Month-to-month,No,Mailed check,31.27,2216.05,No
GNUI-00D1A,Female,0,No,Yes,60,Yes,Yes,DSL,No,No,No,Yes,No,No,Month-to-month,No,Electronic check,49.06,2949.42,Yes
JUBX-B73F4,Female,1,No,Yes,45,Yes,Yes,No,No internet service,No internet service,No internet service,No internet service,No internet service,No internet service,Month-to-month,No,Electronic check,26.05,1199.31,No
MKFK-20416,Female,0,No,No,54,Yes,No,Fiber optic,Yes,No,No,No,No,No,One year,Yes,Mailed check,55.49,2996.7,No
WEAC-84705,Male,1,No,No,63,Yes,Yes,No,No internet service,No internet service,No internet service,No internet service,No internet service,No internet service,Two year,Yes,Electronic check,24.65,1578.64,No
KLOU-7D843,Female,0,Yes,Yes,32,Yes,No,No,No internet service,No internet service,No internet service,No internet service,No internet service,No internet service,One year,Yes,Bank transfer (automatic),26.18,838.7,No
IPGX-7DA53,Male,0,No,No,21,Yes,No,No,No internet service,No internet service,No internet service,No internet service,No internet service,No internet service,Month-to-month,Yes,Electronic check,32.86,721.91,No
TIGY-7077D,Male,0,Yes,No,39,Yes,No,DSL,No,No,Yes,Yes,Yes,Yes,Two year,No,Bank transfer (automatic),52.27,1964.78,No
SEDP-0520E,Female,0,No,Yes,9,No,No phone service,DSL,Yes,No,Yes,No,Yes,Yes,Month-to-month,No,Bank transfer (automatic),54.36,483.35,No
CAYE-D021B,Female,0,No,No,5,Yes,Yes,Fiber optic,Yes,No,Yes,No,No,Yes,Month-to-month,Yes,Electronic check,62.06,287.16,No
QMGC-939AD,Male,0,No,No,9,Yes,No,Fiber optic,No,No,Yes,Yes,No,No,Two year,Yes,Bank transfer (automatic),57.31,569.3,No
MAHW-8972E,Male,0,No,No,26,Yes,No,Fiber optic,No,No,Yes,Yes,Yes,No,Month-to-month,Yes,Electronic check,72.15,1849.22,Yes
UZWH-43E87,Female,0,Yes,No,71,Yes,No,DSL,Yes,No,No,No,No,No,One year,Yes,Credit card (automatic),34.92,2488.08,No
ZPXZ-15BD2,Female,0,No,No,29,Yes,No,Fiber optic,Yes,No,No,No,Yes,No,Month-to-month,Yes,Electronic check,55.92,1572.43,No
IOUC-94386,Female,0,Yes,No,34,Yes,Yes,DSL,Yes,Yes,No,No,Yes,Yes,One year,Yes,Electronic check,70.18,2374.41,No
QIVC-D0B56,Male,0,No,No,64,Yes,Yes,Fiber optic,Yes,Yes,No,Yes,Yes,No,One year,Yes,Bank transfer (automatic),80.2,5129.99,No
ASER-BDB4B,Male,0,Yes,No,68,Yes,No,Fiber optic,No,Yes,No,No,No,No,One year,No,Mailed check,41.61,2834.08,No
VIDX-2932C,Male,0,No,No,55,Yes,Yes,No,No internet service,No internet service,No internet service,No internet service,No internet service,No internet service,Month-to-month,No,Credit card (automatic),34.49,2038.91,No
DRSB-2C81F,Male,0,Yes,No,22,Yes,Yes,Fiber optic,No,No,No,No,Yes,No,Two year,No,Bank transfer (automatic),64.98,1403.54,No
GAYA-8F996,Male,0,No,Yes,56,Yes,No,No,No internet service,No internet service,No internet service,No internet service,No internet service,No internet service,One year,Yes,Electronic check,18.8,1099.28,No
DOXC-E6829,Male,0,Yes,Yes,0,Yes,No,No,No internet service,No internet service,No internet service,No internet service,No internet service,No internet service,Month-to-month,Yes,Bank transfer (automatic),25.75,25.75,Yes
EHSB-79245,Female,0,No,No,9,Yes,No,Fiber optic,No,Yes,No,Yes,No,No,One year,No,Mailed check,48.48,414.77,No
RZVE-00923,Male,0,Yes,No,27,Yes,No,DSL,No,Yes,No,No,No,No,Month-to-month,No,Electronic check,34.08,963.24,No
WWVG-99288,Male,0,No,Yes,62,Yes,No,DSL,Yes,Yes,No,Yes,No,No,Month-to-month,Yes,Electronic check,37.71,2293.47,No
KTRN-BC94C,Male,0,Yes,No,3,Yes,No,No,No internet service,No internet service,No internet service,No internet service,No internet service,No internet service,Month-to-month,No,Credit card (automatic),18.8,59.95,No
SZDK-E8F00,Female,1,No,Yes,66,Yes,No,Fiber optic,Yes,No,Yes,No,No,No,One year,No,Electronic check,51.99,3474.34,No
UJNL-6F1CE,Male,0,Yes,Yes,1,Yes,Yes,Fiber optic,Yes,No,Yes,No,No,No,Two year,No,Bank transfer (automatic),59.62,66.2,No
RKER-725F4,Male,0,No,Yes,7,Yes,Yes,DSL,No,Yes,No,No,No,No,Two year,Yes,Credit card (automatic),39.18,219.45,Yes
ERFX-DFE33,Female,0,Yes,No,30,Yes,Yes,DSL,Yes,Yes,Yes,No,Yes,Yes,Two year,Yes,Mailed check,70.42,2051.17,No
IMWT-AEA66,Male,0,No,No,48,Yes,No,DSL,No,Yes,No,No,No,No,Two year,No,Electronic check,38.39,1841.88,Yes
NCTQ-B8CF9,Male,0,Yes,Yes,0,Yes,Yes,DSL,No,No,No,No,Yes,No,Month-to-month,Yes,Bank transfer (automatic),49.58,49.58,No
LCUX-BDDC8,Male,0,Yes,No,53,Yes,No,Fiber optic,No,No,No,No,No,Yes,One year,Yes,Electronic check,52.24,2760.44,No
CAFL-B703F,Male,0,No,Yes,52,Yes,No,Fiber optic,No,No,Yes,Yes,No,No,Two year,No,Bank transfer (automatic),63.68,3310.35,No
ZJUS-EEA6A,Male,0,Yes,No,68,No,No phone service,No,No internet service,No internet service,No internet service,No internet service,No internet service,No internet service,One year,No,Credit card (automatic),26.61,1864.98,No
IJPO-96609,Female,0,Yes,Yes,6,Yes,No,Fiber optic,No,No,No,No,Yes,No,One year,No,Mailed check,67.35,395.71,No
OYNM-13565,Female,0,No,No,26,Yes,No,No,No internet service,No internet service,No internet service,No internet service,No internet service,No internet service,Month-to-month,Yes,Bank transfer (automatic),18.8,501.41,No
KTDI-24A05,Female,1,No,No,39,Yes,Yes,DSL,No,No,No,No,No,No,Two year,No,Credit card (automatic),45.68,1701.71,No
AYSG-317C9,Male,0,No,No,10,Yes,Yes,Fiber optic,Yes,No,No,No,No,No,Month-to-month,Yes,Mailed check,61.11,587.26,Yes
WIHM-3F278,Male,1,Yes,Yes,39,Yes,Yes,DSL,No,No,Yes,No,No,No,Month-to-month,Yes,Credit card (automatic),41.57,1616.84,Yes
BMLG-20071,Male,0,Yes,Yes,6,Yes,Yes,No,No internet service,No internet service,No internet service,No internet service,No internet service,No internet service,Month-to-month,Yes,Bank transfer (automatic),38.5,197.1,Yes
YGQR-7E134,Female,1,No,No,4,Yes,Yes,DSL,Yes,No,Yes,No,Yes,No,Month-to-month,No,Mailed check,52.89,295.41,Yes
DHIT-4ECE1,Male,1,Yes,No,11,Yes,Yes,No,No internet service,No internet service,No internet service,No internet service,No internet service,No internet service,Month-to-month,Yes,Bank transfer (automatic),31.54,339.45,No
ZPZJ-F9162,Male,0,No,No,67,Yes,Yes,No,No internet service,No internet service,No internet service,No internet service,No internet service,No internet service,Month-to-month,Yes,Mailed check,29.68,2049.98,No
YHFO-61DDB,Female,0,Yes,No,52,Yes,No,Fiber optic,No,Yes,No,No,No,Yes,Month-to-month,Yes,Electronic check,53.05,2832.1,Yes
QKON-21472,Male,0,No,No,18,Yes,No,Fiber optic,No,Yes,Yes,No,Yes,No,Two year,Yes,Mailed check,54.72,1007.26,No
CWJP-8BB4D,Female,0,No,No,42,Yes,No,Fiber optic,No,Yes,No,Yes,No,Yes,Two year,Yes,Mailed check,61.76,2624.87,No
JVKC-C0C03,Female,0,No,No,4,Yes,No,Fiber optic,No,No,Yes,Yes,No,Yes,Month-to-month,No,Electronic check,53.05,137.69,No
PYKD-3EB16,Female,0,Yes,Yes,22,Yes,Yes,Fiber optic,No,No,Yes,Yes,No,Yes,Month-to-month,Yes,Credit card (automatic),74.74,1640.1,Yes
GEWQ-2A607,Male,0,No,No,69,Yes,Yes,DSL,No,No,No,No,No,No,Month-to-month,Yes,Bank transfer (automatic),41.83,2864.43,No
EGWS-2D9DB,Male,0,Yes,No,66,Yes,Yes,No,No internet service,No internet service,No internet service,No internet service,No internet service,No internet service,Two year,Yes,Mailed check,24.4,1596.05,No
INNS-35342,Male,1,No,No,0,Yes,No,DSL,Yes,Yes,No,No,No,No,Month-to-month,Yes,Bank transfer (automatic),36.18,36.18,No
AYBX-0C584,Male,0,No,Yes,1,Yes,Yes,Fiber optic,No,No,No,No,No,No,Month-to-month,No,Bank transfer (automatic),65.58,56.82,Yes
MLNK-8D652,Male,0,Yes,No,5,Yes,No,DSL,No,No,No,No,No,No,Two year,No,Mailed check,41.87,222.44,No
JDEY-17DF2,Male,0,Yes,No,4,Yes,Yes,No,No internet service,No internet service,No internet service,No internet service,No internet service,No internet service,Two year,Yes,Mailed check,28.77,152.73,No
EJOY-324D0,Male,1,No,No,31,Yes,No,Fiber optic,No,No,Yes,No,No,Yes,Month-to-month,Yes,Mailed check,59.64,1769.59,No
JDEX-05E91,Female,0,Yes,Yes,11,Yes,Yes,Fiber optic,Yes,No,No,No,No,Yes,Month-to-month,No,Electronic check,72.75,786.77,No
MZKN-8A2DF,Male,0,No,No,39,Yes,No,DSL,No,No,No,Yes,Yes,No,One year,No,Bank transfer (automatic),49.38,1907.17,No
DVVT-57D2D,Female,0,Yes,Yes,5,Yes,No,No,No internet service,No internet service,No internet service,No internet service,No internet service,No internet service,One year,Yes,Electronic check,18.8,30.53,Yes
XRIO-0E50C,Male,0,Yes,No,1,Yes,No,DSL,No,Yes,Yes,Yes,No,No,One year,No,Electronic check,36.17,8.71,No
RQBT-ACD33,Male,0,No,No,34,Yes,No,Fiber optic,Yes,No,No,Yes,Yes,No,Month-to-month,No,Bank transfer (automatic),67.61,2224.92,No
YNLH-AC08F,Male,1,No,No,64,Yes,Yes,No,No internet service,No internet service,No internet service,No internet service,No internet service,No internet service,Two year,Yes,Electronic check,26.06,1659.14,No
HHWB-67C26,Female,0,Yes,No,8,Yes,No,DSL,No,No,No,No,No,Yes,Month-to-month,Yes,Credit card (automatic),39.18,328.42,No
DUQM-62EA5,Female,0,No,No,13,Yes,No,Fiber optic,Yes,No,Yes,No,No,No,Month-to-month,Yes,Electronic check,48.1,620.93,Yes
KSSL-4AA91,Female,1,No,No,61,Yes,Yes,DSL,No,Yes,Yes,Yes,No,No,Month-to-month,No,Electronic check,51.71,3128.63,No
MPYN-5821A,Female,0,No,Yes,43,Yes,No,Fiber optic,No,Yes,No,No,No,Yes,Month-to-month,No,Mailed check,56.13,2354.73,No
ZVPB-F74EB,Male,0,Yes,No,32,Yes,Yes,Fiber optic,No,No,No,No,No,Yes,Month-to-month,Yes,Mailed check,67.56,2129.65,Yes
THZL-8CA24,Female,1,Yes,No,48,No,No phone service,No,No internet service,No internet service,No internet service,No internet service,No internet service,No internet service,Month-to-month,Yes,Electronic check,22.37,1070.44,Yes
JYSJ-BB66E,Male,0,No,Yes,20,Yes,No,DSL,No,No,No,No,No,No,Two year,No,Credit card (automatic),34.57,756.4,No
ODSP-8BE56,Male,0,No,No,59,No,No phone service,Fiber optic,Yes,Yes,Yes,No,No,Yes,Month-to-month,No,Electronic check,59.65,3538.92,No
EQKI-B6774,Female,0,Yes,Yes,55,No,No phone service,No,No internet service,No internet service,No internet service,No internet service,No internet service,No internet service,Month-to-month,Yes,Mailed check,18.8,1091.73,Yes
DVCI-A2ABA,Female,0,No,Yes,7,Yes,Yes,No,No internet service,No internet service,No internet service,No internet service,No internet service,No internet service,Two year,Yes,Bank transfer (automatic),36.81,147.55,No
HAXI-C32CF,Female,0,Yes,No,53,Yes,No,DSL,No,No,No,Yes,No,Yes,Month-to-month,Yes,Bank transfer (automatic),52.18,2788.13,No
WTGX-A22D4,Female,0,Yes,No,1,Yes,No,DSL,No,No,No,No,No,Yes,Two year,Yes,Mailed check,34.4,0.0,Yes
TDHH-4AEEB,Female,0,No,No,9,Yes,Yes,Fiber optic,Yes,Yes,Yes,Yes,No,Yes,Month-to-month,Yes,Electronic check,74.28,635.03,No
FYOO-BCF99,Female,1,No,No,6,Yes,No,Fiber optic,No,No,Yes,No,Yes,Yes,Two year,Yes,Electronic check,71.05,376.12,No
TGIQ-15BF8,Female,0,Yes,No,8,No,No phone service,DSL,No,Yes,No,No,Yes,No,One year,Yes,Credit card (automatic),43.88,330.99,Yes
KLRO-086BE,Female,1,No,Yes,5,Yes,No,No,No internet service,No internet service,No internet service,No internet service,No internet service,No internet service,Two year,Yes,Credit card (automatic),33.99,109.07,No
ZPJL-2EDD5,Male,0,No,Yes,71,No,No phone service,Fiber optic,Yes,No,Yes,No,Yes,No,One year,Yes,Electronic check,64.03,4576.68,No
IWOS-77AD5,Female,0,No,No,61,Yes,No,DSL,Yes,No,No,No,No,No,Two year,No,Electronic check,33.27,2022.34,No
VGKX-FE5DE,Female,0,No,No,6,Yes,No,Fiber optic,No,Yes,No,No,Yes,Yes,Two year,No,Credit card (automatic),65.22,434.49,No
ZATZ-C3C17,Male,0,Yes,No,64,Yes,No,Fiber optic,Yes,Yes,Yes,No,Yes,No,Month-to-month,No,Credit card (automatic),53.26,3450.68,Yes
QLSG-9AA44,Female,0,Yes,No,4,Yes,No,Fiber optic,No,Yes,No,No,Yes,No,Two year,No,Bank transfer (automatic),57.1,270.0,No
GMPJ-643AD,Male,1,Yes,Yes,10,No,No phone service,Fiber optic,No,Yes,Yes,No,No,Yes,Two year,No,Mailed check,59.87,630.61,No
HWOE-50057,Male,0,No,No,34,Yes,Yes,DSL,No,No,No,Yes,Yes,No,One year,Yes,Electronic check,58.0,1910.99,No
UDVG-2BC91,Female,0,No,No,3,Yes,No,Fiber optic,No,No,No,No,No,Yes,Month-to-month,Yes,Mailed check,61.26,244.04,Yes
CKLZ-43F20,Male,0,Yes,No,3,Yes,Yes,No,No internet service,No internet service,No internet service,No internet service,No internet service,No internet service,Month-to-month,No,Credit card (automatic),29.88,112.35,No
KKQW-E4FA1,Male,0,Yes,Yes,67,Yes,No,Fiber optic,No,No,No,No,No,No,One year,Yes,Bank transfer (automatic),53.63,3646.01,No
YDPU-347E3,Male,0,Yes,No,15,Yes,No,Fiber optic,Yes,No,Yes,No,No,No,One year,No,Credit card (automatic),58.15,933.0,No
RLCS-D9226,Male,0,Yes,Yes,5,Yes,Yes,No,No internet service,No internet service,No internet service,No internet service,No internet service,No internet service,Two year,Yes,Credit card (automatic),29.05,151.96,Yes
NOGN-4ACA0,Female,0,No,No,41,Yes,No,DSL,No,No,Yes,No,No,Yes,Month-to-month,Yes,Mailed check,44.5,1852.98,No
ZAZA-811AB,Male,0,No,Yes,11,Yes,No,Fiber optic,No,No,No,Yes,Yes,No,One year,Yes,Electronic check,62.01,620.59,No
DZII-47263,Female,0,Yes,No,16,Yes,Yes,No,No internet service,No internet service,No internet service,No internet service,No internet service,No internet service,Two year,Yes,Credit card (automatic),26.21,435.35,No
BJRT-55CAD,Male,0,No,No,37,Yes,No,Fiber optic,No,No,No,No,No,No,Two year,Yes,Credit card (automatic),48.59,1821.27,Yes
XVYK-653BB,Male,0,No,No,67,Yes,No,No,No internet service,No internet service,No internet service,No internet service,No internet service,No internet service,Month-to-month,Yes,Mailed check,18.8,1219.91,No
UEMF-E429E,Male,1,No,No,1,Yes,Yes,DSL,Yes,No,No,No,Yes,No,Month-to-month,Yes,Credit card (automatic),50.18,69.88,Yes
XCID-48418,Male,0,Yes,Yes,10,Yes,No,Fiber optic,No,No,No,No,No,Yes,Month-to-month,Yes,Mailed check,58.48,608.15,No
BFAC-6DC10,Female,0,Yes,No,27,Yes,Yes,No,No internet service,No internet service,No internet service,No internet service,No internet service,No internet service,One year,Yes,Bank transfer (automatic),35.76,973.74,No
IQTV-52021,Female,0,Yes,No,9,Yes,No,DSL,No,Yes,Yes,No,Yes,Yes,Month-to-month,Yes,Electronic check,54.75,547.86,No
WGVO-87D01,Male,0,No,No,1,Yes,No,No,No internet service,No internet service,No internet service,No internet service,No internet service,No internet service,Month-to-month,No,Credit card (automatic),20.58,0.0,No
LKOT-945C3,Male,1,No,No,26,No,No phone service,DSL,No,No,No,No,Yes,Yes,Two year,Yes,Electronic check,49.01,1327.08,No
NOTS-74563,Female,0,No,No,66,Yes,Yes,No,No internet service,No internet service,No internet service,No internet service,No internet service,No internet service,Month-to-month,Yes,Bank transfer (automatic),36.49,2376.02,No
QFQT-F1C15,Male,0,Yes,No,2,Yes,Yes,No,No internet service,No internet service,No internet service,No internet service,No internet service,No internet service,Month-to-month,Yes,Electronic check,27.35,12.81,Yes
EEEB-D06BF,Male,0,Yes,No,6,Yes,Yes,Fiber optic,No,Yes,No,Yes,No,No,Two year,Yes,Electronic check,64.31,440.05,No
WDZQ-27E62,Male,0,Yes,No,6,No,No phone service,Fiber optic,No,No,No,No,Yes,Yes,Month-to-month,Yes,Bank transfer (automatic),71.06,439.07,No
WYZY-D7393,Female,0,No,Yes,66,Yes,No,Fiber optic,Yes,No,No,No,No,No,Two year,Yes,Bank transfer (automatic),41.85,2811.32,No
MRYH-4B09B,Female,0,Yes,Yes,52,Yes,No,No,No internet service,No internet service,No internet service,No internet service,No internet service,No internet service,Two year,Yes,Credit card (automatic),25.02,1276.26,No
OJVJ-B7080,Female,0,Yes,Yes,16,No,No phone service,Fiber optic,Yes,Yes,Yes,No,No,No,One year,No,Electronic check,46.62,726.26,No
YPJM-94464,Male,0,No,Yes,69,No,No phone service,No,No internet service,No internet service,No internet service,No internet service,No internet service,No internet service,One year,Yes,Electronic check,18.8,1222.75,No
TCVJ-826C4,Male,0,No,No,56,Yes,No,DSL,Yes,No,No,Yes,No,No,Month-to-month,No,Credit card (automatic),39.97,2231.61,No
DNEI-79AAD,Female,1,No,Yes,58,Yes,No,Fiber optic,Yes,Yes,No,No,Yes,No,Month-to-month,No,Electronic check,48.53,2770.87,No
BJAA-39ECA,Female,0,Yes,Yes,7,Yes,No,DSL,No,Yes,Yes,No,Yes,Yes,Month-to-month,Yes,Bank transfer (automatic),60.23,466.67,Yes
UEVX-17D7D,Female,0,No,No,68,Yes,No,DSL,Yes,Yes,No,Yes,No,No,Month-to-month,Yes,Bank transfer (automatic),39.37,2704.9,No
YMBI-37973,Female,0,Yes,No,27,Yes,No,Fiber optic,No,Yes,Yes,No,No,No,Month-to-month,Yes,Credit card (automatic),45.57,1152.59,Yes
HRAF-E1631,Male,1,No,No,6,Yes,No,Fiber optic,No,Yes,No,Yes,No,No,Month-to-month,No,Mailed check,54.08,309.73,Yes
KNEC-2AD25,Female,0,Yes,No,54,Yes,No,DSL,No,Yes,No,No,No,No,Two year,Yes,Electronic check,35.7,1983.23,No
IJGB-8554E,Male,1,Yes,Yes,0,Yes,Yes,Fiber optic,No,No,Yes,Yes,No,Yes,Two year,No,Electronic check,78.99,78.99,No
PKFU-E0EB1,Female,0,No,Yes,51,Yes,No,No,No internet service,No internet service,No internet service,No internet service,No internet service,No internet service,Two year,No,Electronic check,18.8,909.92,No
TCBC-79613,Male,0,No,No,56,Yes,No,Fiber optic,No,No,No,No,No,No,One year,Yes,Mailed check,42.1,2377.45,No
WZTC-DB82F,Female,0,No,No,36,Yes,No,DSL,No,Yes,Yes,Yes,No,No,One year,Yes,Mailed check,40.12,1424.82,No
LBFK-057F1,Female,0,Yes,No,40,Yes,No,No,No internet service,No internet service,No internet service,No internet service,No internet service,No internet service,One year,Yes,Credit card (automatic),20.98,867.08,No
OXUY-2CF57,Female,0,Yes,No,64,Yes,Yes,Fiber optic,No,No,No,No,Yes,No,Two year,Yes,Mailed check,66.35,4282.72,No
NMHZ-F6C6C,Female,0,No,Yes,39,Yes,No,DSL,Yes,No,No,No,Yes,No,Month-to-month,No,Mailed check,45.04,1860.32,No
PMDR-533F1,Male,0,No,No,23,Yes,No,No,No internet service,No internet service,No internet service,No internet service,No internet service,No internet service,Month-to-month,No,Credit card (automatic),19.94,397.56,Yes
UWAP-95A67,Female,0,No,Yes,26,Yes,No,DSL,Yes,No,Yes,No,No,No,Month-to-month,Yes,Mailed check,29.73,885.41,No
LUQJ-ECEB6,Male,0,No,No,68,Yes,No,DSL,No,No,No,No,No,Yes,Two year,No,Credit card (automatic),45.62,3182.37,No
UIHL-F9674,Male,0,No,No,1,No,No phone service,DSL,No,No,No,No,No,No,One year,No,Bank transfer (automatic),27.85,36.57,Yes
RJOJ-5F516,Male,0,No,No,6,Yes,No,Fiber optic,No,No,No,Yes,No,No,Month-to-month,No,Electronic check,49.22,363.6,No
NCHE-8BF6D,Male,0,Yes,No,53,Yes,Yes,Fiber optic,No,Yes,No,No,Yes,Yes,Two year,Yes,Mailed check,82.33,4328.23,No
FUOT-C848D,Female,0,Yes,No,58,Yes,No,Fiber optic,No,No,No,No,No,No,Month-to-month,No,Electronic check,50.28,2925.86,No
ZYEP-1AF0A,Male,0,Yes,No,21,Yes,No,Fiber optic,No,No,No,No,No,No,Two year,No,Electronic check,51.72,1040.8,No
YWKC-EE9F0,Male,1,Yes,No,66,Yes,Yes,Fiber optic,Yes,No,No,No,Yes,Yes,Month-to-month,Yes,Credit card (automatic),79.61,5346.15,No
QBYR-E9105,Male,0,No,No,20,No,No phone service,DSL,No,No,Yes,No,Yes,No,One year,No,Electronic check,46.34,924.57,No
TDWG-73770,Female,0,No,No,47,Yes,Yes,DSL,No,Yes,No,No,No,No,Two year,No,Credit card (automatic),46.03,2256.1,No
OUYI-EEF5D,Female,0,No,No,32,Yes,No,DSL,Yes,No,No,No,Yes,Yes,Month-to-month,No,Bank transfer (automatic),49.85,1567.6,Yes
OBHR-26C27,Female,1,Yes,No,52,Yes,Yes,Fiber optic,No,No,No,No,Yes,No,Two year,Yes,Credit card (automatic),63.77,3288.91,No
FNGZ-1FCDD,Female,0,Yes,Yes,62,Yes,No,No,No internet service,No internet service,No internet service,No internet service,No internet service,No internet service,Two year,Yes,Electronic check,18.8,1206.43,No
EYPZ-E9511,Male,0,Yes,No,6,Yes,Yes,DSL,Yes,No,No,No,No,No,Month-to-month,Yes,Mailed check,43.23,181.57,No
KVNM-39AFB,Male,1,No,No,0,Yes,No,No,No internet service,No internet service,No internet service,No internet service,No internet service,No internet service,Month-to-month,No,Credit card (automatic),18.8,18.8,No
PXLY-52621,Female,0,Yes,No,27,No,No phone service,DSL,No,No,Yes,No,Yes,Yes,Month-to-month,Yes,Bank transfer (automatic),53.87,1473.83,No
WUFV-14B4B,Male,0,No,No,67,Yes,Yes,No,No internet service,No internet service,No internet service,No internet service,No internet service,No internet service,One year,Yes,Bank transfer (automatic),30.17,1951.45,No
WBAY-8876B,Male,0,Yes,Yes,69,Yes,Yes,No,No internet service,No internet service,No internet service,No internet service,No internet service,No internet service,Month-to-month,Yes,Electronic check,32.84,2251.88,No
PEQR-16C92,Male,0,Yes,Yes,66,No,No phone service,Fiber optic,Yes,No,No,No,No,Yes,Month-to-month,No,Mailed check,47.1,3109.76,No
BPMY-8E372,Female,0,No,No,64,Yes,No,DSL,No,Yes,No,Yes,No,No,Month-to-month,Yes,Mailed check,37.82,2381.44,No
OEMI-218F3,Female,0,No,Yes,66,Yes,Yes,Fiber optic,Yes,No,Yes,No,No,No,Month-to-month,No,Credit card (automatic),62.2,4164.85,Yes
KFVK-F319A,Male,0,Yes,Yes,6,No,No phone service,DSL,Yes,No,No,No,Yes,No,Two year,No,Bank transfer (automatic),41.79,233.99,No
ZWWQ-56265,Female,1,No,Yes,21,Yes,No,Fiber optic,No,No,No,No,No,No,Month-to-month,Yes,Mailed check,43.19,951.74,Yes
AFNJ-F7FA0,Female,0,No,Yes,41,Yes,No,Fiber optic,No,No,No,No,No,Yes,One year,Yes,Mailed check,60.98,2530.07,Yes
FSOH-8E604,Female,0,No,No,6,Yes,Yes,Fiber optic,Yes,No,No,Yes,No,No,Month-to-month,No,Credit card (automatic),59.53,421.53,No
YTVX-1400D,Female,0,No,No,11,Yes,No,Fiber optic,Yes,No,No,No,No,No,One year,Yes,Bank transfer (automatic),53.82,602.79,No
YESN-1ED9B,Female,0,No,No,33,Yes,No,Fiber optic,Yes,Yes,No,No,Yes,Yes,Two year,Yes,Bank transfer (automatic),67.49,2121.47,No
KULZ-12F44,Male,0,Yes,No,26,Yes,Yes,No,No internet service,No internet service,No internet service,No internet service,No internet service,No internet service,Month-to-month,Yes,Mailed check,37.57,1078.11,No
UENH-3F31A,Female,0,No,Yes,18,No,No phone service,DSL,Yes,Yes,No,No,No,No,Month-to-month,No,Mailed check,44.86,828.33,No
WDSO-D2F9D,Male,0,Yes,Yes,4,Yes,No,No,No internet service,No internet service,No internet service,No internet service,No internet service,No internet service,Month-to-month,Yes,Mailed check,18.8,93.92,Yes
JYQD-EC486,Male,0,No,No,53,Yes,No,Fiber optic,Yes,No,No,No,No,No,Two year,Yes,Credit card (automatic),48.7,2596.84,No
OZXF-F7BC7,Female,0,Yes,No,26,Yes,Yes,DSL,No,No,No,No,No,Yes,Month-to-month,Yes,Electronic check,57.97,1446.45,Yes
LLWK-45361,Male,0,Yes,Yes,0,Yes,Yes,DSL,No,No,Yes,No,No,Yes,Month-to-month,No,Electronic check,47.86,47.86,Yes
CSCO-CB73E,Male,0,No,No,0,Yes,Yes,DSL,Yes,No,Yes,No,Yes,No,Month-to-month,Yes,Bank transfer (automatic),60.07,60.07,No
VPCA-52D34,Male,0,Yes,No,9,Yes,No,DSL,No,No,Yes,Yes,No,No,Month-to-month,Yes,Credit card (automatic),45.16,443.2,No
ZVFJ-8AEDF,Female,0,Yes,No,25,No,No phone service,Fiber optic,No,No,No,No,No,No,One year,No,Credit card (automatic),47.88,1211.99,No
BGOB-52E12,Female,1,No,Yes,64,Yes,Yes,Fiber optic,No,No,No,No,No,No,One year,No,Credit card (automatic),48.91,3110.5,No
FDOJ-E48AA,Male,0,No,No,10,No,No phone service,Fiber optic,No,Yes,No,No,No,Yes,Two year,Yes,Mailed check,63.6,646.39,No
UFNU-D9AD9,Female,0,No,Yes,27,Yes,Yes,DSL,No,Yes,No,Yes,No,No,Month-to-month,No,Credit card (automatic),52.93,1402.98,Yes
YDJC-17367,Female,0,Yes,No,28,No,No phone service,Fiber optic,No,No,Yes,No,Yes,No,Month-to-month,Yes,Mailed check,55.05,1534.63,Yes
QYWJ-5C186,Female,0,No,No,66,Yes,No,Fiber optic,No,No,No,No,No,No,Month-to-month,Yes,Mailed check,57.05,3710.72,Yes
EQIE-A2A26,Female,0,Yes,No,10,Yes,No,No,No internet service,No internet service,No internet service,No internet service,No internet service,No internet service,Month-to-month,No,Credit card (automatic),24.17,266.14,No
VFTS-E2BEC,Male,1,Yes,Yes,21,Yes,No,DSL,No,No,No,Yes,Yes,Yes,Two year,Yes,Bank transfer (automatic),46.98,933.09,No
EVCP-78808,Male,1,No,Yes,49,Yes,No,No,No internet service,No internet service,No internet service,No internet service,No internet service,No internet service,Month-to-month,Yes,Bank transfer (automatic),18.8,955.67,Yes
YLHZ-1787E,Female,0,No,No,14,Yes,No,DSL,No,Yes,Yes,Yes,Yes,No,Month-to-month,No,Electronic check,45.84,653.88,No
KZBT-933BA,Female,0,No,No,8,Yes,No,DSL,No,Yes,Yes,No,No,No,One year,Yes,Mailed check,36.17,273.8,No
PBPZ-077E4,Male,0,No,No,65,Yes,No,Fiber optic,No,Yes,No,No,No,No,Two year,No,Electronic check,52.95,3452.99,No
MSBU-DBABC,Male,0,Yes,No,63,No,No phone service,Fiber optic,No,No,No,No,No,Yes,One year,Yes,Electronic check,61.99,3953.25,No
XLLQ-3DCA4,Female,0,No,Yes,11,Yes,No,DSL,No,No,No,Yes,No,Yes,One year,Yes,Bank transfer (automatic),46.41,488.77,No
JLRU-AEFB5,Male,0,Yes,No,71,Yes,Yes,DSL,No,Yes,No,Yes,No,Yes,Month-to-month,No,Electronic check,57.81,4098.35,No
PLQV-580B7,Female,0,No,Yes,9,Yes,No,Fiber optic,No,No,No,No,No,Yes,Two year,No,Mailed check,67.91,604.26,No
LNFP-B5263,Female,0,No,Yes,1,No,No phone service,Fiber optic,No,No,No,No,No,No,Two year,Yes,Mailed check,49.9,51.66,Yes
JQCT-3EB49,Male,0,No,No,63,Yes,Yes,DSL,No,No,No,Yes,No,Yes,One year,Yes,Bank transfer (automatic),67.15,4307.12,No
CCYU-24364,Male,1,No,No,39,Yes,Yes,No,No internet service,No internet service,No internet service,No internet service,No internet service,No internet service,Month-to-month,Yes,Mailed check,32.88,1334.38,No
INEW-BC2BD,Female,0,No,No,32,Yes,No,Fiber optic,No,No,No,No,No,Yes,Month-to-month,Yes,Bank transfer (automatic),54.41,1809.46,No
ETJU-7C264,Female,0,No,No,60,Yes,Yes,DSL,No,No,No,No,No,No,Month-to-month,Yes,Electronic check,49.3,2931.59,No
GIJD-B8DB2,Male,0,Yes,No,5,Yes,Yes,Fiber optic,No,No,No,Yes,No,No,Month-to-month,Yes,Bank transfer (automatic),56.93,320.29,No
BKMG-C9B1D,Female,1,Yes,Yes,41,Yes,Yes,DSL,Yes,No,No,No,No,No,One year,Yes,Bank transfer (automatic),57.84,2492.94,No
FLLV-43552,Male,1,No,No,46,Yes,Yes,DSL,No,No,No,No,No,Yes,Two year,No,Mailed check,48.84,2243.37,No
EGMI-6B3EC,Female,0,No,No,34,Yes,No,No,No internet service,No internet service,No internet service,No internet service,No internet service,No internet service,One year,Yes,Electronic check,18.8,639.68,Yes
EIEH-5207B,Male,0,Yes,No,34,Yes,No,DSL,No,No,No,No,No,Yes,Two year,Yes,Bank transfer (automatic),45.27,1478.87,No
HWJX-38C0E,Male,0,Yes,No,64,Yes,No,Fiber optic,No,No,Yes,No,No,Yes,Two year,No,Mailed check,71.83,4671.46,No
JMQQ-0D9F7,Male,0,Yes,No,69,Yes,No,DSL,No,Yes,No,Yes,No,No,Month-to-month,Yes,Mailed check,40.04,2820.46,No
PLXV-E8C57,Female,0,No,No,8,Yes,No,DSL,Yes,Yes,Yes,Yes,Yes,Yes,Month-to-month,Yes,Credit card (automatic),52.56,413.53,No
TCSA-97777,Female,0,Yes,No,54,Yes,No,DSL,No,No,No,No,Yes,Yes,One year,Yes,Electronic check,61.74,3395.45,No
KLOT-8ADF1,Male,0,Yes,No,26,Yes,Yes,Fiber optic,Yes,Yes,No,No,No,No,One year,No,Mailed check,57.6,1490.13,No
SFFU-1DCFA,Female,0,No,Yes,34,Yes,No,Fiber optic,Yes,No,No,No,Yes,No,Month-to-month,Yes,Bank transfer (automatic),55.46,2005.77,Yes
WDXE-526B4,Male,0,No,No,59,Yes,No,DSL,Yes,Yes,No,No,Yes,No,Two year,No,Credit card (automatic),41.7,2371.23,No
VPQY-65F89,Male,1,Yes,Yes,23,Yes,No,Fiber optic,No,Yes,No,Yes,No,No,Two year,Yes,Credit card (automatic),53.67,1149.29,No
HFEF-3B0AF,Female,0,Yes,Yes,70,Yes,No,Fiber optic,No,No,Yes,No,No,No,Month-to-month,Yes,Bank transfer (automatic),56.78,4096.11,No
TKBV-0AA3B,Female,0,No,Yes,70,Yes,No,Fiber optic,Yes,No,Yes,No,No,No,Month-to-month,Yes,Credit card (automatic),50.9,3571.18,No
EFVZ-4EEC2,Male,0,Yes,Yes,3,Yes,No,DSL,Yes,No,No,No,No,No,Month-to-month,No,Electronic check,41.87,122.66,Yes
HRZV-63F45,Female,0,No,No,59,Yes,Yes,DSL,No,No,Yes,Yes,Yes,No,One year,No,Mailed check,53.86,3073.68,No
ZOGA-6F6B4,Female,0,No,No,25,Yes,No,No,No internet service,No internet service,No internet service,No internet service,No internet service,No internet service,One year,Yes,Credit card (automatic),18.8,412.47,No
UUPU-96BDD,Male,0,Yes,Yes,48,Yes,Yes,Fiber optic,No,No,No,No,No,No,Month-to-month,Yes,Electronic check,59.61,2797.44,Yes
FRAO-95FE0,Male,1,No,Yes,33,Yes,No,DSL,Yes,Yes,No,No,No,Yes,Month-to-month,No,Credit card (automatic),44.09,1352.43,No
FFXN-BCC12,Female,0,Yes,No,50,Yes,No,Fiber optic,No,Yes,Yes,Yes,No,Yes,Month-to-month,Yes,Electronic check,62.15,3071.17,No
KITE-53323,Male,0,Yes,Yes,66,Yes,No,DSL,Yes,Yes,No,No,No,No,Two year,No,Credit card (automatic),27.63,1808.26,No
OKLM-BD8AB,Male,0,No,No,7,Yes,Yes,DSL,No,Yes,No,Yes,No,No,One year,Yes,Mailed check,42.53,392.3,Yes
RDZE-6A63E,Female,0,No,Yes,11,Yes,Yes,DSL,No,Yes,No,Yes,No,No,One year,No,Electronic check,53.98,647.39,No
BGZS-1CF16,Male,0,Yes,Yes,14,Yes,No,Fiber optic,No,Yes,No,No,No,Yes,Two year,Yes,Credit card (automatic),60.63,891.53,No
MDFE-26734,Male,0,Yes,No,68,No,No phone service,Fiber optic,No,Yes,No,No,No,No,Two year,No,Bank transfer (automatic),56.81,3860.75,No
EUFX-8CA49,Female,0,Yes,No,9,Yes,Yes,DSL,No,No,Yes,No,Yes,Yes,Month-to-month,No,Credit card (automatic),59.94,485.76,Yes
HDGH-20F86,Female,0,Yes,No,3,Yes,Yes,No,No internet service,No internet service,No internet service,No internet service,No internet service,No internet service,Two year,No,Mailed check,32.52,36.9,No
YFKW-A6401,Male,0,No,Yes,9,Yes,No,Fiber optic,Yes,No,Yes,No,Yes,Yes,Month-to-month,No,Bank transfer (automatic),69.86,613.23,Yes
EUQL-C236E,Male,0,Yes,No,22,No,No phone service,No,No internet service,No internet service,No internet service,No internet service,No internet service,No internet service,Month-to-month,No,Mailed check,21.64,457.64,No
PWGW-1380D,Female,0,No,No,6,Yes,No,DSL,No,No,No,No,No,Yes,Month-to-month,No,Credit card (automatic),42.99,173.08,Yes
WOHC-98C92,Female,0,Yes,Yes,47,Yes,No,No,No internet service,No internet service,No internet service,No internet service,No internet service,No internet service,Two year,Yes,Mailed check,19.06,863.7,No
DUEY-1BF70,Female,0,No,Yes,33,Yes,No,Fiber optic,Yes,No,Yes,Yes,Yes,Yes,One year,Yes,Bank transfer (automatic),73.14,2380.37,No
WENZ-B0D2B,Female,0,No,Yes,61,Yes,No,Fiber optic,No,Yes,No,No,Yes,No,Two year,Yes,Electronic check,72.71,4388.26,Yes
QHLD-F348A,Male,1,No,No,7,Yes,No,No,No internet service,No internet service,No internet service,No internet service,No internet service,No internet service,One year,Yes,Bank transfer (automatic),18.8,110.35,No
NNPW-6DCFE,Female,0,Yes,Yes,36,Yes,Yes,Fiber optic,Yes,No,Yes,Yes,Yes,Yes,Month-to-month,Yes,Mailed check,79.69,2894.24,Yes
UGUT-4A48C,Female,0,Yes,No,10,Yes,Yes,Fiber optic,No,No,No,No,No,Yes,One year,No,Credit card (automatic),68.15,660.01,No
EIUL-F0BDE,Male,1,Yes,Yes,52,Yes,Yes,No,No internet service,No internet service,No internet service,No internet service,No internet service,No internet service,Two year,Yes,Mailed check,35.61,1824.69,No
EZKJ-5AA71,Female,0,No,Yes,24,Yes,Yes,DSL,No,No,No,No,No,No,Two year,No,Mailed check,44.25,1050.2,No
ZFCP-69E14,Male,0,No,Yes,55,Yes,No,DSL,No,No,No,No,Yes,Yes,Month-to-month,Yes,Credit card (automatic),47.4,2535.88,No
NUPJ-9F7EC,Female,0,No,No,65,No,No phone service,No,No internet service,No internet service,No internet service,No internet service,No internet service,No internet service,Month-to-month,Yes,Bank transfer (automatic),18.8,1208.93,No
HGUF-5394A,Female,0,No,Yes,41,Yes,No,Fiber optic,No,Yes,No,No,No,No,Month-to-month,No,Bank transfer (automatic),45.27,1799.3,No
YVYA-73EB5,Female,0,Yes,No,10,Yes,No,Fiber optic,Yes,No,Yes,No,No,No,Month-to-month,Yes,Bank transfer (automatic),50.42,538.34,Yes
OPMM-075DD,Male,0,No,No,5,Yes,Yes,DSL,No,No,Yes,Yes,No,Yes,Month-to-month,Yes,Mailed check,64.73,259.98,No
TAVK-6FD05,Male,0,No,No,61,Yes,No,DSL,No,No,No,No,No,Yes,One year,Yes,Bank transfer (automatic),46.44,2907.78,No
TOGN-D3BBE,Female,0,Yes,No,62,Yes,No,DSL,No,No,No,Yes,No,No,Two year,Yes,Bank transfer (automatic),37.07,2188.46,No
HFON-6CC3C,Male,1,Yes,No,69,Yes,No,DSL,Yes,No,Yes,No,No,No,One year,No,Bank transfer (automatic),32.04,2237.46,No
FKAI-F7B1A,Male,0,No,No,53,Yes,Yes,DSL,No,No,No,No,Yes,No,Month-to-month,Yes,Electronic check,48.02,2526.07,No
JTYN-17170,Male,1,Yes,No,8,Yes,No,Fiber optic,Yes,No,Yes,No,Yes,Yes,Month-to-month,Yes,Mailed check,60.04,526.17,Yes
QIFA-EDC05,Male,0,Yes,Yes,9,Yes,No,DSL,No,No,No,No,No,Yes,Month-to-month,No,Credit card (automatic),41.54,349.04,Yes
ZPDD-4F2EA,Male,0,No,Yes,32,Yes,No,Fiber optic,No,No,Yes,Yes,No,Yes,Month-to-month,Yes,Electronic check,58.13,1756.46,Yes
XVIV-24321,Male,0,No,No,9,Yes,Yes,Fiber optic,Yes,Yes,No,Yes,No,Yes,Two year,Yes,Credit card (automatic),73.14,595.02,Yes
EDJB-0F110,Female,0,Yes,No,27,Yes,No,No,No internet service,No internet service,No internet service,No internet service,No internet service,No internet service,Month-to-month,No,Electronic check,24.26,635.36,Yes
DNVT-91C0A,Female,0,Yes,No,59,Yes,Yes,Fiber optic,No,No,Yes,No,Yes,No,One year,Yes,Mailed check,69.31,4019.97,No
KWHQ-78FB6,Male,0,No,Yes,29,Yes,Yes,DSL,Yes,No,No,No,No,Yes,Month-to-month,No,Electronic check,51.06,1489.37,No
LSIE-7126C,Female,0,No,No,23,Yes,No,DSL,No,No,No,Yes,Yes,No,Two year,Yes,Bank transfer (automatic),46.78,1123.47,No
UGKD-C3CDB,Female,1,Yes,No,42,Yes,No,Fiber optic,No,Yes,Yes,No,Yes,No,Month-to-month,Yes,Credit card (automatic),69.87,2896.58,No
IYRQ-DE1EC,Female,0,No,No,63,Yes,Yes,DSL,No,Yes,Yes,No,Yes,Yes,Two year,No,Bank transfer (automatic),56.28,3569.65,No
FHTF-7BAE1,Female,0,No,No,6,Yes,No,No,No internet service,No internet service,No internet service,No internet service,No internet service,No internet service,One year,Yes,Electronic check,18.8,124.1,No
HZOG-45849,Male,0,No,No,19,Yes,No,Fiber optic,No,No,No,No,No,Yes,Month-to-month,Yes,Bank transfer (automatic),52.03,1019.95,Yes
LPEQ-E25B9,Female,0,Yes,Yes,16,No,No phone service,Fiber optic,No,Yes,No,Yes,Yes,Yes,Month-to-month,Yes,Electronic check,71.84,1116.63,Yes
RORP-1C706,Female,0,Yes,No,13,Yes,No,Fiber optic,No,Yes,No,Yes,Yes,Yes,Two year,No,Bank transfer (automatic),71.24,950.86,No
LCZF-57DBC,Male,0,No,No,52,Yes,No,DSL,No,No,Yes,No,Yes,Yes,Month-to-month,No,Credit card (automatic),43.25,2280.08,No
GVVM-80CF7,Male,0,Yes,No,11,Yes,Yes,Fiber optic,Yes,Yes,Yes,Yes,No,Yes,Two year,Yes,Mailed check,62.64,712.58,No
OMCQ-BEE7F,Female,1,No,No,7,Yes,No,DSL,Yes,No,Yes,No,Yes,No,One year,Yes,Bank transfer (automatic),41.55,333.96,Yes
NQPZ-B1168,Female,0,Yes,No,29,Yes,Yes,No,No internet service,No internet service,No internet service,No internet service,No internet service,No internet service,Month-to-month,No,Bank transfer (automatic),34.86,1007.7,No
RMNX-5787F,Female,0,Yes,Yes,10,Yes,No,Fiber optic,Yes,Yes,No,No,No,Yes,One year,Yes,Electronic check,56.0,531.61,Yes
ZNLP-26321,Female,0,Yes,Yes,58,Yes,Yes,Fiber optic,Yes,No,Yes,Yes,Yes,Yes,Month-to-month,Yes,Electronic check,70.95,4134.52,No
PAQL-5C8BB,Female,0,Yes,No,2,Yes,No,No,No internet service,No internet service,No internet service,No internet service,No internet service,No internet service,Month-to-month,No,Bank transfer (automatic),20.48,0.0,Yes
AFOZ-21FF2,Female,0,No,No,4,Yes,No,Fiber optic,No,No,No,Yes,Yes,No,One year,No,Electronic check,58.73,212.78,No
KQFI-6A464,Male,0,Yes,Yes,63,Yes,Yes,Fiber optic,Yes,No,Yes,No,No,Yes,Month-to-month,No,Mailed check,62.74,4054.83,No
TDFG-EF82C,Female,1,No,No,5,Yes,No,Fiber optic,Yes,No,No,No,No,No,Two year,No,Mailed check,47.67,203.91,Yes
MWJZ-C3B45,Female,0,No,No,2,Yes,Yes,Fiber optic,Yes,No,No,No,No,Yes,One year,Yes,Bank transfer (automatic),65.13,88.16,No
GRGQ-9CF0F,Male,0,Yes,Yes,8,Yes,No,Fiber optic,Yes,Yes,Yes,Yes,No,No,Month-to-month,Yes,Credit card (automatic),55.26,410.83,No
CNIQ-BD6E5,Male,1,No,Yes,58,No,No phone service,Fiber optic,No,No,Yes,Yes,No,No,Two year,Yes,Electronic check,56.1,3182.97,No
FJNR-D34F7,Male,0,Yes,Yes,15,Yes,Yes,DSL,Yes,No,No,No,No,No,Month-to-month,Yes,Electronic check,35.41,497.15,No
GZLZ-EE9CF,Male,0,No,No,58,Yes,No,No,No internet service,No internet service,No internet service,No internet service,No internet service,No internet service,Month-to-month,Yes,Electronic check,20.07,1144.03,No
GAIQ-81828,Female,0,No,No,40,No,No phone service,Fiber optic,No,No,No,Yes,No,Yes,Month-to-month,Yes,Bank transfer (automatic),64.96,2601.64,No
OQKK-ABC56,Female,0,Yes,No,46,Yes,No,DSL,No,Yes,No,Yes,Yes,Yes,One year,Yes,Electronic check,58.59,2704.56,No
INDL-38DF7,Female,0,Yes,No,45,Yes,No,No,No internet service,No internet service,No internet service,No internet service,No internet service,No internet service,Two year,Yes,Electronic check,18.8,880.53,No
BFCT-F820F,Female,0,No,No,69,Yes,No,No,No internet service,No internet service,No internet service,No internet service,No internet service,No internet service,Month-to-month,No,Electronic check,20.28,1361.03,No
ICEG-AE4A1,Female,0,No,No,2,Yes,No,Fiber optic,No,Yes,No,No,No,No,One year,Yes,Bank transfer (automatic),48.2,205.64,No
ABYP-C00D1,Female,0,Yes,No,63,No,No phone service,No,No internet service,No internet service,No internet service,No internet service,No internet service,No internet service,Month-to-month,No,Bank transfer (automatic),18.8,1127.09,No
ENPF-7A761,Male,0,No,No,72,Yes,No,No,No internet service,No internet service,No internet service,No internet service,No internet service,No internet service,Month-to-month,No,Electronic check,23.01,1639.94,No
LUQX-20829,Female,0,Yes,Yes,67,Yes,Yes,No,No internet service,No internet service,No internet service,No internet service,No internet service,No internet service,Two year,Yes,Credit card (automatic),35.95,2430.55,No
XIOR-2E3CA,Male,0,No,No,37,Yes,No,DSL,No,No,No,Yes,Yes,No,Month-to-month,No,Bank transfer (automatic),47.0,1712.52,Yes
DSFP-FFD78,Male,0,Yes,No,3,Yes,Yes,DSL,No,Yes,No,No,Yes,Yes,Month-to-month,No,Electronic check,60.9,178.72,No
HXMU-5B3B0,Female,0,No,Yes,3,Yes,Yes,Fiber optic,No,No,No,No,No,No,One year,Yes,Bank transfer (automatic),58.16,146.41,No
CJMS-50578,Male,0,Yes,No,5,Yes,No,No,No internet service,No internet service,No internet service,No internet service,No internet service,No internet service,One year,Yes,Mailed check,23.64,134.82,No
QGPQ-C8C3B,Female,0,No,No,59,No,No phone service,No,No internet service,No internet service,No internet service,No internet service,No internet service,No internet service,Two year,No,Bank transfer (automatic),19.66,1172.38,No
BCWM-99B32,Male,1,No,No,19,Yes,Yes,Fiber optic,No,Yes,No,No,Yes,Yes,Month-to-month,Yes,Mailed check,70.29,1410.15,Yes
BWFO-72612,Female,0,No,No,5,Yes,Yes,Fiber optic,Yes,Yes,No,No,No,Yes,One year,Yes,Mailed check,64.89,282.55,No
DVOY-639E8,Male,0,No,Yes,4,Yes,No,DSL,No,No,No,No,Yes,Yes,One year,Yes,Electronic check,45.11,159.96,No
AHYN-F80DC,Female,0,No,No,9,Yes,Yes,DSL,Yes,No,Yes,No,Yes,No,Two year,No,Credit card (automatic),47.91,435.44,No
SZFX-3F38C,Female,0,No,No,14,Yes,Yes,Fiber optic,No,No,No,No,Yes,No,One year,Yes,Credit card (automatic),70.81,905.95,No
CBWB-9F976,Female,0,No,No,11,Yes,No,No,No internet service,No internet service,No internet service,No internet service,No internet service,No internet service,Two year,No,Mailed check,24.82,342.04,No
QOND-ABB1B,Female,1,No,No,15,Yes,No,Fiber optic,No,Yes,Yes,No,No,No,Month-to-month,Yes,Mailed check,55.62,921.0,Yes
SEWN-7B884,Female,0,No,No,29,Yes,No,Fiber optic,No,No,No,No,No,Yes,Month-to-month,No,Electronic check,57.02,1645.11,No
YZDT-05F26,Male,0,No,Yes,52,Yes,No,No,No internet service,No internet service,No internet service,No internet service,No internet service,No internet service,Month-to-month,Yes,Electronic check,18.8,976.68,Yes
FSMP-F8B13,Male,0,Yes,No,11,Yes,No,DSL,Yes,No,Yes,Yes,Yes,No,Two year,Yes,Credit card (automatic),49.21,586.21,No
YWRJ-3DC39,Male,1,No,No,55,Yes,No,No,No internet service,No internet service,No internet service,No internet service,No internet service,No internet service,Month-to-month,Yes,Mailed check,18.8,1036.86,Yes
QMYD-41BAF,Female,0,Yes,No,0,Yes,Yes,Fiber optic,No,Yes,No,No,No,Yes,One year,Yes,Bank transfer (automatic),72.37,72.37,Yes
ODLC-AAD54,Male,1,No,No,8,Yes,No,Fiber optic,No,Yes,Yes,No,Yes,No,Month-to-month,No,Credit card (automatic),58.85,469.06,Yes
BKMT-C2485,Female,0,No,No,34,Yes,No,Fiber optic,No,No,No,No,Yes,No,Month-to-month,Yes,Mailed check,67.93,2384.09,No
AVTN-5D07C,Female,0,No,No,11,Yes,Yes,DSL,No,Yes,No,No,No,No,Month-to-month,Yes,Credit card (automatic),44.45,554.99,No
YGQE-15EB7,Male,0,Yes,Yes,43,Yes,No,Fiber optic,Yes,No,Yes,No,Yes,Yes,Month-to-month,No,Bank transfer (automatic),74.25,3090.53,Yes
HDHD-2B208,Male,0,Yes,No,31,Yes,No,DSL,Yes,Yes,No,No,No,Yes,Month-to-month,Yes,Electronic check,41.48,1408.17,No
HLDF-7B688,Female,0,No,No,22,Yes,No,DSL,No,No,No,No,Yes,Yes,One year,No,Electronic check,55.29,1237.29,No
GHLA-A9455,Male,0,Yes,Yes,18,Yes,No,Fiber optic,No,No,No,Yes,No,Yes,Month-to-month,Yes,Electronic check,58.05,1073.3,No
QTCK-07357,Female,0,Yes,Yes,69,Yes,Yes,DSL,Yes,No,Yes,Yes,Yes,Yes,Month-to-month,Yes,Electronic check,62.4,4291.0,No
IKTV-06D83,Female,0,No,No,60,Yes,No,Fiber optic,No,No,Yes,No,Yes,No,Month-to-month,Yes,Bank transfer (automatic),48.94,3032.17,No
PDAQ-8C5D6,Female,0,No,No,32,Yes,No,Fiber optic,No,No,No,No,No,No,One year,No,Electronic check,51.79,1613.11,No
TCCU-DF50F,Female,0,Yes,Yes,5,Yes,No,Fiber optic,Yes,No,Yes,No,No,Yes,One year,No,Mailed check,53.24,163.66,No
PGTX-4CC8A,Female,0,No,Yes,7,Yes,No,No,No internet service,No internet service,No internet service,No internet service,No internet service,No internet service,Two year,Yes,Electronic check,24.07,187.91,No
HYZZ-B057F,Male,0,Yes,Yes,54,Yes,Yes,DSL,No,No,No,Yes,Yes,Yes,Month-to-month,No,Bank transfer (automatic),77.83,4117.61,No
ONDU-51F30,Male,0,No,Yes,67,Yes,No,DSL,No,No,No,No,Yes,No,One year,Yes,Mailed check,44.46,2993.62,No
CLCV-85072,Female,0,Yes,No,56,Yes,Yes,Fiber optic,No,No,No,Yes,No,No,Two year,Yes,Electronic check,62.04,3523.54,No
ZHMA-230BF,Female,0,No,No,22,Yes,No,Fiber optic,No,No,Yes,No,No,Yes,One year,No,Bank transfer (automatic),57.88,1277.13,No
ZGUN-01860,Male,0,Yes,No,29,Yes,No,No,No internet service,No internet service,No internet service,No internet service,No internet service,No internet service,Month-to-month,No,Mailed check,24.72,706.21,No
YSNZ-FF4E8,Male,0,No,No,9,Yes,Yes,DSL,Yes,No,Yes,No,Yes,Yes,One year,No,Bank transfer (automatic),58.74,471.01,No
SWEL-246DD,Female,0,Yes,No,58,Yes,Yes,No,No internet service,No internet service,No internet service,No internet service,No internet service,No internet service,One year,Yes,Electronic check,31.91,1827.58,No
KINX-F32B4,Male,0,No,No,5,Yes,Yes,DSL,No,Yes,Yes,Yes,No,No,Two year,Yes,Credit card (automatic),49.08,187.91,No
FAKK-93BA7,Female,0,Yes,No,5,Yes,No,Fiber optic,No,No,No,No,No,Yes,Two year,Yes,Mailed check,54.25,379.11,No
ENRJ-48565,Male,0,Yes,No,63,No,No phone service,Fiber optic,Yes,No,No,Yes,No,No,Month-to-month,No,Bank transfer (automatic),54.36,3443.64,Yes
HSLM-A51D0,Female,0,No,No,0,Yes,No,DSL,No,No,No,No,No,No,Month-to-month,No,Credit card (automatic),29.17,29.17,No
OGFB-E65B0,Male,0,No,No,40,Yes,No,DSL,Yes,Yes,No,Yes,No,No,Month-to-month,Yes,Bank transfer (automatic),37.24,1582.41,Yes
OMOD-F3AB5,Female,0,Yes,No,31,Yes,No,Fiber optic,Yes,No,No,No,Yes,Yes,Month-to-month,Yes,Mailed check,61.24,1919.18,Yes
DHUX-E392B,Male,0,Yes,Yes,10,Yes,Yes,No,No internet service,No internet service,No internet service,No internet service,No internet service,No internet service,Month-to-month,Yes,Electronic check,23.82,236.6,Yes
KSRZ-75821,Male,0,Yes,Yes,62,Yes,No,DSL,No,No,No,No,No,No,One year,Yes,Mailed check,38.66,2422.33,No
NVNU-27950,Female,0,Yes,No,4,Yes,No,DSL,No,Yes,No,No,Yes,Yes,Month-to-month,No,Electronic check,42.85,186.37,No
BYPG-40F1C,Male,0,Yes,No,9,Yes,Yes,No,No internet service,No internet service,No internet service,No internet service,No internet service,No internet service,Month-to-month,No,Electronic check,31.24,322.63,No
GIHV-05443,Female,0,Yes,No,44,Yes,No,Fiber optic,No,Yes,Yes,No,Yes,No,One year,Yes,Electronic check,53.97,2443.08,No
XJKK-F5555,Male,1,No,No,57,Yes,No,DSL,No,No,Yes,No,No,Yes,One year,Yes,Credit card (automatic),48.72,2779.77,No
CPAF-34C9F,Female,0,No,Yes,60,Yes,No,Fiber optic,No,Yes,No,No,Yes,No,Two year,Yes,Electronic check,52.52,3186.71,No
JYBN-C8E50,Male,0,Yes,No,11,Yes,No,Fiber optic,No,Yes,No,Yes,No,No,Month-to-month,Yes,Mailed check,55.52,564.36,Yes
UBTT-D7E26,Female,0,No,No,3,Yes,No,No,No internet service,No internet service,No internet service,No internet service,No internet service,No internet service,Month-to-month,Yes,Mailed check,25.85,79.12,No
DTSU-C41E7,Male,0,No,Yes,39,Yes,Yes,DSL,Yes,Yes,Yes,No,No,No,Two year,Yes,Credit card (automatic),56.8,2235.35,No
CYZL-C014A,Female,0,Yes,No,58,Yes,No,No,No internet service,No internet service,No internet service,No internet service,No internet service,No internet service,Month-to-month,Yes,Mailed check,18.8,1095.83,No
DARU-BCC98,Male,0,Yes,No,6,Yes,Yes,DSL,No,No,No,No,No,No,Two year,Yes,Credit card (automatic),52.34,364.78,No
WJCT-4F6D0,Female,0,No,No,19,Yes,Yes,Fiber optic,Yes,No,Yes,No,No,Yes,Month-to-month,Yes,Mailed check,66.62,1195.36,No
RLMG-F6D60,Female,0,Yes,No,6,Yes,Yes,Fiber optic,No,Yes,No,No,No,No,One year,No,Bank transfer (automatic),54.89,413.84,No
WEHW-EE6C5,Female,1,Yes,No,70,Yes,No,Fiber optic,Yes,No,No,No,No,No,Month-to-month,No,Electronic check,51.71,3658.08,No
TNBK-74580,Male,0,No,No,5,Yes,Yes,DSL,No,Yes,No,No,Yes,No,Month-to-month,Yes,Bank transfer (automatic),50.77,217.16,No
DTJP-9867D,Female,0,No,No,32,No,No phone service,No,No internet service,No internet service,No internet service,No internet service,No internet service,No internet service,Month-to-month,Yes,Electronic check,18.8,651.33,No
ZGRZ-0C7F9,Male,0,Yes,No,11,Yes,Yes,Fiber optic,No,No,No,No,Yes,No,Month-to-month,No,Mailed check,64.5,688.81,Yes
VEDY-8823D,Female,0,No,No,70,Yes,No,DSL,Yes,No,No,No,Yes,No,Month-to-month,Yes,Electronic check,41.94,2919.09,No
HPIG-2EF15,Male,0,No,No,0,Yes,No,Fiber optic,Yes,Yes,No,No,No,Yes,Month-to-month,Yes,Electronic check,52.87,52.87,Yes
OJSG-0592D,Female,0,No,No,50,Yes,No,DSL,No,Yes,No,Yes,Yes,Yes,Two year,Yes,Electronic check,59.47,2960.42,No
ABNN-441A6,Male,0,No,No,38,Yes,No,DSL,No,No,No,Yes,Yes,No,Month-to-month,No,Bank transfer (automatic),40.83,1497.39,No
DKYG-E4245,Male,0,Yes,No,47,Yes,Yes,DSL,No,No,No,No,No,No,Month-to-month,Yes,Mailed check,42.66,2031.93,No
DPIS-7772B,Female,0,No,No,68,Yes,Yes,Fiber optic,No,No,No,Yes,No,No,Two year,Yes,Mailed check,68.43,4609.76,No
CSZT-75D47,Male,0,Yes,No,11,Yes,Yes,DSL,No,Yes,No,No,Yes,Yes,One year,Yes,Credit card (automatic),54.84,673.46,No
UXXC-E19EA,Male,0,Yes,No,11,Yes,Yes,No,No internet service,No internet service,No internet service,No internet service,No internet service,No internet service,One year,No,Electronic check,34.64,350.33,No
YIII-5A7B6,Female,1,Yes,Yes,31,Yes,No,Fiber optic,No,No,Yes,No,No,Yes,One year,Yes,Bank transfer (automatic),55.82,1684.3,No
IEOX-D47B9,Male,0,Yes,No,7,Yes,No,No,No internet service,No internet service,No internet service,No internet service,No internet service,No internet service,Two year,Yes,Mailed check,18.8,129.8,No
BPBD-A159A,Male,0,Yes,No,70,Yes,Yes,No,No internet service,No internet service,No internet service,No internet service,No internet service,No internet service,Two year,Yes,Credit card (automatic),30.96,2159.36,No
LCUY-EB6E7,Male,0,Yes,No,28,Yes,Yes,DSL,No,No,No,Yes,No,No,Month-to-month,No,Bank transfer (automatic),50.45,1299.21,Yes
DWIY-5D874,Female,0,Yes,No,72,Yes,Yes,DSL,No,Yes,Yes,No,Yes,No,Two year,No,Electronic check,50.76,3626.42,No
VBMJ-84A63,Male,0,No,No,62,Yes,No,DSL,No,Yes,No,No,No,Yes,Month-to-month,Yes,Mailed check,43.05,2588.4,Yes
FSGH-A5635,Female,0,Yes,No,0,Yes,Yes,No,No internet service,No internet service,No internet service,No internet service,No internet service,No internet service,Month-to-month,No,Bank transfer (automatic),33.66,33.66,No
SNZU-06494,Male,1,No,No,47,Yes,No,Fiber optic,No,No,Yes,No,No,No,One year,No,Mailed check,41.43,1929.92,Yes
ZHND-EEC50,Male,0,Yes,Yes,35,Yes,Yes,DSL,No,No,No,No,Yes,Yes,Month-to-month,No,Bank transfer (automatic),62.56,2197.92,No
SLZS-8FC70,Male,0,Yes,Yes,3,Yes,No,No,No internet service,No internet service,No internet service,No internet service,No internet service,No internet service,Month-to-month,No,Credit card (automatic),20.52,70.2,No
CLOA-2BC08,Female,0,Yes,No,11,Yes,No,Fiber optic,No,Yes,No,No,Yes,No,Month-to-month,No,Bank transfer (automatic),68.76,785.11,No
CSVW-9AE97,Male,0,Yes,Yes,3,Yes,Yes,Fiber optic,No,Yes,No,No,No,Yes,Month-to-month,Yes,Mailed check,64.77,200.35,Yes
TPVN-D0018,Male,0,No,No,11,Yes,No,DSL,Yes,Yes,No,No,Yes,No,Two year,No,Credit card (automatic),44.83,419.52,Yes
SFEW-CA760,Female,0,Yes,No,63,Yes,No,DSL,No,No,No,No,No,Yes,One year,Yes,Credit card (automatic),46.17,2954.68,No
EXIS-B43B1,Male,0,No,No,38,Yes,No,Fiber optic,No,No,No,No,Yes,Yes,Two year,Yes,Mailed check,63.37,2404.59,No
MXST-13443,Female,0,No,No,55,Yes,No,Fiber optic,No,No,No,No,No,No,Month-to-month,Yes,Credit card (automatic),46.18,2522.58,No
ZESP-93494,Female,0,Yes,No,1,Yes,No,Fiber optic,No,No,No,No,No,No,Two year,Yes,Credit card (automatic),49.52,125.85,No
SBBS-90E0F,Male,1,No,No,10,Yes,No,No,No internet service,No internet service,No internet service,No internet service,No internet service,No internet service,Month-to-month,Yes,Mailed check,21.08,175.71,No
SZYI-C3737,Female,0,Yes,No,18,Yes,No,DSL,No,Yes,No,No,Yes,Yes,Two year,Yes,Electronic check,52.32,884.04,No
WLCI-C8864,Male,0,No,Yes,58,No,No phone service,DSL,Yes,Yes,Yes,No,No,No,Month-to-month,Yes,Credit card (automatic),34.51,1932.42,No
PQXQ-FD166,Female,0,No,No,51,Yes,Yes,Fiber optic,No,No,No,No,Yes,No,One year,No,Electronic check,70.47,3613.8,No
AETJ-24421,Female,0,Yes,No,6,Yes,No,Fiber optic,No,Yes,No,No,Yes,No,One year,Yes,Credit card (automatic),53.67,179.28,No
TVMQ-ED0F1,Male,0,Yes,Yes,61,Yes,No,Fiber optic,No,No,Yes,No,Yes,No,Month-to-month,No,Bank transfer (automatic),60.42,3669.77,No
AKTC-446F5,Female,0,Yes,No,27,Yes,No,No,No internet service,No internet service,No internet service,No internet service,No internet service,No internet service,Month-to-month,Yes,Credit card (automatic),21.2,595.24,No
FDFD-967D9,Female,0,Yes,No,14,Yes,Yes,Fiber optic,No,Yes,No,No,No,No,Month-to-month,No,Electronic check,62.51,860.38,Yes
EJIV-42B61,Female,0,No,No,60,Yes,Yes,Fiber optic,Yes,No,Yes,No,Yes,No,One year,No,Electronic check,72.66,4427.79,No
RFWV-589A1,Female,0,Yes,Yes,13,Yes,No,Fiber optic,Yes,No,No,No,Yes,No,One year,Yes,Electronic check,63.96,823.66,No
IESB-8BF40,Female,1,Yes,No,0,Yes,No,Fiber optic,No,No,No,Yes,No,No,Month-to-month,No,Credit card (automatic),51.28,51.28,Yes
SABZ-DBD11,Male,0,Yes,No,52,Yes,Yes,No,No internet service,No internet service,No internet service,No internet service,No internet service,No internet service,Month-to-month,Yes,Bank transfer (automatic),32.35,1596.28,Yes
HAXB-8DB37,Female,0,No,No,16,Yes,Yes,Fiber optic,No,No,No,No,Yes,No,Month-to-month,Yes,Electronic check,63.13,1003.5,Yes
OTLH-CE708,Male,0,Yes,No,72,Yes,No,No,No internet service,No internet service,No internet service,No internet service,No internet service,No internet service,Month-to-month,Yes,Mailed check,28.04,2001.17,No
XZKD-9DF04,Female,0,No,No,13,Yes,Yes,Fiber optic,Yes,No,No,Yes,Yes,Yes,Two year,No,Credit card (automatic),74.94,879.9,No
MCXC-AEAC4,Male,0,No,Yes,72,Yes,No,DSL,No,No,Yes,No,No,Yes,Month-to-month,Yes,Mailed check,38.85,2735.18,Yes
VKBJ-58476,Male,0,No,No,64,Yes,Yes,DSL,No,Yes,No,No,Yes,No,Month-to-month,No,Credit card (automatic),55.03,3442.43,Yes
ISHT-4D502,Female,0,No,Yes,49,Yes,Yes,Fiber optic,No,Yes,Yes,Yes,Yes,Yes,One year,Yes,Electronic check,84.1,4083.4,No
UWFP-927BF,Female,0,Yes,Yes,59,Yes,Yes,Fiber optic,No,No,Yes,Yes,No,No,Two year,Yes,Bank transfer (automatic),61.84,3600.83,No
WCGL-29010,Female,0,Yes,Yes,3,Yes,Yes,DSL,Yes,Yes,No,Yes,Yes,No,Month-to-month,Yes,Mailed check,56.36,181.2,No
HTEZ-405B1,Male,0,No,No,49,Yes,No,Fiber optic,Yes,No,Yes,No,No,No,One year,No,Electronic check,59.55,2875.69,No
BWPI-CD580,Female,0,No,No,11,No,No phone service,DSL,No,No,Yes,Yes,No,No,Month-to-month,Yes,Credit card (automatic),33.86,413.24,Yes
HPFZ-F4638,Male,0,No,Yes,5,Yes,Yes,Fiber optic,Yes,No,No,No,No,Yes,One year,Yes,Mailed check,68.06,338.6,No
DKOP-93CBC,Male,0,Yes,No,0,Yes,No,No,No internet service,No internet service,No internet service,No internet service,No internet service,No internet service,Two year,Yes,Mailed check,18.8,18.8,No
MXKU-3388B,Male,0,Yes,Yes,50,Yes,Yes,DSL,No,Yes,No,No,Yes,No,Two year,Yes,Mailed check,47.63,2316.78,No
HWIN-E8AEF,Female,0,No,No,41,No,No phone service,DSL,No,Yes,No,No,Yes,Yes,One year,Yes,Electronic check,58.65,2372.86,No
MKFN-E7516,Female,0,Yes,No,29,No,No phone service,Fiber optic,No,No,Yes,No,No,No,Two year,No,Mailed check,47.23,1391.31,No
GZND-1DEC1,Male,0,Yes,No,8,Yes,Yes,Fiber optic,No,No,No,Yes,No,Yes,Two year,Yes,Bank transfer (automatic),66.42,484.13,No
CFTT-D12EE,Male,0,Yes,No,10,Yes,No,Fiber optic,Yes,No,No,No,No,Yes,Two year,No,Credit card (automatic),61.43,639.51,No
SCBB-BDA4C,Female,0,No,No,6,Yes,No,Fiber optic,No,No,No,Yes,Yes,Yes,Month-to-month,Yes,Credit card (automatic),68.3,434.26,Yes
BVXS-E975E,Male,0,Yes,No,9,Yes,No,No,No internet service,No internet service,No internet service,No internet service,No internet service,No internet service,Two year,No,Credit card (automatic),18.8,268.89,No
SEYB-93A66,Female,0,Yes,Yes,53,Yes,No,No,No internet service,No internet service,No internet service,No internet service,No internet service,No internet service,Month-to-month,Yes,Credit card (automatic),18.8,1068.7,No
RTJZ-7203B,Male,0,No,Yes,60,Yes,No,Fiber optic,No,No,No,Yes,Yes,No,Month-to-month,Yes,Mailed check,58.63,3477.91,No
OIMV-90076,Female,0,Yes,No,5,Yes,No,Fiber optic,Yes,Yes,No,Yes,No,No,Two year,Yes,Mailed check,54.14,195.97,No
WPTP-5A9B3,Male,0,No,No,34,Yes,Yes,DSL,No,No,No,No,Yes,No,Month-to-month,Yes,Electronic check,47.4,1616.25,No
QHUU-9F809,Female,0,No,No,55,Yes,No,DSL,No,Yes,No,Yes,No,Yes,Two year,Yes,Electronic check,49.7,2740.63,No
UCCH-D8FD8,Male,0,Yes,Yes,5,Yes,No,DSL,No,No,No,No,Yes,No,One year,Yes,Electronic check,35.37,196.68,No
RICK-9230B,Female,1,No,No,65,Yes,Yes,DSL,No,Yes,No,No,No,Yes,Month-to-month,Yes,Bank transfer (automatic),54.75,3556.02,No
XVJP-F945B,Female,0,No,Yes,9,Yes,Yes,No,No internet service,No internet service,No internet service,No internet service,No internet service,No internet service,Month-to-month,Yes,Electronic check,28.18,232.82,Yes
LVWA-B5845,Male,0,Yes,Yes,9,Yes,No,No,No internet service,No internet service,No internet service,No internet service,No internet service,No internet service,One year,No,Mailed check,19.88,232.41,Yes
IBUD-6325E,Male,1,Yes,No,11,Yes,Yes,No,No internet service,No internet service,No internet service,No internet service,No internet service,No internet service,Month-to-month,Yes,Mailed check,32.11,392.1,No
YJNZ-3F135,Female,1,No,No,22,Yes,No,Fiber optic,No,No,No,No,No,No,One year,Yes,Credit card (automatic),55.58,1213.16,No
AVWJ-DCCC9,Male,0,Yes,No,33,Yes,Yes,Fiber optic,No,Yes,No,No,No,No,Month-to-month,Yes,Mailed check,58.01,1980.93,Yes
CYPX-F2630,Female,0,No,No,68,Yes,No,Fiber optic,No,No,No,No,Yes,No,One year,No,Credit card (automatic),61.79,4179.21,No
ZYYW-A8F8A,Male,0,No,No,11,No,No phone service,No,No internet service,No internet service,No internet service,No internet service,No internet service,No internet service,One year,No,Electronic check,23.07,322.09,No
FTVR-730AA,Female,0,Yes,Yes,34,Yes,Yes,Fiber optic,Yes,Yes,No,No,Yes,No,One year,No,Electronic check,64.99,2169.59,No
UYMV-B4D09,Female,0,No,No,70,Yes,No,DSL,No,Yes,No,Yes,No,Yes,Month-to-month,Yes,Bank transfer (automatic),46.07,3178.44,No
YRYB-8CAE7,Female,0,Yes,No,19,No,No phone service,Fiber optic,Yes,Yes,No,Yes,Yes,No,One year,No,Bank transfer (automatic),50.65,976.95,No
RKWD-41B35,Female,0,No,No,4,Yes,No,Fiber optic,Yes,Yes,No,No,Yes,No,One year,Yes,Electronic check,60.69,287.49,No
VJDA-3E8F3,Female,1,Yes,No,36,Yes,No,Fiber optic,Yes,No,No,No,Yes,Yes,Month-to-month,Yes,Mailed check,67.35,2385.71,Yes
JEKO-C5CA4,Female,0,No,No,31,No,No phone service,Fiber optic,No,No,Yes,Yes,Yes,No,One year,Yes,Electronic check,58.79,1736.95,No
XLDZ-E0EFD,Male,0,No,No,4,Yes,Yes,Fiber optic,No,No,No,No,No,Yes,Month-to-month,No,Electronic check,75.87,318.91,Yes
GQNQ-9A8B8,Male,0,No,Yes,3,No,No phone service,DSL,Yes,Yes,No,No,No,No,Month-to-month,No,Credit card (automatic),35.27,26.45,No
AAYX-92C26,Male,0,No,Yes,43,Yes,Yes,DSL,No,Yes,No,No,No,No,Two year,Yes,Mailed check,47.61,2042.02,No
IAUN-58068,Female,0,No,No,57,Yes,Yes,Fiber optic,No,No,Yes,No,No,No,Month-to-month,No,Mailed check,52.67,2888.9,No
IVGD-8E60F,Female,0,Yes,No,72,Yes,No,DSL,No,No,Yes,Yes,No,Yes,Month-to-month,Yes,Bank transfer (automatic),48.27,3488.25,No
LEQI-F4883,Female,0,No,No,44,Yes,No,DSL,No,No,No,No,Yes,No,Month-to-month,No,Credit card (automatic),37.42,1664.4,No
MCQT-F548B,Female,0,No,No,5,Yes,No,No,No internet service,No internet service,No internet service,No internet service,No internet service,No internet service,One year,Yes,Electronic check,18.8,189.26,Yes
ZAGG-47D0D,Male,0,No,No,4,Yes,No,No,No internet service,No internet service,No internet service,No internet service,No internet service,No internet service,Two year,No,Electronic check,18.8,87.04,Yes
QPRD-B38A9,Male,1,No,No,5,Yes,No,DSL,Yes,No,No,No,Yes,Yes,Month-to-month,Yes,Mailed check,42.24,222.34,No
IKMB-B17A1,Female,0,Yes,No,20,No,No phone service,DSL,No,No,No,No,Yes,No,Month-to-month,No,Bank transfer (automatic),40.67,789.38,No
ZJAR-8AC7D,Male,0,Yes,Yes,63,Yes,No,Fiber optic,No,No,Yes,No,No,No,Month-to-month,Yes,Mailed check,44.22,2828.37,Yes
JOEQ-4BCDE,Male,0,Yes,No,59,Yes,Yes,No,No internet service,No internet service,No internet service,No internet service,No internet service,No internet service,One year,No,Bank transfer (automatic),33.85,1960.46,No
DDYJ-04D51,Female,0,No,No,59,Yes,No,Fiber optic,Yes,No,No,Yes,No,No,Month-to-month,Yes,Electronic check,55.92,3236.31,Yes
SFJA-97D53,Male,0,Yes,Yes,13,Yes,No,Fiber optic,No,No,Yes,No,No,No,Month-to-month,Yes,Electronic check,44.42,574.32,Yes
EFLC-6DCAE,Female,0,No,No,22,Yes,No,DSL,No,No,No,Yes,Yes,No,Month-to-month,Yes,Credit card (automatic),48.49,1007.48,No
UQWD-D4BE7,Male,0,Yes,No,1,No,No phone service,Fiber optic,No,No,No,Yes,Yes,No,Two year,Yes,Bank transfer (automatic),64.41,101.04,No
CJKY-F9F66,Female,1,Yes,No,59,Yes,Yes,Fiber optic,No,Yes,No,No,No,No,One year,Yes,Bank transfer (automatic),58.44,3389.98,No
VRNL-BC701,Female,0,Yes,No,18,Yes,No,DSL,No,No,No,No,Yes,No,Two year,Yes,Mailed check,44.11,788.81,No
DMPU-3CA05,Female,0,Yes,Yes,44,Yes,No,Fiber optic,No,No,No,No,Yes,No,One year,No,Electronic check,65.02,2862.05,No
HXXV-874C1,Female,0,No,No,10,Yes,Yes,Fiber optic,No,Yes,No,No,No,Yes,Two year,No,Electronic check,73.57,782.36,No
HDMH-36D8D,Male,0,Yes,No,43,Yes,Yes,No,No internet service,No internet service,No internet service,No internet service,No internet service,No internet service,One year,No,Credit card (automatic),31.72,1445.29,No
XXJW-EF539,Female,0,Yes,Yes,63,Yes,Yes,Fiber optic,No,No,No,Yes,Yes,No,Month-to-month,Yes,Electronic check,78.41,5072.79,No
YXOD-6B855,Female,0,Yes,No,51,Yes,No,Fiber optic,Yes,Yes,No,Yes,No,No,Month-to-month,No,Mailed check,55.24,2893.16,No
BHRG-F197D,Female,0,No,Yes,3,Yes,No,DSL,No,No,No,No,Yes,No,Month-to-month,No,Electronic check,46.73,40.22,Yes
XOQS-82637,Male,0,No,No,6,Yes,Yes,DSL,No,No,No,No,No,No,Month-to-month,No,Mailed check,44.13,261.69,Yes
PFGV-63BBD,Female,0,Yes,No,46,No,No phone service,No,No internet service,No internet service,No internet service,No internet service,No internet service,No internet service,Two year,No,Electronic check,21.38,1071.96,No
TZOH-D44DE,Male,0,No,No,59,Yes,Yes,Fiber optic,No,No,Yes,No,No,Yes,One year,Yes,Electronic check,72.21,4160.65,Yes
ISXU-0A2D1,Female,0,Yes,No,45,Yes,Yes,Fiber optic,Yes,No,Yes,No,No,No,Month-to-month,No,Electronic check,60.44,2783.15,Yes
ZEKG-D6B17,Male,0,Yes,No,17,Yes,Yes,Fiber optic,No,No,No,Yes,No,Yes,One year,Yes,Credit card (automatic),77.69,1272.26,No
XYFK-6981C,Male,0,No,Yes,9,Yes,No,No,No internet service,No internet service,No internet service,No internet service,No internet service,No internet service,Two year,Yes,Electronic check,21.42,194.63,No
FIVR-6E693,Female,0,Yes,No,58,Yes,No,DSL,No,No,No,Yes,Yes,No,Month-to-month,Yes,Mailed check,45.65,2765.15,No
EMOU-6E91B,Male,0,No,Yes,10,Yes,No,Fiber optic,No,Yes,No,Yes,No,Yes,Two year,No,Bank transfer (automatic),69.9,615.0,No
OKMH-99746,Female,0,Yes,Yes,11,Yes,No,Fiber optic,Yes,No,No,No,Yes,Yes,Two year,Yes,Mailed check,71.49,845.68,No
MMIP-3817C,Female,0,No,No,45,Yes,Yes,DSL,Yes,No,No,No,No,No,One year,No,Mailed check,55.12,2460.86,No
VSTB-5AC9D,Female,1,Yes,No,70,Yes,Yes,No,No internet service,No internet service,No internet service,No internet service,No internet service,No internet service,Two year,Yes,Mailed check,28.1,1943.02,No
HDCP-A4CB5,Male,0,No,No,6,Yes,Yes,No,No internet service,No internet service,No internet service,No internet service,No internet service,No internet service,Two year,Yes,Credit card (automatic),30.7,242.37,No
GTRE-4782F,Male,1,No,Yes,42,Yes,Yes,DSL,No,Yes,No,Yes,Yes,Yes,Two year,Yes,Mailed check,71.66,3007.94,No
KJBW-3F7D2,Female,1,Yes,No,63,Yes,No,Fiber optic,No,No,No,No,No,No,Month-to-month,Yes,Electronic check,53.45,3386.37,No
EUVO-0F6ED,Female,0,No,No,15,Yes,No,DSL,No,No,No,No,Yes,No,Month-to-month,Yes,Electronic check,45.29,671.42,No
WRRN-06BC8,Male,0,Yes,Yes,70,Yes,Yes,Fiber optic,Yes,Yes,No,Yes,Yes,No,Month-to-month,No,Mailed check,80.66,5671.76,No
SAMN-E4352,Female,1,No,No,8,Yes,Yes,Fiber optic,No,No,Yes,Yes,No,Yes,Month-to-month,No,Electronic check,71.35,608.03,Yes
OQUZ-1343D,Female,0,Yes,Yes,29,Yes,Yes,Fiber optic,No,Yes,No,Yes,Yes,No,Month-to-month,No,Credit card (automatic),72.09,1982.76,No
DAWY-3588F,Female,0,Yes,No,3,Yes,No,DSL,Yes,Yes,No,No,Yes,No,Month-to-month,Yes,Credit card (automatic),51.33,287.25,No
KAKO-88EC4,Male,0,No,No,68,Yes,No,Fiber optic,Yes,No,No,No,Yes,No,Month-to-month,Yes,Electronic check,54.39,3760.17,No
JRKL-24BDC,Male,0,Yes,No,1,Yes,No,DSL,No,No,No,Yes,Yes,No,Month-to-month,Yes,Mailed check,47.19,7.87,Yes
IDEK-8EE0B,Male,0,No,Yes,0,Yes,No,Fiber optic,No,No,Yes,Yes,Yes,No,Two year,Yes,Bank transfer (automatic),59.2,59.2,No
HFOA-58497,Female,0,Yes,Yes,29,Yes,Yes,DSL,No,No,Yes,No,No,Yes,Two year,No,Electronic check,53.09,1569.68,No
UEBN-4B19F,Female,0,Yes,Yes,7,Yes,No,Fiber optic,No,No,Yes,No,Yes,Yes,Two year,Yes,Bank transfer (automatic),64.79,507.52,No
CHVN-23CD5,Female,0,No,Yes,57,Yes,No,No,No internet service,No internet service,No internet service,No internet service,No internet service,No internet service,Two year,Yes,Mailed check,21.53,1198.46,No
MUEF-C2C7F,Male,1,No,Yes,2,Yes,No,DSL,No,Yes,No,No,No,Yes,Two year,Yes,Bank transfer (automatic),43.43,45.53,Yes
AYFA-B8D11,Female,0,Yes,No,2,Yes,Yes,Fiber optic,No,Yes,No,Yes,Yes,No,Two year,Yes,Credit card (automatic),70.39,110.23,No
OWKU-ED8B8,Female,0,Yes,Yes,11,Yes,No,Fiber optic,No,Yes,No,No,No,Yes,Month-to-month,Yes,Mailed check,56.6,584.95,No
RONL-ACE91,Female,0,Yes,No,70,Yes,No,No,No internet service,No internet service,No internet service,No internet service,No internet service,No internet service,Month-to-month,Yes,Electronic check,18.8,1264.91,No
PIAB-9F871,Female,0,Yes,No,16,Yes,No,Fiber optic,No,Yes,No,No,No,No,One year,Yes,Electronic check,43.08,591.96,Yes
RBVV-F424C,Male,0,Yes,Yes,69,Yes,Yes,DSL,No,Yes,No,No,No,Yes,One year,No,Credit card (automatic),53.35,3672.41,Yes
FXEB-3C95A,Male,1,Yes,No,34,Yes,Yes,DSL,No,Yes,No,No,No,No,Month-to-month,Yes,Electronic check,41.77,1459.96,No
QONC-48271,Female,0,No,Yes,7,Yes,No,No,No internet service,No internet service,No internet service,No internet service,No internet service,No internet service,Two year,No,Credit card (automatic),19.65,152.48,No
UCCQ-3553C,Male,0,No,No,55,Yes,No,No,No internet service,No internet service,No internet service,No internet service,No internet service,No internet service,Month-to-month,No,Bank transfer (automatic),18.8,1034.0,No
RGRS-89E76,Male,0,Yes,No,69,Yes,No,Fiber optic,No,No,No,No,Yes,No,Month-to-month,No,Electronic check,57.43,4073.7,Yes
OVSB-7B3FC,Female,0,Yes,Yes,37,Yes,No,Fiber optic,No,No,Yes,No,No,No,One year,No,Mailed check,47.13,1819.21,No
WCPN-AD58A,Female,1,Yes,No,69,Yes,Yes,Fiber optic,No,No,No,Yes,No,Yes,Two year,No,Bank transfer (automatic),73.91,5217.39,No
TUIZ-07907,Male,0,No,Yes,65,No,No phone service,Fiber optic,Yes,No,Yes,No,No,No,Two year,No,Bank transfer (automatic),46.17,3025.77,No
PPDH-3A59B,Female,0,No,No,6,Yes,Yes,DSL,No,No,Yes,No,Yes,Yes,Two year,No,Electronic check,61.75,323.39,Yes
UEXE-003D3,Male,0,No,No,4,Yes,No,No,No internet service,No internet service,No internet service,No internet service,No internet service,No internet service,Month-to-month,Yes,Bank transfer (automatic),18.8,63.62,Yes
SKBL-07884,Female,1,No,Yes,64,No,No phone service,DSL,Yes,Yes,Yes,No,No,No,Two year,No,Credit card (automatic),34.77,2362.84,No
TPGL-1EC4A,Male,0,No,No,38,Yes,No,Fiber optic,Yes,Yes,No,No,Yes,No,Two year,No,Bank transfer (automatic),51.37,1901.21,No
RPBW-FFFEB,Female,0,Yes,Yes,1,Yes,Yes,Fiber optic,No,Yes,No,No,No,No,Month-to-month,No,Mailed check,54.28,114.25,Yes
BMGF-DD8B2,Male,0,Yes,Yes,10,Yes,No,Fiber optic,No,Yes,Yes,No,Yes,No,Month-to-month,Yes,Bank transfer (automatic),51.59,478.04,No
FWLO-73DCA,Male,1,No,Yes,64,Yes,Yes,DSL,Yes,Yes,No,No,No,No,Two year,No,Mailed check,47.03,2960.36,No
JQYQ-74859,Male,0,Yes,No,8,Yes,No,Fiber optic,No,Yes,No,No,No,Yes,Month-to-month,Yes,Bank transfer (automatic),64.17,549.18,Yes
BEUJ-687C3,Female,0,No,No,3,Yes,Yes,Fiber optic,No,No,Yes,Yes,Yes,Yes,Month-to-month,Yes,Electronic check,83.62,300.63,No
TFJP-E3911,Male,0,No,No,67,Yes,No,DSL,No,No,No,No,No,No,Two year,Yes,Credit card (automatic),33.67,2250.22,No
TSJQ-6464D,Male,0,No,No,58,Yes,No,No,No internet service,No internet service,No internet service,No internet service,No internet service,No internet service,Two year,Yes,Mailed check,18.8,1017.22,No
KINT-4F7AF,Female,0,Yes,Yes,34,No,No phone service,No,No internet service,No internet service,No internet service,No internet service,No internet service,No internet service,One year,No,Mailed check,18.8,661.25,No
LFTA-7F6A8,Female,0,No,No,28,Yes,Yes,Fiber optic,No,No,No,Yes,Yes,No,Month-to-month,Yes,Bank transfer (automatic),63.13,1763.46,No
FINC-66D1D,Male,1,No,No,47,Yes,No,Fiber optic,No,Yes,Yes,Yes,Yes,Yes,One year,No,Bank transfer (automatic),74.64,3423.65,No
KQOH-E30C9,Male,0,No,No,8,Yes,Yes,Fiber optic,No,No,No,Yes,No,Yes,One year,Yes,Electronic check,72.89,560.1,No
XLAA-63E1E,Female,1,No,No,3,Yes,Yes,Fiber optic,No,No,No,No,Yes,No,Month-to-month,No,Electronic check,74.12,250.81,Yes
FDHD-65880,Female,0,No,No,58,No,No phone service,No,No internet service,No internet service,No internet service,No internet service,No internet service,No internet service,Month-to-month,Yes,Bank transfer (automatic),18.8,1066.86,Yes
DEFC-58457,Female,0,Yes,Yes,8,Yes,No,Fiber optic,No,No,No,No,No,Yes,Two year,Yes,Mailed check,44.76,307.79,No
OIFK-07F61,Female,0,Yes,Yes,49,Yes,Yes,Fiber optic,No,No,Yes,Yes,No,No,Month-to-month,Yes,Mailed check,60.17,2996.92,No
SDFD-EF99A,Female,0,Yes,No,4,Yes,No,DSL,No,Yes,Yes,Yes,No,Yes,Month-to-month,Yes,Bank transfer (automatic),47.34,187.09,Yes
POZT-16F63,Male,1,Yes,No,11,Yes,No,Fiber optic,No,No,No,No,Yes,No,One year,No,Bank transfer (automatic),59.47,726.74,Yes
WQOK-166E4,Female,0,No,No,4,Yes,No,Fiber optic,No,Yes,Yes,No,No,No,Two year,No,Electronic check,54.14,246.05,No
DLZM-6AA4F,Male,0,No,No,67,Yes,No,Fiber optic,No,No,Yes,Yes,Yes,No,One year,No,Credit card (automatic),60.6,4168.17,No
PBKX-699BD,Male,0,Yes,Yes,16,Yes,No,Fiber optic,No,No,No,No,No,Yes,Month-to-month,Yes,Electronic check,68.67,1084.33,Yes
DNND-A1752,Male,0,Yes,No,72,Yes,No,DSL,Yes,No,Yes,No,Yes,No,Month-to-month,No,Bank transfer (automatic),37.81,2690.54,No
VGGW-E04BC,Female,0,Yes,No,6,Yes,No,Fiber optic,Yes,No,No,No,Yes,Yes,Month-to-month,Yes,Credit card (automatic),66.21,413.7,No
ZOAW-21A90,Male,0,No,No,44,Yes,Yes,No,No internet service,No internet service,No internet service,No internet service,No internet service,No internet service,Two year,Yes,Mailed check,26.23,1118.81,No
EPGR-69755,Male,1,Yes,No,53,Yes,Yes,Fiber optic,No,No,Yes,No,No,Yes,One year,Yes,Mailed check,78.84,4177.46,No
SNPP-3E9BE,Female,0,Yes,No,26,Yes,No,Fiber optic,Yes,No,No,No,Yes,Yes,Month-to-month,Yes,Bank transfer (automatic),69.79,1763.86,No
YRUM-B5B1E,Male,0,Yes,No,3,Yes,No,Fiber optic,No,Yes,Yes,Yes,No,No,Month-to-month,Yes,Electronic check,46.54,159.71,No
GRAE-FD32D,Male,0,Yes,No,67,Yes,No,Fiber optic,No,Yes,Yes,Yes,No,Yes,Month-to-month,Yes,Mailed check,59.68,3992.64,No
ZERH-B6258,Female,1,No,No,1,No,No phone service,DSL,No,No,No,Yes,Yes,Yes,Month-to-month,No,Bank transfer (automatic),62.54,43.96,No
UAYQ-EE21C,Male,0,Yes,Yes,38,No,No phone service,DSL,Yes,No,No,No,No,No,Month-to-month,Yes,Electronic check,46.47,1770.58,No
EDMX-C835B,Male,0,Yes,No,38,Yes,Yes,Fiber optic,No,No,No,No,No,No,Two year,Yes,Electronic check,57.09,2094.42,Yes
ENAI-3AE2C,Male,0,Yes,Yes,40,Yes,Yes,DSL,No,No,Yes,Yes,Yes,Yes,Month-to-month,Yes,Credit card (automatic),61.32,2394.46,No
RZXC-B914E,Female,0,No,No,8,No,No phone service,Fiber optic,No,No,No,No,No,No,Two year,No,Electronic check,44.96,405.15,No
OIIV-429F2,Female,0,No,Yes,11,Yes,No,Fiber optic,No,No,No,No,Yes,No,Two year,Yes,Electronic check,61.34,676.59,Yes
GMFQ-424EE,Female,1,Yes,No,68,Yes,Yes,DSL,No,Yes,No,No,Yes,Yes,Two year,Yes,Electronic check,66.35,4487.2,No
NKVF-AAB3B,Male,0,Yes,No,7,Yes,No,DSL,No,No,No,No,Yes,Yes,Month-to-month,Yes,Bank transfer (automatic),50.59,268.24,No
PWEP-D4B1B,Male,0,No,Yes,63,Yes,No,No,No internet service,No internet service,No internet service,No internet service,No internet service,No internet service,Month-to-month,No,Electronic check,22.06,1415.72,No
PFBT-370F8,Female,0,Yes,Yes,17,Yes,No,No,No internet service,No internet service,No internet service,No internet service,No internet service,No internet service,Two year,Yes,Bank transfer (automatic),23.41,356.76,No
YEFP-9CED2,Male,0,No,No,45,Yes,Yes,Fiber optic,No,No,No,Yes,Yes,No,Month-to-month,No,Electronic check,68.73,3029.0,Yes
IXOW-907DA,Male,0,Yes,No,1,Yes,No,Fiber optic,No,Yes,Yes,No,No,Yes,Month-to-month,No,Electronic check,69.56,0.0,No
DFWZ-C19DA,Female,0,Yes,Yes,6,Yes,Yes,DSL,No,Yes,Yes,No,Yes,No,Month-to-month,Yes,Bank transfer (automatic),58.27,337.44,No
PMGH-B116C,Female,0,No,Yes,13,Yes,Yes,DSL,No,Yes,Yes,Yes,No,No,Two year,No,Mailed check,52.86,726.83,No
RPNC-51CC4,Male,0,No,No,37,No,No phone service,No,No internet service,No internet service,No internet service,No internet service,No internet service,No internet service,Two year,Yes,Bank transfer (automatic),21.27,797.32,No
HIXM-C7B84,Male,0,No,No,59,Yes,Yes,No,No internet service,No internet service,No internet service,No internet service,No internet service,No internet service,Month-to-month,No,Electronic check,29.18,1691.2,No
WSUY-31956,Male,0,Yes,Yes,11,Yes,No,Fiber optic,Yes,No,No,No,No,No,One year,Yes,Bank transfer (automatic),52.69,598.15,Yes
GKKJ-B9719,Female,1,Yes,No,8,Yes,No,DSL,No,No,No,No,Yes,Yes,Month-to-month,Yes,Credit card (automatic),52.22,422.52,Yes
EIKD-64DD0,Female,0,Yes,No,0,Yes,No,Fiber optic,No,Yes,No,No,No,Yes,Month-to-month,Yes,Electronic check,56.72,56.72,No
PQJM-C6154,Female,0,No,Yes,60,Yes,No,Fiber optic,No,Yes,No,No,No,Yes,Two year,Yes,Electronic check,59.52,3633.73,No
JFDZ-2BB9E,Female,0,No,No,34,Yes,Yes,No,No internet service,No internet service,No internet service,No internet service,No internet service,No internet service,Month-to-month,No,Credit card (automatic),23.71,876.76,No
AHEP-AE63E,Male,0,Yes,Yes,21,No,No phone service,Fiber optic,Yes,Yes,No,No,No,No,Month-to-month,No,Bank transfer (automatic),53.93,1118.25,No
RTLL-6B3F2,Female,0,No,Yes,9,Yes,No,DSL,No,No,Yes,No,Yes,No,Month-to-month,Yes,Electronic check,48.24,395.96,No
LIQR-EC33E,Female,0,No,Yes,64,Yes,No,DSL,No,Yes,No,No,No,No,Two year,Yes,Electronic check,22.95,1463.89,No
MCVQ-0C99D,Female,0,Yes,No,19,Yes,Yes,DSL,No,Yes,No,No,Yes,Yes,Month-to-month,Yes,Credit card (automatic),73.65,1334.62,Yes
MLQF-2D384,Female,0,No,No,54,Yes,Yes,DSL,No,No,No,No,No,No,Month-to-month,No,Mailed check,49.29,2641.8,Yes
FPUL-232E5,Female,0,Yes,No,5,Yes,No,DSL,Yes,No,Yes,Yes,No,Yes,Month-to-month,No,Electronic check,44.16,220.5,No
JBLX-6A22B,Male,0,Yes,Yes,5,Yes,No,Fiber optic,No,Yes,No,No,Yes,No,Two year,Yes,Bank transfer (automatic),54.97,237.81,No
BLIA-8F1D8,Male,0,No,Yes,22,Yes,Yes,DSL,No,No,No,No,No,No,Month-to-month,Yes,Mailed check,47.4,1079.17,No
SCWA-EA509,Female,0,Yes,No,28,Yes,Yes,No,No internet service,No internet service,No internet service,No internet service,No internet service,No internet service,Month-to-month,Yes,Bank transfer (automatic),38.47,1085.25,No
CPUG-33313,Male,0,Yes,Yes,55,No,No phone service,Fiber optic,No,No,Yes,Yes,No,No,One year,No,Electronic check,53.24,2961.29,No
RHUV-C85E3,Female,0,No,No,59,Yes,No,No,No internet service,No internet service,No internet service,No internet service,No internet service,No internet service,Month-to-month,Yes,Electronic check,21.16,1359.35,No
MLTO-CE6D2,Female,0,No,No,10,Yes,No,DSL,Yes,Yes,Yes,No,Yes,No,One year,No,Mailed check,39.97,452.25,No
XEWK-F27E0,Male,0,No,No,51,Yes,Yes,No,No internet service,No internet service,No internet service,No internet service,No internet service,No internet service,Month-to-month,No,Bank transfer (automatic),33.94,1639.72,No
GCIK-9422F,Male,0,No,Yes,41,Yes,Yes,Fiber optic,No,No,No,Yes,No,No,Two year,No,Electronic check,67.1,2680.2,No
YFFB-FBC4A,Female,1,Yes,No,11,Yes,Yes,DSL,Yes,No,No,Yes,No,Yes,One year,Yes,Electronic check,59.9,627.53,No
BRPI-BA720,Female,0,No,Yes,6,Yes,Yes,Fiber optic,No,No,Yes,No,Yes,Yes,Two year,No,Bank transfer (automatic),72.02,411.77,No
YHHR-46B9A,Female,0,No,No,8,Yes,Yes,DSL,No,No,Yes,Yes,No,Yes,Month-to-month,Yes,Electronic check,57.37,467.65,No
ALMQ-22CAC,Male,0,Yes,No,49,Yes,No,DSL,No,No,No,No,No,No,Month-to-month,Yes,Mailed check,44.0,2121.76,No
HZHQ-2E5C5,Female,0,No,No,54,Yes,Yes,Fiber optic,No,No,No,No,Yes,No,One year,Yes,Mailed check,78.09,4145.12,No
ULBE-A3484,Female,1,Yes,No,70,Yes,No,Fiber optic,Yes,Yes,No,Yes,No,Yes,Two year,Yes,Electronic check,67.15,4735.79,No
DQRT-F163E,Female,0,Yes,No,7,Yes,Yes,No,No internet service,No internet service,No internet service,No internet service,No internet service,No internet service,Two year,Yes,Credit card (automatic),32.41,205.17,No
OCRB-4B8C9,Male,0,No,Yes,0,Yes,Yes,No,No internet service,No internet service,No internet service,No internet service,No internet service,No internet service,Two year,Yes,Mailed check,20.28,20.28,No
VOBB-C0604,Female,0,No,Yes,2,Yes,Yes,Fiber optic,No,No,Yes,No,Yes,No,Month-to-month,Yes,Mailed check,69.43,170.65,No
PEMZ-114D6,Female,0,Yes,No,50,Yes,No,No,No internet service,No internet service,No internet service,No internet service,No internet service,No internet service,Month-to-month,Yes,Bank transfer (automatic),18.8,865.6,No
QATB-B2D42,Male,0,Yes,No,21,Yes,Yes,DSL,No,Yes,No,No,Yes,Yes,One year,Yes,Electronic check,55.52,1093.95,No
IAEP-45C16,Female,0,No,No,30,Yes,No,DSL,No,Yes,No,No,No,Yes,Month-to-month,No,Credit card (automatic),44.57,1373.53,No
EMIB-1D0CE,Female,1,Yes,No,9,Yes,Yes,DSL,No,No,No,No,Yes,No,Two year,No,Credit card (automatic),56.15,443.84,No
MIUZ-1FF20,Male,0,Yes,Yes,29,Yes,No,DSL,Yes,No,No,Yes,Yes,Yes,Month-to-month,Yes,Electronic check,53.29,1607.79,Yes
SCPB-B3113,Female,0,No,No,40,Yes,No,Fiber optic,No,No,No,Yes,Yes,No,One year,Yes,Credit card (automatic),64.04,2609.69,No
OBUP-4FAA2,Male,1,No,No,47,Yes,No,No,No internet service,No internet service,No internet service,No internet service,No internet service,No internet service,Two year,Yes,Electronic check,25.07,1105.84,No
SOZM-A502D,Male,0,No,Yes,9,Yes,No,DSL,No,Yes,Yes,Yes,No,No,Month-to-month,No,Electronic check,41.59,325.39,No
TJSA-089EC,Female,1,No,No,11,Yes,Yes,Fiber optic,No,No,No,No,No,No,One year,Yes,Bank transfer (automatic),56.95,582.41,Yes
GVMV-200F1,Female,1,No,No,63,Yes,No,DSL,No,No,No,No,No,Yes,Month-to-month,No,Credit card (automatic),39.09,2446.13,No
YSDW-22944,Female,0,No,No,6,Yes,No,Fiber optic,No,Yes,No,Yes,No,No,Month-to-month,Yes,Electronic check,55.21,370.26,No
FPAG-87B3A,Female,0,Yes,No,26,Yes,Yes,DSL,No,No,No,No,No,No,Month-to-month,No,Credit card (automatic),47.14,1274.73,Yes
TKGO-91929,Male,0,No,No,4,No,No phone service,Fiber optic,No,No,Yes,No,No,No,Month-to-month,No,Electronic check,45.12,181.06,No
YNTI-EDEBA,Female,1,Yes,No,50,No,No phone service,DSL,No,Yes,No,No,No,No,Two year,Yes,Mailed check,41.3,2070.15,No
NYWK-10313,Male,0,Yes,No,6,Yes,Yes,No,No internet service,No internet service,No internet service,No internet service,No internet service,No internet service,Month-to-month,No,Bank transfer (automatic),32.85,170.36,No
CZCQ-52BFC,Female,0,Yes,No,1,Yes,No,DSL,Yes,Yes,No,Yes,Yes,No,One year,Yes,Mailed check,42.09,75.66,Yes
ZPRD-DB459,Female,1,No,Yes,6,Yes,Yes,DSL,Yes,Yes,No,No,No,No,Month-to-month,Yes,Credit card (automatic),40.75,238.95,No
AVHB-5D48C,Female,1,Yes,Yes,35,Yes,No,No,No internet service,No internet service,No internet service,No internet service,No internet service,No internet service,Two year,No,Credit card (automatic),18.8,589.05,Yes
ATHS-32CCF,Male,0,Yes,Yes,31,Yes,Yes,Fiber optic,Yes,No,Yes,No,No,No,Month-to-month,No,Mailed check,48.04,1527.29,Yes
RMFH-A5727,Female,0,No,No,5,No,No phone service,Fiber optic,No,No,Yes,No,Yes,Yes,Month-to-month,Yes,Electronic check,64.39,292.88,Yes
GCDN-51820,Female,1,No,No,56,Yes,Yes,No,No internet service,No internet service,No internet service,No internet service,No internet service,No internet service,Month-to-month,Yes,Credit card (automatic),29.57,1610.49,No
DLYG-435B5,Female,0,No,Yes,56,Yes,No,Fiber optic,Yes,No,Yes,No,No,Yes,Two year,No,Mailed check,51.04,2864.23,No
RXYO-BEC42,Female,1,Yes,Yes,21,Yes,No,DSL,No,No,No,Yes,No,Yes,Month-to-month,No,Bank transfer (automatic),47.05,1085.53,No
CWOH-54C9E,Male,0,Yes,No,11,Yes,No,Fiber optic,No,No,No,No,Yes,Yes,One year,No,Mailed check,69.72,757.12,Yes
HMDZ-8864F,Female,0,No,No,3,No,No phone service,Fiber optic,Yes,Yes,No,No,No,Yes,Month-to-month,Yes,Electronic check,61.79,211.3,No
MRAH-C11C4,Male,0,Yes,No,2,Yes,No,Fiber optic,No,Yes,Yes,No,No,No,One year,Yes,Credit card (automatic),45.17,51.14,No
HOFB-012B4,Male,0,No,No,6,Yes,No,Fiber optic,Yes,No,Yes,No,Yes,Yes,Month-to-month,Yes,Mailed check,69.91,507.3,Yes
BAMV-51373,Male,0,Yes,No,19,Yes,No,No,No internet service,No internet service,No internet service,No internet service,No internet service,No internet service,One year,No,Electronic check,23.09,455.93,No
ZTIY-52FF5,Male,0,No,No,0,Yes,No,DSL,Yes,No,Yes,No,Yes,Yes,Two year,No,Electronic check,48.41,48.41,No
PEQR-B9B8D,Male,0,Yes,No,41,Yes,Yes,DSL,No,Yes,No,No,No,Yes,Month-to-month,No,Bank transfer (automatic),50.89,2130.15,Yes
EMKN-25F1A,Male,0,Yes,Yes,11,Yes,Yes,Fiber optic,No,No,No,Yes,Yes,No,Two year,No,Credit card (automatic),78.94,892.94,No
RMAA-41123,Female,0,No,No,48,Yes,No,DSL,No,No,No,No,No,No,Month-to-month,No,Electronic check,29.34,1378.62,No
VQAQ-26012,Male,0,Yes,Yes,59,No,No phone service,Fiber optic,No,No,No,No,No,Yes,Month-to-month,Yes,Electronic check,58.71,3436.49,Yes
LMJQ-BB987,Male,0,Yes,Yes,68,Yes,No,Fiber optic,Yes,Yes,No,No,Yes,No,One year,Yes,Electronic check,59.85,4052.68,No
GMAZ-5CF7D,Male,0,No,No,52,Yes,No,No,No internet service,No internet service,No internet service,No internet service,No internet service,No internet service,Month-to-month,No,Mailed check,20.21,1117.93,No
MDAD-F7574,Female,0,Yes,No,6,Yes,No,Fiber optic,No,No,Yes,No,Yes,No,Two year,Yes,Credit card (automatic),58.81,326.23,Yes
WZCS-50E03,Female,0,Yes,No,0,Yes,Yes,Fiber optic,No,No,No,No,Yes,No,Month-to-month,Yes,Electronic check,74.45,74.45,No
AMPI-11ECE,Male,0,Yes,No,21,Yes,No,DSL,No,No,Yes,No,Yes,Yes,One year,Yes,Bank transfer (automatic),45.36,942.76,No
NOUQ-64713,Female,0,Yes,No,33,Yes,Yes,DSL,No,No,No,No,No,No,Month-to-month,Yes,Electronic check,43.41,1374.93,No
TWCC-1C450,Male,1,Yes,Yes,61,Yes,No,DSL,No,No,No,Yes,Yes,No,Month-to-month,Yes,Electronic check,41.88,2567.1,No
ZLUS-2C893,Male,1,No,Yes,17,Yes,Yes,DSL,No,No,Yes,Yes,No,No,Month-to-month,No,Electronic check,55.64,1012.22,No
WYKC-DE893,Female,0,No,No,62,Yes,Yes,No,No internet service,No internet service,No internet service,No internet service,No internet service,No internet service,Month-to-month,Yes,Bank transfer (automatic),27.08,1661.91,No
BYMH-B0137,Male,1,Yes,No,7,Yes,Yes,DSL,No,No,No,No,No,No,Month-to-month,Yes,Mailed check,47.06,319.46,Yes
JEJI-89EC4,Female,0,Yes,No,14,Yes,Yes,No,No internet service,No internet service,No internet service,No internet service,No internet service,No internet service,Month-to-month,No,Credit card (automatic),32.87,508.95,Yes
XNEI-BD523,Female,0,No,No,18,Yes,No,No,No internet service,No internet service,No internet service,No internet service,No internet service,No internet service,One year,Yes,Electronic check,18.8,368.86,Yes
CSNL-ADC29,Male,0,No,Yes,11,Yes,No,Fiber optic,Yes,Yes,No,No,No,No,One year,No,Electronic check,52.76,648.18,No
WUIK-E081E,Male,0,Yes,Yes,11,Yes,No,No,No internet service,No internet service,No internet service,No internet service,No internet service,No internet service,Two year,Yes,Electronic check,19.53,209.04,No
BAIF-74598,Female,0,No,No,45,No,No phone service,No,No internet service,No internet service,No internet service,No internet service,No internet service,No internet service,Two year,Yes,Mailed check,28.02,1253.79,No
YMOR-2AD52,Male,0,No,No,69,Yes,Yes,Fiber optic,No,Yes,No,No,Yes,Yes,Month-to-month,No,Bank transfer (automatic),79.88,5557.5,Yes
JHPW-925B5,Male,0,Yes,No,49,Yes,No,Fiber optic,No,Yes,No,Yes,No,Yes,One year,Yes,Electronic check,59.57,2877.07,No
PSIQ-62570,Male,0,Yes,No,55,Yes,No,No,No internet service,No internet service,No internet service,No internet service,No internet service,No internet service,Month-to-month,Yes,Electronic check,18.8,1130.71,No
XNAW-D0258,Female,0,Yes,No,49,Yes,No,No,No internet service,No internet service,No internet service,No internet service,No internet service,No internet service,One year,Yes,Bank transfer (automatic),22.45,1111.78,No
SLPA-AE874,Female,0,No,Yes,59,No,No phone service,DSL,No,Yes,Yes,No,No,No,Month-to-month,No,Mailed check,39.93,2428.27,No
YAHD-D7EA8,Male,0,No,No,12,No,No phone service,Fiber optic,Yes,No,No,No,No,Yes,Month-to-month,No,Bank transfer (automatic),58.8,698.6,Yes
NFOR-F8FF8,Female,0,No,No,55,Yes,No,Fiber optic,No,Yes,No,No,Yes,Yes,One year,No,Electronic check,61.13,3446.49,No
LDGW-26B3F,Female,0,Yes,No,44,Yes,No,Fiber optic,Yes,Yes,No,No,No,Yes,Month-to-month,No,Credit card (automatic),53.76,2298.89,No
QAGT-DED1B,Female,0,No,No,2,No,No phone service,Fiber optic,No,No,Yes,No,Yes,No,One year,Yes,Credit card (automatic),55.62,130.39,No
CBRM-AD18D,Female,1,No,No,24,Yes,Yes,Fiber optic,Yes,No,Yes,No,No,Yes,One year,Yes,Bank transfer (automatic),76.24,1757.24,No
LNMX-0EDD6,Female,0,No,No,54,Yes,Yes,DSL,No,No,Yes,Yes,Yes,Yes,Two year,Yes,Credit card (automatic),47.58,2566.58,No
NJGW-8B1CA,Male,0,Yes,Yes,56,Yes,No,Fiber optic,Yes,No,No,Yes,No,No,Month-to-month,No,Mailed check,49.96,2794.35,No
ZDON-80749,Male,0,No,Yes,2,Yes,No,Fiber optic,No,Yes,No,No,No,Yes,One year,Yes,Credit card (automatic),55.04,136.48,Yes
GLQB-CB01D,Male,0,Yes,No,68,Yes,No,No,No internet service,No internet service,No internet service,No internet service,No internet service,No internet service,One year,Yes,Credit card (automatic),23.23,1602.34,No
HWMI-4A165,Female,0,No,No,18,No,No phone service,Fiber optic,No,No,Yes,No,Yes,Yes,Two year,No,Credit card (automatic),64.39,1155.36,No
EJNR-1DEBE,Female,0,No,Yes,22,Yes,No,DSL,No,No,Yes,Yes,Yes,No,Month-to-month,Yes,Credit card (automatic),38.35,867.05,No
LVSO-28EF7,Male,0,Yes,Yes,19,Yes,No,Fiber optic,Yes,No,Yes,No,Yes,No,One year,No,Credit card (automatic),56.52,1088.29,No
GTBD-8F575,Female,0,No,No,64,Yes,Yes,Fiber optic,Yes,No,No,No,No,No,One year,No,Mailed check,57.68,3696.24,No
LAPP-54C30,Male,0,Yes,No,4,Yes,Yes,DSL,Yes,Yes,No,No,Yes,Yes,Two year,No,Credit card (automatic),61.82,247.74,No
BWJC-E250A,Male,0,No,Yes,53,Yes,Yes,Fiber optic,No,No,Yes,Yes,No,Yes,Month-to-month,Yes,Bank transfer (automatic),80.24,4157.74,No
STGI-FD0BD,Male,0,Yes,No,62,Yes,Yes,No,No internet service,No internet service,No internet service,No internet service,No internet service,No internet service,Month-to-month,Yes,Credit card (automatic),22.16,1405.71,No
OQAA-02FAC,Female,0,No,No,5,Yes,No,DSL,No,Yes,No,No,No,No,One year,No,Credit card (automatic),40.47,276.04,Yes
HYFX-001C4,Female,0,No,No,40,Yes,Yes,DSL,Yes,No,Yes,Yes,Yes,No,Month-to-month,Yes,Bank transfer (automatic),49.63,2009.02,No
LMUJ-064BC,Male,0,Yes,Yes,26,Yes,No,Fiber optic,No,No,Yes,Yes,No,No,Month-to-month,No,Mailed check,60.96,1591.43,No
CUBQ-6474C,Male,0,No,No,3,Yes,No,Fiber optic,No,No,No,No,No,No,Month-to-month,Yes,Mailed check,45.77,216.68,Yes
ZVLN-7C876,Male,0,Yes,No,62,Yes,No,DSL,No,Yes,Yes,Yes,No,No,One year,No,Electronic check,33.32,2069.91,No
JORL-CD6E2,Male,0,Yes,Yes,64,Yes,Yes,DSL,No,No,No,No,No,Yes,Month-to-month,Yes,Bank transfer (automatic),53.7,3449.3,No
YHOH-75B1D,Female,0,No,No,11,Yes,Yes,DSL,No,No,Yes,Yes,No,No,One year,Yes,Electronic check,53.71,722.78,No
XOOS-3B3A4,Female,1,No,Yes,29,Yes,No,Fiber optic,No,No,Yes,No,Yes,No,One year,Yes,Electronic check,65.25,1846.29,No
TUFQ-749F0,Male,0,No,No,53,Yes,No,No,No internet service,No internet service,No internet service,No internet service,No internet service,No internet service,Month-to-month,No,Electronic check,18.8,1012.83,No
YWNP-529D3,Male,1,No,No,28,Yes,Yes,No,No internet service,No internet service,No internet service,No internet service,No internet service,No internet service,Month-to-month,No,Mailed check,30.7,918.89,Yes
STTI-66DE6,Female,0,No,Yes,10,Yes,Yes,Fiber optic,Yes,No,Yes,Yes,No,No,One year,Yes,Electronic check,60.28,610.22,No
ZOKA-9AFB0,Female,0,No,Yes,20,No,No phone service,Fiber optic,Yes,Yes,No,No,No,No,Month-to-month,Yes,Mailed check,45.03,886.67,Yes
OTML-C9A74,Male,0,No,No,11,Yes,No,DSL,Yes,No,No,No,No,No,One year,Yes,Bank transfer (automatic),28.27,297.12,No
NYPS-1F3F7,Male,0,No,Yes,64,Yes,No,No,No internet service,No internet service,No internet service,No internet service,No internet service,No internet service,Month-to-month,Yes,Electronic check,28.79,1851.31,No
XXTX-9D218,Male,0,Yes,No,7,Yes,Yes,Fiber optic,Yes,No,Yes,Yes,Yes,No,Month-to-month,Yes,Electronic check,74.82,495.67,Yes
VTNN-9DD19,Female,0,Yes,No,19,Yes,No,Fiber optic,Yes,No,No,No,Yes,No,Month-to-month,No,Electronic check,52.21,979.48,No
JUNZ-6A1E2,Female,0,No,No,66,Yes,Yes,Fiber optic,No,No,Yes,Yes,No,No,Month-to-month,Yes,Electronic check,58.93,3938.82,No
JVZM-70F00,Female,0,No,No,50,Yes,No,DSL,Yes,No,No,No,No,No,Two year,No,Electronic check,34.89,1628.27,No
MAEQ-B4C93,Male,0,No,No,21,No,No phone service,Fiber optic,Yes,No,Yes,No,No,No,Month-to-month,No,Credit card (automatic),50.65,1081.5,No
SPVE-345EB,Male,1,Yes,Yes,57,Yes,No,No,No internet service,No internet service,No internet service,No internet service,No internet service,No internet service,Two year,Yes,Electronic check,29.26,1609.62,No
OOXL-325A7,Female,0,No,Yes,17,No,No phone service,Fiber optic,Yes,Yes,Yes,No,No,No,Two year,Yes,Bank transfer (automatic),52.19,909.63,No
KMZZ-213D7,Female,0,Yes,Yes,46,No,No phone service,Fiber optic,No,No,Yes,Yes,No,Yes,Month-to-month,No,Electronic check,64.07,2962.95,No
WQOH-52844,Male,0,No,No,63,Yes,No,DSL,No,No,No,No,Yes,No,Two year,No,Mailed check,49.72,3151.47,No
BUYM-8E896,Female,0,Yes,No,12,Yes,No,No,No internet service,No internet service,No internet service,No internet service,No internet service,No internet service,One year,Yes,Electronic check,18.8,268.83,No
NNSP-81EE2,Female,0,Yes,No,49,Yes,No,No,No internet service,No internet service,No internet service,No internet service,No internet service,No internet service,Month-to-month,No,Credit card (automatic),18.8,886.03,No
HZIV-CD079,Male,1,No,No,7,Yes,Yes,Fiber optic,No,No,Yes,No,No,No,Month-to-month,Yes,Mailed check,59.37,432.83,Yes
VFHE-CF234,Female,0,No,No,33,Yes,Yes,Fiber optic,Yes,No,No,No,No,No,Month-to-month,Yes,Mailed check,60.42,2026.43,No
XLHI-962D6,Male,0,Yes,Yes,5,Yes,Yes,DSL,Yes,No,Yes,No,Yes,No,Month-to-month,No,Credit card (automatic),50.27,316.62,Yes
GSTE-10CAC,Male,0,Yes,Yes,1,Yes,Yes,DSL,No,No,No,No,No,No,One year,No,Electronic check,42.12,45.88,Yes
QKPS-6EECF,Male,0,Yes,No,67,Yes,Yes,Fiber optic,No,No,No,No,Yes,No,Month-to-month,No,Electronic check,64.99,4331.95,No
KCMT-C647C,Male,0,Yes,No,72,Yes,Yes,Fiber optic,Yes,No,Yes,No,No,Yes,Month-to-month,No,Mailed check,72.07,5102.57,No
BIFU-71407,Male,0,Yes,No,14,Yes,No,Fiber optic,Yes,Yes,Yes,Yes,No,No,Month-to-month,Yes,Mailed check,52.27,780.39,No
ZOWT-E4F37,Male,1,No,No,61,Yes,No,Fiber optic,No,No,No,Yes,No,No,Month-to-month,Yes,Credit card (automatic),61.26,3746.78,No
RHGD-08F37,Male,0,No,No,55,No,No phone service,Fiber optic,No,Yes,No,No,No,No,One year,Yes,Mailed check,50.15,2678.58,No
YUAN-23393,Female,1,Yes,Yes,5,Yes,Yes,No,No internet service,No internet service,No internet service,No internet service,No internet service,No internet service,Month-to-month,No,Electronic check,25.69,111.89,Yes
GFJR-65890,Male,0,No,No,9,Yes,No,DSL,No,No,Yes,Yes,No,No,Month-to-month,No,Electronic check,37.49,349.6,Yes
XXPO-B7552,Male,0,Yes,No,57,No,No phone service,Fiber optic,No,No,Yes,No,No,No,Two year,No,Electronic check,48.55,2693.43,No
VIHZ-8934B,Female,0,Yes,Yes,3,Yes,No,DSL,Yes,No,No,No,No,No,Two year,Yes,Electronic check,30.93,109.3,No
LDVK-A58CE,Female,0,Yes,No,21,Yes,No,Fiber optic,No,No,No,No,No,No,Month-to-month,Yes,Electronic check,45.54,988.78,Yes
FRXQ-2331C,Female,1,No,No,3,Yes,Yes,Fiber optic,Yes,No,No,Yes,No,No,Month-to-month,No,Electronic check,75.43,219.32,No
ZNPU-67940,Male,0,Yes,No,69,Yes,No,DSL,No,No,Yes,Yes,No,Yes,Month-to-month,No,Electronic check,53.62,3764.09,No
OVBF-4C88A,Female,0,Yes,Yes,33,No,No phone service,DSL,Yes,No,Yes,No,No,No,Month-to-month,Yes,Electronic check,37.05,1146.19,Yes
HSAC-DA270,Male,0,Yes,Yes,59,Yes,No,Fiber optic,Yes,Yes,No,No,Yes,Yes,Month-to-month,No,Mailed check,63.43,3741.36,Yes
RTHJ-36436,Male,0,Yes,Yes,10,Yes,No,DSL,No,Yes,Yes,Yes,Yes,No,Two year,No,Credit card (automatic),43.49,412.08,No
WTHY-3E483,Male,0,Yes,Yes,54,Yes,No,DSL,No,No,Yes,No,Yes,No,Month-to-month,No,Mailed check,47.9,2590.27,No
TIWC-82E6A,Male,0,No,No,61,Yes,No,DSL,No,No,No,No,No,No,Two year,Yes,Mailed check,44.08,2656.36,No
WNBF-3EE7E,Female,0,No,No,38,Yes,No,DSL,No,No,No,Yes,No,No,Two year,Yes,Electronic check,40.59,1530.56,No
GRKG-46535,Female,0,No,No,5,Yes,No,Fiber optic,No,No,No,No,No,No,One year,Yes,Electronic check,46.46,308.04,No
DZJC-9E5D9,Male,0,Yes,No,9,Yes,No,Fiber optic,Yes,No,Yes,Yes,Yes,No,Two year,No,Bank transfer (automatic),58.43,543.09,No
THAI-ECCE5,Male,0,Yes,Yes,4,Yes,No,No,No internet service,No internet service,No internet service,No internet service,No internet service,No internet service,Two year,No,Electronic check,18.8,5.42,Yes
IYOH-4E00B,Male,0,Yes,No,26,Yes,No,DSL,No,Yes,No,No,Yes,Yes,Month-to-month,No,Electronic check,60.86,1611.3,No
AEZL-B712C,Female,1,Yes,No,0,Yes,Yes,No,No internet service,No internet service,No internet service,No internet service,No internet service,No internet service,One year,Yes,Bank transfer (automatic),30.3,30.3,Yes
CPJJ-F9956,Male,0,No,No,26,Yes,No,DSL,No,No,Yes,No,Yes,Yes,Two year,Yes,Bank transfer (automatic),47.33,1250.83,No
RBGP-91C83,Male,0,Yes,Yes,3,Yes,Yes,DSL,Yes,No,Yes,Yes,No,Yes,Month-to-month,No,Credit card (automatic),56.09,238.84,No
TZLH-49070,Female,0,Yes,No,57,Yes,Yes,No,No internet service,No internet service,No internet service,No internet service,No internet service,No internet service,Two year,Yes,Electronic check,34.36,2015.52,No
BLTW-1369F,Female,0,No,No,71,Yes,Yes,Fiber optic,No,Yes,Yes,No,No,Yes,One year,Yes,Bank transfer (automatic),66.48,4706.86,Yes
RNBC-2A53A,Male,0,Yes,No,1,Yes,Yes,Fiber optic,Yes,No,No,Yes,Yes,No,One year,No,Electronic check,72.37,131.0,No
VLWT-BD2CF,Female,0,No,Yes,8,Yes,Yes,No,No internet service,No internet service,No internet service,No internet service,No internet service,No internet service,Month-to-month,No,Electronic check,19.54,215.15,Yes
ZPTX-DED6B,Female,0,Yes,No,32,Yes,Yes,Fiber optic,No,No,Yes,No,Yes,Yes,Two year,Yes,Credit card (automatic),80.67,2544.77,No
KUVY-972A9,Male,0,No,No,8,Yes,No,No,No internet service,No internet service,No internet service,No internet service,No internet service,No internet service,Month-to-month,No,Electronic check,27.98,241.95,No
NRWD-6BDCC,Female,1,Yes,Yes,45,Yes,Yes,DSL,No,No,No,No,No,Yes,Month-to-month,No,Electronic check,51.86,2243.18,No
WZPG-9B1C8,Male,0,No,No,11,Yes,Yes,No,No internet service,No internet service,No internet service,No internet service,No internet service,No internet service,Month-to-month,Yes,Mailed check,32.43,409.62,No
YFXL-9A9E2,Female,0,Yes,Yes,7,No,No phone service,Fiber optic,No,Yes,Yes,Yes,No,Yes,Month-to-month,No,Electronic check,58.38,464.17,No
SZFG-7BFCC,Male,0,No,No,0,Yes,No,Fiber optic,Yes,Yes,Yes,No,No,No,One year,Yes,Credit card (automatic),46.38,46.38,No
LQFM-30DC8,Male,0,Yes,No,17,Yes,Yes,DSL,No,No,Yes,No,Yes,No,Month-to-month,Yes,Credit card (automatic),52.25,965.22,Yes
ACCS-34DEC,Male,1,No,Yes,41,Yes,No,DSL,No,No,Yes,No,Yes,Yes,One year,No,Electronic check,41.48,1702.11,No
IPFW-1B8C7,Female,0,Yes,No,7,Yes,No,Fiber optic,Yes,No,Yes,No,Yes,Yes,Month-to-month,No,Electronic check,69.23,486.17,Yes
ETQM-55744,Male,0,Yes,Yes,0,Yes,Yes,Fiber optic,Yes,Yes,Yes,Yes,No,No,Month-to-month,Yes,Mailed check,57.55,57.55,Yes
HAYG-22F75,Female,0,No,No,53,Yes,No,Fiber optic,Yes,No,Yes,Yes,Yes,Yes,Month-to-month,Yes,Bank transfer (automatic),83.28,4432.52,No
KCIG-C06CD,Male,0,No,No,72,Yes,No,Fiber optic,Yes,Yes,Yes,No,No,No,One year,No,Mailed check,45.61,3272.92,No
NFIF-A4AAF,Male,0,Yes,No,55,Yes,No,Fiber optic,Yes,No,Yes,No,No,No,One year,No,Bank transfer (automatic),42.66,2302.13,No
JYKR-AD7C5,Female,0,No,No,17,Yes,Yes,Fiber optic,Yes,No,No,No,No,No,Month-to-month,Yes,Credit card (automatic),60.57,1080.51,No
MMSQ-1CC1F,Male,0,Yes,No,7,Yes,Yes,Fiber optic,No,Yes,No,No,No,Yes,Month-to-month,Yes,Electronic check,68.48,435.71,Yes
RCMV-4E635,Male,0,No,No,57,Yes,Yes,DSL,No,Yes,No,No,No,No,One year,Yes,Credit card (automatic),49.76,2889.75,No
NRYF-F82E5,Female,0,No,No,43,Yes,Yes,Fiber optic,No,No,No,No,No,No,Two year,Yes,Mailed check,52.45,2337.04,No
QSAF-A500D,Male,0,No,Yes,22,Yes,Yes,Fiber optic,No,Yes,Yes,No,Yes,Yes,Month-to-month,Yes,Bank transfer (automatic),77.92,1726.9,Yes
DCOD-A8A7C,Male,0,No,Yes,26,Yes,No,No,No internet service,No internet service,No internet service,No internet service,No internet service,No internet service,One year,Yes,Credit card (automatic),22.33,645.0,No
QKAH-20431,Male,0,No,No,1,Yes,No,Fiber optic,No,Yes,Yes,Yes,No,No,Month-to-month,No,Electronic check,50.72,35.12,Yes
INEH-0027A,Male,0,Yes,No,58,Yes,No,No,No internet service,No internet service,No internet service,No internet service,No internet service,No internet service,Two year,Yes,Mailed check,18.8,1093.79,No
UQQY-4CE9D,Female,0,No,No,13,Yes,Yes,DSL,No,No,No,No,No,No,One year,Yes,Electronic check,41.84,482.44,Yes
DWOF-0B646,Female,0,Yes,Yes,56,Yes,Yes,DSL,No,No,No,No,No,No,Two year,Yes,Bank transfer (automatic),45.89,2550.97,No
ZLCH-2ACDA,Male,0,No,No,3,Yes,Yes,Fiber optic,No,No,Yes,No,No,No,Month-to-month,Yes,Electronic check,59.24,159.58,Yes
TKQC-8808B,Female,0,No,No,5,Yes,No,Fiber optic,No,Yes,No,Yes,Yes,Yes,Month-to-month,No,Mailed check,77.56,351.59,No
JOHH-25CEA,Male,0,Yes,No,2,Yes,No,Fiber optic,No,No,Yes,No,No,Yes,Month-to-month,Yes,Credit card (automatic),53.88,102.93,No
QPMK-9C697,Female,0,No,No,55,Yes,No,Fiber optic,Yes,Yes,No,No,Yes,No,One year,No,Electronic check,60.8,3331.88,No
HHCL-BAF0C,Male,1,No,No,10,Yes,Yes,Fiber optic,Yes,Yes,No,No,No,No,Two year,No,Credit card (automatic),57.68,591.5,No
ULHJ-ADA8A,Male,1,No,No,13,Yes,Yes,DSL,No,No,Yes,Yes,No,No,Month-to-month,Yes,Mailed check,47.36,677.17,No
BPBY-E85BA,Male,1,Yes,No,37,Yes,No,DSL,No,No,No,No,Yes,No,Month-to-month,Yes,Electronic check,39.26,1480.57,No
SNGB-48684,Male,0,Yes,No,43,Yes,No,No,No internet service,No internet service,No internet service,No internet service,No internet service,No internet service,Month-to-month,Yes,Electronic check,24.54,1027.81,Yes
YJWK-79436,Male,0,No,Yes,36,Yes,Yes,No,No internet service,No internet service,No internet service,No internet service,No internet service,No internet service,One year,Yes,Electronic check,35.87,1291.26,No
UDLR-B6107,Male,0,Yes,No,8,Yes,Yes,No,No internet service,No internet service,No internet service,No internet service,No internet service,No internet service,Month-to-month,Yes,Electronic check,32.75,309.11,No
VAXR-053F8,Female,0,Yes,No,14,Yes,Yes,Fiber optic,Yes,Yes,Yes,No,No,No,Two year,Yes,Mailed check,58.92,745.45,No
IHOA-429A7,Male,0,No,No,7,Yes,Yes,Fiber optic,No,No,Yes,No,No,Yes,One year,No,Mailed check,68.11,549.38,No
DJVF-21D19,Female,0,Yes,Yes,40,No,No phone service,No,No internet service,No internet service,No internet service,No internet service,No internet service,No internet service,Month-to-month,Yes,Electronic check,20.92,772.97,Yes
ZQKF-02F20,Male,0,No,Yes,4,Yes,Yes,No,No internet service,No internet service,No internet service,No internet service,No internet service,No internet service,Two year,No,Bank transfer (automatic),33.22,0.0,No
VKJS-8E7BE,Female,1,No,No,24,Yes,No,No,No internet service,No internet service,No internet service,No internet service,No internet service,No internet service,Month-to-month,Yes,Mailed check,18.8,538.18,No
MHZF-09F1D,Female,0,No,No,9,Yes,No,Fiber optic,No,Yes,Yes,Yes,Yes,No,Two year,Yes,Bank transfer (automatic),58.37,452.61,No
VYKG-82DA7,Female,0,Yes,No,37,Yes,Yes,DSL,Yes,No,Yes,No,No,No,Month-to-month,No,Credit card (automatic),44.64,1668.03,No
NSNV-EF9B4,Male,0,Yes,No,45,Yes,No,Fiber optic,No,No,Yes,No,No,No,Month-to-month,Yes,Electronic check,57.78,2557.15,No
AKWD-8362B,Male,1,Yes,No,41,Yes,Yes,Fiber optic,No,No,Yes,No,No,No,One year,Yes,Mailed check,55.68,2267.98,Yes
VTSG-8158A,Female,0,No,Yes,1,Yes,No,No,No internet service,No internet service,No internet service,No internet service,No internet service,No internet service,One year,Yes,Credit card (automatic),18.8,40.08,Yes
CVLW-88BD2,Male,0,Yes,No,20,Yes,Yes,DSL,No,Yes,No,Yes,Yes,Yes,One year,Yes,Bank transfer (automatic),69.96,1465.45,No
NAMV-D4686,Female,1,No,No,46,Yes,Yes,DSL,No,No,No,No,No,No,Month-to-month,Yes,Electronic check,44.65,2088.63,Yes
EHKN-E86AC,Male,0,No,No,18,Yes,No,DSL,Yes,No,No,Yes,No,Yes,Month-to-month,Yes,Bank transfer (automatic),44.13,847.22,No
LMFW-D254E,Female,0,No,No,40,No,No phone service,DSL,Yes,Yes,No,Yes,No,No,Two year,No,Mailed check,40.26,1659.66,No
BFIO-38BD1,Female,0,Yes,No,17,Yes,Yes,Fiber optic,Yes,Yes,No,No,No,Yes,Month-to-month,Yes,Credit card (automatic),72.42,1311.92,Yes
DCXQ-8C938,Male,0,Yes,No,66,Yes,No,No,No internet service,No internet service,No internet service,No internet service,No internet service,No internet service,Month-to-month,No,Electronic check,24.66,1665.45,No
SAPM-14754,Female,0,No,No,26,No,No phone service,Fiber optic,Yes,No,No,No,Yes,No,Month-to-month,No,Electronic check,58.54,1568.44,Yes
QKMU-151E2,Male,0,Yes,No,66,Yes,No,DSL,Yes,Yes,No,No,No,No,Month-to-month,No,Credit card (automatic),32.92,2164.55,No
VEIP-D23E5,Female,1,Yes,No,61,Yes,No,Fiber optic,No,No,No,No,No,Yes,Month-to-month,Yes,Mailed check,54.8,3285.57,Yes
FTCW-ED416,Female,1,Yes,Yes,49,Yes,Yes,Fiber optic,Yes,No,No,Yes,Yes,No,Month-to-month,No,Bank transfer (automatic),69.77,3413.21,No
IYQY-CB110,Male,0,No,No,17,Yes,Yes,Fiber optic,No,Yes,Yes,No,No,No,Month-to-month,Yes,Credit card (automatic),58.76,994.78,No
PFZD-FA106,Male,0,No,Yes,63,Yes,No,Fiber optic,No,No,No,No,Yes,No,Month-to-month,No,Electronic check,61.28,3846.37,Yes
IIND-2BF4E,Male,0,No,Yes,21,Yes,No,DSL,Yes,No,No,No,Yes,No,Month-to-month,No,Electronic check,47.91,982.22,No
IICL-7A236,Female,0,No,Yes,7,Yes,Yes,No,No internet service,No internet service,No internet service,No internet service,No internet service,No internet service,One year,Yes,Electronic check,28.67,259.03,Yes
BDQY-92F8B,Male,0,Yes,No,3,Yes,No,Fiber optic,No,Yes,No,No,Yes,No,Month-to-month,Yes,Electronic check,51.4,153.75,Yes
FPBQ-3E0A2,Female,0,No,No,10,Yes,No,Fiber optic,No,Yes,No,No,No,No,Two year,Yes,Credit card (automatic),58.03,579.93,No
RMZQ-51970,Female,0,Yes,No,11,Yes,No,No,No internet service,No internet service,No internet service,No internet service,No internet service,No internet service,Month-to-month,Yes,Bank transfer (automatic),18.8,181.54,No
PFGA-53163,Male,0,No,Yes,41,Yes,No,No,No internet service,No internet service,No internet service,No internet service,No internet service,No internet service,Month-to-month,No,Bank transfer (automatic),18.8,790.47,No
DMBZ-7FEF8,Male,1,Yes,Yes,61,No,No phone service,No,No internet service,No internet service,No internet service,No internet service,No internet service,No internet service,Month-to-month,No,Credit card (automatic),18.8,1098.78,No
LSCV-50330,Female,0,Yes,No,65,Yes,No,DSL,Yes,Yes,No,No,Yes,Yes,Month-to-month,No,Credit card (automatic),60.84,3908.58,No
RCWL-B522A,Female,0,No,Yes,7,No,No phone service,No,No internet service,No internet service,No internet service,No internet service,No internet service,No internet service,Two year,Yes,Credit card (automatic),18.8,172.03,No
SGJY-D6348,Male,0,Yes,No,59,Yes,No,Fiber optic,No,No,No,No,No,No,One year,Yes,Bank transfer (automatic),56.16,3129.17,No
OEBM-C2623,Male,0,No,No,11,Yes,No,DSL,Yes,Yes,No,Yes,No,No,Two year,Yes,Mailed check,44.4,393.08,No
PHGZ-23E80,Male,0,Yes,No,31,Yes,No,No,No internet service,No internet service,No internet service,No internet service,No internet service,No internet service,Month-to-month,No,Electronic check,19.99,636.32,Yes
LOGO-A4C7F,Male,0,Yes,No,37,Yes,Yes,DSL,No,No,No,No,Yes,No,One year,Yes,Credit card (automatic),50.45,1833.66,No
CISX-3F365,Male,0,Yes,Yes,23,Yes,Yes,No,No internet service,No internet service,No internet service,No internet service,No internet service,No internet service,Month-to-month,Yes,Electronic check,31.1,646.29,No
LXTU-4F6AB,Female,0,No,No,47,Yes,No,DSL,No,No,No,No,No,Yes,One year,Yes,Electronic check,40.96,1992.41,No
RPMQ-E6825,Female,0,Yes,No,43,Yes,Yes,Fiber optic,No,No,Yes,No,No,No,Two year,No,Bank transfer (automatic),62.74,2690.89,No
UQFO-C106A,Female,0,No,No,4,Yes,Yes,DSL,No,No,No,No,No,No,Month-to-month,Yes,Credit card (automatic),35.44,103.22,No
IVWN-60DE7,Female,0,Yes,Yes,26,No,No phone service,No,No internet service,No internet service,No internet service,No internet service,No internet service,No internet service,Month-to-month,No,Bank transfer (automatic),20.62,484.13,Yes
NTSD-AEC78,Male,1,Yes,No,53,Yes,No,DSL,No,No,Yes,No,No,No,One year,Yes,Mailed check,38.03,1895.77,No
GRGI-4551B,Male,0,Yes,No,7,Yes,No,Fiber optic,No,No,Yes,No,No,No,Two year,Yes,Credit card (automatic),49.43,388.26,No
LYER-2877A,Male,1,No,Yes,63,Yes,Yes,Fiber optic,Yes,No,No,No,Yes,Yes,Month-to-month,Yes,Electronic check,73.87,4787.7,Yes
VIWE-44F16,Female,0,No,No,23,Yes,Yes,Fiber optic,No,No,No,No,Yes,No,One year,Yes,Electronic check,64.95,1479.08,No
LUMZ-BBC27,Female,1,Yes,Yes,13,No,No phone service,Fiber optic,No,No,No,No,Yes,No,Month-to-month,Yes,Mailed check,64.14,854.6,No
PFDD-CA4BB,Male,0,No,No,19,Yes,No,DSL,No,Yes,No,Yes,Yes,No,Month-to-month,Yes,Credit card (automatic),41.81,763.08,No
VXWE-C66A9,Male,0,No,No,39,Yes,No,Fiber optic,Yes,No,Yes,No,No,No,Month-to-month,No,Electronic check,51.19,2006.85,Yes
KZEC-0D66A,Female,0,Yes,No,12,Yes,Yes,DSL,No,Yes,Yes,No,No,No,Two year,No,Mailed check,52.82,578.98,No
LOBE-E7255,Female,0,No,No,1,Yes,Yes,No,No internet service,No internet service,No internet service,No internet service,No internet service,No internet service,Two year,No,Electronic check,25.96,108.75,No
HHSC-478EE,Male,0,Yes,No,42,Yes,Yes,Fiber optic,Yes,No,No,Yes,No,No,One year,No,Electronic check,76.98,3245.16,No
HOAQ-21A27,Male,0,No,No,6,No,No phone service,Fiber optic,No,No,Yes,Yes,No,No,Month-to-month,Yes,Credit card (automatic),58.37,263.48,No
CTTO-D6223,Female,0,No,No,45,Yes,Yes,Fiber optic,Yes,No,No,No,No,Yes,Month-to-month,No,Electronic check,59.62,2802.56,No
FIFP-295A8,Male,0,Yes,Yes,62,No,No phone service,No,No internet service,No internet service,No internet service,No internet service,No internet service,No internet service,One year,No,Electronic check,18.8,1088.31,No
XLHP-A7874,Male,0,Yes,No,11,Yes,Yes,DSL,No,No,No,Yes,Yes,Yes,Month-to-month,Yes,Electronic check,56.58,751.46,No
IXRC-FB0B9,Male,0,No,No,60,Yes,No,DSL,No,Yes,Yes,No,No,No,Month-to-month,No,Mailed check,31.58,1940.45,No
XMNI-59DEC,Female,0,No,No,37,Yes,Yes,Fiber optic,No,Yes,Yes,Yes,No,No,Month-to-month,No,Mailed check,56.7,2041.95,No
PNIT-54D95,Female,0,No,No,64,Yes,Yes,Fiber optic,No,No,Yes,No,No,No,Month-to-month,No,Electronic check,67.25,4311.22,Yes
WZIN-7BF8C,Female,0,Yes,No,15,Yes,Yes,Fiber optic,Yes,No,No,Yes,No,Yes,Month-to-month,Yes,Credit card (automatic),62.72,905.24,No
PXKK-6F920,Female,1,Yes,No,46,Yes,Yes,Fiber optic,Yes,No,Yes,No,No,Yes,Month-to-month,No,Credit card (automatic),70.48,3217.28,No
NUMO-C8EAB,Female,0,Yes,No,14,Yes,No,DSL,No,No,No,No,No,No,Month-to-month,Yes,Mailed check,30.75,480.41,No
UQBL-28285,Female,0,Yes,No,5,Yes,Yes,DSL,No,No,Yes,No,No,Yes,Month-to-month,No,Electronic check,55.6,229.17,No
ADNC-DCB2C,Female,1,No,No,26,Yes,No,DSL,No,No,Yes,No,No,No,Month-to-month,Yes,Electronic check,37.41,1018.45,Yes
QKAN-C0068,Male,0,No,No,8,Yes,No,Fiber optic,Yes,No,Yes,No,Yes,Yes,Month-to-month,Yes,Mailed check,65.41,432.73,Yes
MLGB-01BC6,Male,0,No,Yes,44,Yes,No,No,No internet service,No internet service,No internet service,No internet service,No internet service,No internet service,Two year,Yes,Credit card (automatic),20.1,997.54,No
CKZG-78577,Male,0,Yes,Yes,45,Yes,Yes,Fiber optic,No,Yes,Yes,No,No,Yes,Month-to-month,No,Mailed check,61.79,2772.66,No
MSPB-06E01,Male,0,No,No,37,Yes,Yes,No,No internet service,No internet service,No internet service,No internet service,No internet service,No internet service,Month-to-month,Yes,Mailed check,35.13,1276.89,No
RLFF-A8A48,Male,0,No,Yes,25,Yes,No,DSL,No,Yes,Yes,Yes,No,No,Month-to-month,Yes,Credit card (automatic),39.23,972.99,No
WIKE-A03B0,Male,0,No,No,34,Yes,No,DSL,No,No,Yes,No,Yes,No,Month-to-month,Yes,Credit card (automatic),45.56,1466.25,No
ZKKN-A7EF3,Male,0,No,No,1,Yes,No,DSL,No,Yes,No,Yes,Yes,Yes,One year,No,Mailed check,66.85,22.35,No
SHZG-4BC28,Female,0,No,Yes,67,Yes,No,Fiber optic,Yes,Yes,No,No,No,No,Month-to-month,No,Credit card (automatic),47.37,3052.07,No
IPOZ-EAAE2,Female,0,No,No,54,Yes,No,DSL,No,Yes,Yes,No,Yes,No,One year,No,Electronic check,47.75,2519.39,No
SUDW-B577E,Male,0,Yes,No,63,Yes,Yes,No,No internet service,No internet service,No internet service,No internet service,No internet service,No internet service,One year,Yes,Electronic check,28.82,1835.35,No
ZUQC-E221F,Male,0,Yes,No,48,Yes,Yes,DSL,No,No,Yes,No,Yes,No,Month-to-month,Yes,Mailed check,42.05,2093.55,Yes
MGCK-BF89D,Female,0,No,Yes,4,Yes,No,Fiber optic,No,No,No,Yes,No,No,Two year,Yes,Mailed check,50.28,203.08,No
XHZN-E11EA,Male,0,No,No,40,Yes,No,Fiber optic,No,No,No,No,No,No,Month-to-month,No,Electronic check,47.18,1825.16,No
EXCR-31CD1,Male,0,Yes,No,21,Yes,No,DSL,No,Yes,No,Yes,Yes,No,Month-to-month,No,Mailed check,57.9,1154.22,No
CPAT-EC33A,Female,1,Yes,Yes,6,Yes,No,Fiber optic,Yes,Yes,Yes,No,Yes,No,One year,No,Bank transfer (automatic),56.55,360.58,No
BNLT-3CB35,Male,1,No,No,1,Yes,No,Fiber optic,Yes,No,Yes,Yes,No,No,Two year,Yes,Electronic check,44.97,136.87,No
BLGC-89121,Female,0,No,No,55,Yes,No,DSL,Yes,Yes,No,No,No,No,Month-to-month,Yes,Mailed check,31.09,1732.86,No
RIBE-F4A72,Male,0,Yes,Yes,6,Yes,Yes,No,No internet service,No internet service,No internet service,No internet service,No internet service,No internet service,One year,No,Electronic check,35.71,263.26,No
HATI-72D39,Female,0,No,No,9,Yes,No,Fiber optic,No,No,No,No,Yes,Yes,Month-to-month,Yes,Credit card (automatic),61.48,545.02,No
WSPX-2F864,Female,0,No,No,62,Yes,Yes,DSL,Yes,No,Yes,Yes,Yes,No,Month-to-month,Yes,Bank transfer (automatic),54.3,3329.28,No
TZRA-7B6CB,Female,0,Yes,Yes,49,Yes,No,Fiber optic,No,No,Yes,No,No,Yes,Month-to-month,No,Electronic check,56.28,2695.81,No
BOEM-6CD78,Male,0,Yes,Yes,52,Yes,Yes,DSL,No,No,No,No,Yes,No,Month-to-month,Yes,Electronic check,52.56,2780.72,No
QRQU-FD277,Female,0,No,Yes,6,Yes,No,No,No internet service,No internet service,No internet service,No internet service,No internet service,No internet service,Month-to-month,No,Mailed check,20.96,170.41,No
NNSK-47D40,Male,0,No,Yes,61,Yes,No,Fiber optic,Yes,No,No,No,No,No,Two year,No,Electronic check,51.46,3152.59,No
ZFPU-45422,Male,1,No,No,67,No,No phone service,Fiber optic,No,No,No,No,Yes,Yes,Two year,Yes,Mailed check,60.6,4070.07,No
ELNA-DA1D0,Male,0,No,Yes,15,Yes,Yes,DSL,Yes,Yes,Yes,Yes,No,No,Month-to-month,Yes,Mailed check,55.31,900.02,No
OMNY-E49FB,Male,0,Yes,No,64,Yes,Yes,No,No internet service,No internet service,No internet service,No internet service,No internet service,No internet service,One year,No,Mailed check,29.3,1906.83,No
XLHN-DEAB8,Female,0,No,No,0,Yes,Yes,DSL,Yes,Yes,No,No,No,Yes,Month-to-month,No,Mailed check,48.22,48.22,No
IKMV-8C0C8,Female,0,Yes,No,6,Yes,No,Fiber optic,No,No,Yes,No,Yes,No,One year,No,Electronic check,58.74,340.74,Yes
ZMMD-CBD13,Male,0,Yes,Yes,45,Yes,No,Fiber optic,No,Yes,Yes,Yes,No,Yes,Two year,No,Bank transfer (automatic),69.01,3081.23,No
WBNK-FDE49,Male,0,Yes,No,9,Yes,No,Fiber optic,No,Yes,No,No,No,No,Month-to-month,Yes,Bank transfer (automatic),52.22,482.91,No
SZAZ-529C2,Female,0,Yes,Yes,56,Yes,Yes,No,No internet service,No internet service,No internet service,No internet service,No internet service,No internet service,Month-to-month,Yes,Bank transfer (automatic),31.12,1713.66,No
BXYE-EEF39,Male,0,No,No,1,No,No phone service,No,No internet service,No internet service,No internet service,No internet service,No internet service,No internet service,Month-to-month,Yes,Electronic check,18.8,0.0,Yes
ZXPF-14131,Female,0,No,No,23,Yes,Yes,DSL,No,Yes,No,No,No,No,Month-to-month,Yes,Credit card (automatic),45.99,1039.11,No
TPNV-66372,Male,0,No,No,24,Yes,Yes,Fiber optic,Yes,No,No,Yes,No,Yes,Month-to-month,No,Mailed check,66.2,1539.92,Yes
PZNH-BD74B,Male,0,Yes,No,46,Yes,Yes,DSL,No,No,No,No,No,No,Month-to-month,No,Electronic check,40.44,1909.7,Yes
EZIJ-B0326,Female,1,No,No,54,Yes,Yes,Fiber optic,No,No,No,Yes,Yes,No,Month-to-month,Yes,Electronic check,71.77,3804.12,No
OEIU-F0A08,Male,0,No,No,63,Yes,Yes,Fiber optic,No,No,No,No,No,Yes,Month-to-month,Yes,Bank transfer (automatic),63.58,3961.38,No
WUGG-CD407,Female,0,No,No,5,Yes,No,Fiber optic,No,No,No,No,No,No,Two year,Yes,Credit card (automatic),47.72,298.77,No
QLYV-C0DC6,Male,0,No,No,4,Yes,Yes,No,No internet service,No internet service,No internet service,No internet service,No internet service,No internet service,Two year,No,Electronic check,23.89,53.76,No
PVXO-09A0D,Male,0,Yes,No,60,Yes,Yes,Fiber optic,No,No,Yes,No,No,No,Two year,No,Bank transfer (automatic),59.39,3604.38,No
FXOI-00B6D,Male,0,Yes,No,47,Yes,Yes,Fiber optic,No,No,Yes,Yes,No,No,Two year,Yes,Electronic check,64.93,3058.31,No
FXYC-AF51E,Female,0,Yes,No,16,Yes,No,Fiber optic,No,Yes,Yes,No,No,No,Month-to-month,Yes,Bank transfer (automatic),45.26,710.11,No
MAVR-140F0,Male,0,No,No,2,Yes,Yes,DSL,No,No,Yes,Yes,No,No,Two year,Yes,Electronic check,57.28,84.58,No
UNPV-E201A,Male,0,No,No,70,Yes,No,Fiber optic,No,No,No,No,No,No,Month-to-month,Yes,Credit card (automatic),48.15,3390.28,No
OCGN-B5FFC,Male,0,Yes,No,62,No,No phone service,DSL,No,No,No,No,Yes,No,Month-to-month,Yes,Electronic check,44.33,2670.65,No
LWSN-7D82F,Male,0,Yes,Yes,4,Yes,No,Fiber optic,No,No,No,No,No,Yes,Month-to-month,Yes,Mailed check,52.91,195.07,Yes
BSRP-07E3B,Female,0,Yes,Yes,51,Yes,No,Fiber optic,No,No,No,No,No,No,One year,Yes,Mailed check,45.37,2368.22,No
WYNI-B7ABB,Female,0,No,No,43,Yes,No,DSL,Yes,Yes,Yes,Yes,Yes,Yes,Two year,Yes,Bank transfer (automatic),55.94,2412.29,No
GTOY-AEFFB,Male,0,Yes,No,7,Yes,No,DSL,No,No,Yes,No,Yes,No,Month-to-month,Yes,Electronic check,41.61,242.11,Yes
PDKM-C972B,Female,0,Yes,No,27,Yes,No,Fiber optic,Yes,No,No,No,Yes,Yes,Month-to-month,Yes,Credit card (automatic),71.03,1983.47,No
LAHW-16812,Male,0,Yes,No,3,Yes,No,Fiber optic,No,Yes,No,Yes,No,No,Month-to-month,Yes,Electronic check,56.71,102.05,No
YPFE-6BB3B,Male,0,No,No,66,Yes,No,No,No internet service,No internet service,No internet service,No internet service,No internet service,No internet service,Month-to-month,Yes,Mailed check,18.8,1169.77,Yes
XFAY-8C543,Male,0,No,No,7,Yes,No,DSL,No,Yes,Yes,Yes,No,No,Month-to-month,Yes,Mailed check,44.6,356.66,No
FMCV-8E848,Female,0,No,Yes,1,Yes,No,Fiber optic,No,No,No,Yes,Yes,No,Month-to-month,No,Electronic check,60.49,0.0,Yes
EVSD-9831C,Female,0,Yes,No,29,Yes,No,Fiber optic,Yes,Yes,No,Yes,Yes,No,One year,Yes,Credit card (automatic),60.14,1826.14,No
GNGQ-05879,Female,0,Yes,Yes,23,Yes,Yes,Fiber optic,No,No,No,Yes,No,No,One year,No,Bank transfer (automatic),61.25,1406.11,No
ELTI-2DCAC,Female,1,Yes,No,31,Yes,No,Fiber optic,No,No,No,Yes,No,Yes,Month-to-month,Yes,Mailed check,61.55,1926.6,No
UTNA-94C7E,Female,0,Yes,Yes,40,Yes,No,Fiber optic,No,No,Yes,No,No,Yes,Month-to-month,Yes,Bank transfer (automatic),53.48,2232.24,Yes
POXM-65EC2,Female,0,Yes,No,22,Yes,No,Fiber optic,No,No,No,Yes,Yes,No,Month-to-month,No,Mailed check,59.22,1307.71,No
MJQB-BB32A,Female,0,Yes,No,50,Yes,No,Fiber optic,No,No,No,No,No,Yes,Month-to-month,Yes,Bank transfer (automatic),62.37,3093.58,No
GYUY-8F040,Female,0,No,Yes,11,Yes,No,Fiber optic,No,No,No,No,No,No,Month-to-month,No,Electronic check,51.44,599.63,Yes
RNHH-A2893,Female,0,Yes,No,25,Yes,No,Fiber optic,No,No,No,No,Yes,No,One year,Yes,Credit card (automatic),56.34,1408.9,No
FJPG-68292,Male,1,Yes,No,59,Yes,No,Fiber optic,No,Yes,Yes,No,No,Yes,Month-to-month,No,Electronic check,62.25,3711.88,Yes
DGHA-F4CEC,Female,0,No,Yes,52,Yes,No,DSL,Yes,Yes,No,Yes,Yes,No,Month-to-month,Yes,Mailed check,46.21,2412.23,No
VCJT-909CD,Female,0,No,No,24,Yes,No,Fiber optic,No,No,Yes,Yes,No,No,Month-to-month,Yes,Credit card (automatic),54.56,1219.94,No
JGIH-54704,Female,0,No,No,3,Yes,No,Fiber optic,No,No,No,No,Yes,Yes,Two year,Yes,Electronic check,59.28,194.29,No
IDWR-E81E7,Female,0,No,No,45,Yes,No,DSL,Yes,No,No,No,No,No,Month-to-month,No,Electronic check,39.47,1846.4,No
RJMM-48B02,Female,0,Yes,Yes,10,Yes,Yes,Fiber optic,No,No,Yes,No,No,Yes,One year,Yes,Bank transfer (automatic),71.15,762.83,No
VOZP-AEA58,Female,0,No,Yes,23,Yes,Yes,Fiber optic,No,Yes,Yes,Yes,No,Yes,One year,No,Credit card (automatic),69.98,1606.67,No
GIRD-A940B,Female,0,No,No,2,Yes,Yes,DSL,No,Yes,Yes,No,No,No,Two year,No,Credit card (automatic),46.06,0.0,No
VSKQ-6553F,Female,0,Yes,Yes,7,No,No phone service,DSL,No,No,No,No,No,No,Month-to-month,No,Electronic check,31.51,250.99,No
REWD-925AF,Female,0,Yes,Yes,5,Yes,No,DSL,No,No,Yes,No,Yes,Yes,One year,Yes,Electronic check,45.23,256.45,Yes
ZXGC-EE40A,Female,0,No,No,36,No,No phone service,Fiber optic,Yes,No,No,Yes,No,Yes,Month-to-month,Yes,Bank transfer (automatic),59.29,2170.77,No
BBYM-1A58E,Female,0,Yes,No,58,Yes,Yes,DSL,Yes,No,Yes,No,No,No,Month-to-month,Yes,Electronic check,41.5,2464.02,No
GQVL-F77EA,Male,0,Yes,No,49,Yes,Yes,Fiber optic,Yes,No,Yes,No,Yes,No,Two year,Yes,Electronic check,59.78,2839.31,No
WUSG-6D945,Male,0,Yes,No,60,Yes,Yes,Fiber optic,No,Yes,Yes,No,Yes,No,Two year,No,Mailed check,58.99,3484.24,No
UECT-4C8F8,Female,0,Yes,No,11,Yes,Yes,Fiber optic,No,No,No,Yes,No,No,Month-to-month,Yes,Electronic check,58.01,603.74,Yes
WWFZ-B1040,Female,0,Yes,No,38,Yes,No,No,No internet service,No internet service,No internet service,No internet service,No internet service,No internet service,One year,No,Electronic check,18.8,788.46,No
JZMA-73D1C,Male,0,Yes,Yes,1,Yes,No,No,No internet service,No internet service,No internet service,No internet service,No internet service,No internet service,Two year,No,Electronic check,18.8,75.19,Yes
LARL-C9C70,Female,0,Yes,No,4,Yes,No,Fiber optic,No,Yes,No,Yes,No,No,Month-to-month,Yes,Credit card (automatic),57.55,267.96,Yes
DLKU-6D36C,Male,0,Yes,No,66,Yes,No,DSL,No,Yes,No,No,No,No,Two year,Yes,Mailed check,39.19,2593.05,No
DITP-C8DEF,Male,0,No,No,9,Yes,No,DSL,No,Yes,No,No,No,Yes,Month-to-month,Yes,Credit card (automatic),38.41,357.48,No
DPCF-4A6D4,Male,0,Yes,No,17,Yes,Yes,No,No internet service,No internet service,No internet service,No internet service,No internet service,No internet service,Two year,Yes,Mailed check,25.04,456.4,No
QTZG-B186F,Male,0,No,No,41,Yes,No,DSL,No,No,No,No,No,No,Month-to-month,Yes,Credit card (automatic),41.56,1715.19,No
UYWK-B080B,Male,0,No,Yes,43,Yes,No,No,No internet service,No internet service,No internet service,No internet service,No internet service,No internet service,Month-to-month,Yes,Electronic check,24.72,1111.38,No
ZRVG-F8ACA,Female,0,No,Yes,56,Yes,No,Fiber optic,No,No,Yes,No,No,No,One year,Yes,Electronic check,44.17,2452.79,No
IPRW-78811,Male,0,No,No,68,No,No phone service,DSL,Yes,Yes,Yes,No,No,Yes,Two year,Yes,Mailed check,44.46,2998.15,No
ARKW-B215E,Female,0,Yes,No,2,Yes,Yes,No,No internet service,No internet service,No internet service,No internet service,No internet service,No internet service,Month-to-month,No,Electronic check,34.8,149.31,No
BEAK-FA725,Female,0,Yes,Yes,58,Yes,No,No,No internet service,No internet service,No internet service,No internet service,No internet service,No internet service,One year,Yes,Mailed check,18.8,1024.56,No
NHSZ-342B7,Male,0,No,No,54,Yes,Yes,Fiber optic,No,No,No,No,No,No,Two year,Yes,Bank transfer (automatic),60.13,3263.91,No
HFBM-A307A,Male,0,Yes,No,10,Yes,No,Fiber optic,No,No,No,Yes,No,No,Month-to-month,Yes,Electronic check,48.52,471.65,No
IGET-DC8B6,Female,0,No,No,1,Yes,No,Fiber optic,No,No,No,No,No,No,Month-to-month,No,Mailed check,48.56,22.73,Yes
AJSQ-FF304,Male,0,No,No,5,Yes,Yes,Fiber optic,No,No,No,No,No,Yes,Month-to-month,Yes,Credit card (automatic),72.62,386.01,No
WVCE-9AFC3,Male,0,Yes,Yes,71,Yes,Yes,Fiber optic,No,Yes,Yes,Yes,Yes,Yes,Two year,Yes,Mailed check,74.83,5217.52,No
AQOX-9841E,Female,0,No,No,68,Yes,No,Fiber optic,No,No,No,No,No,No,One year,Yes,Mailed check,52.95,3543.19,No
VESJ-6DD34,Female,0,No,No,17,Yes,No,DSL,Yes,No,Yes,No,No,No,Two year,No,Bank transfer (automatic),31.04,508.83,No
VXCV-791AA,Male,0,Yes,Yes,17,Yes,No,DSL,No,Yes,Yes,Yes,No,No,Month-to-month,Yes,Credit card (automatic),44.02,634.76,No
RUYW-BFAA8,Female,0,Yes,No,1,Yes,Yes,DSL,No,No,No,Yes,No,No,Month-to-month,Yes,Credit card (automatic),52.32,0.0,No
TBNL-E1A2E,Male,0,No,No,65,Yes,No,Fiber optic,Yes,No,No,No,No,Yes,One year,Yes,Electronic check,57.74,3756.54,No
WGWM-FB036,Male,0,No,Yes,4,Yes,Yes,Fiber optic,No,No,No,No,Yes,Yes,Two year,No,Electronic check,68.09,175.53,No
FDZW-632E5,Male,0,Yes,No,8,Yes,Yes,DSL,Yes,No,No,Yes,No,No,Month-to-month,No,Electronic check,50.2,413.82,No
AKLQ-5EAF5,Female,0,Yes,Yes,63,Yes,No,Fiber optic,Yes,No,Yes,No,Yes,Yes,Month-to-month,No,Credit card (automatic),68.85,4346.64,No
QJST-5FDE3,Female,0,No,No,34,Yes,No,DSL,No,Yes,No,No,No,Yes,Month-to-month,Yes,Mailed check,45.51,1518.51,No
SCCZ-2D641,Female,0,No,No,6,Yes,No,Fiber optic,No,Yes,Yes,No,Yes,Yes,Month-to-month,Yes,Bank transfer (automatic),57.78,361.65,No
RSMV-58492,Female,0,No,No,10,Yes,Yes,No,No internet service,No internet service,No internet service,No internet service,No internet service,No internet service,One year,Yes,Bank transfer (automatic),35.86,374.34,No
MOOL-A843A,Female,1,No,No,67,Yes,No,No,No internet service,No internet service,No internet service,No internet service,No internet service,No internet service,Month-to-month,Yes,Bank transfer (automatic),28.36,1894.01,No
YTQX-E81A9,Male,0,Yes,No,28,Yes,No,No,No internet service,No internet service,No internet service,No internet service,No internet service,No internet service,Month-to-month,No,Electronic check,18.8,571.91,Yes
HWWI-73245,Male,0,Yes,No,64,Yes,No,Fiber optic,Yes,No,No,No,Yes,Yes,Month-to-month,Yes,Mailed check,70.16,4483.08,No
HDLQ-584BA,Male,0,No,No,63,Yes,No,Fiber optic,No,No,No,Yes,No,Yes,Month-to-month,No,Mailed check,56.44,3507.66,No
YBWI-1B22F,Male,0,No,No,34,Yes,No,No,No internet service,No internet service,No internet service,No internet service,No internet service,No internet service,Month-to-month,No,Bank transfer (automatic),18.8,669.93,No
FOFD-00760,Female,0,Yes,No,26,Yes,Yes,DSL,No,No,No,No,No,Yes,Two year,Yes,Credit card (automatic),50.89,1335.46,No
JHOZ-BE33C,Male,0,Yes,No,18,Yes,No,No,No internet service,No internet service,No internet service,No internet service,No internet service,No internet service,One year,Yes,Electronic check,18.8,369.39,No
IWMF-D8C72,Female,0,No,Yes,5,Yes,Yes,Fiber optic,No,Yes,Yes,No,Yes,No,One year,No,Electronic check,78.6,380.62,Yes
RDRK-CD6E1,Male,0,Yes,Yes,2,Yes,No,Fiber optic,Yes,Yes,No,Yes,No,No,Month-to-month,No,Bank transfer (automatic),59.68,77.79,No
CZOL-24ADE,Female,1,No,No,38,No,No phone service,Fiber optic,No,Yes,No,No,No,Yes,One year,Yes,Credit card (automatic),63.05,2452.13,No
KLEC-7916A,Female,0,Yes,No,10,Yes,No,Fiber optic,No,No,Yes,Yes,Yes,No,One year,No,Electronic check,63.82,587.74,No
VYIK-DB4A2,Male,0,Yes,No,63,Yes,No,No,No internet service,No internet service,No internet service,No internet service,No internet service,No internet service,One year,No,Mailed check,21.94,1345.43,No
LHZA-D40AA,Male,0,Yes,Yes,10,Yes,No,DSL,Yes,Yes,No,No,No,Yes,Two year,No,Mailed check,39.29,380.11,No
DACK-2B1CD,Male,0,No,No,68,Yes,No,Fiber optic,No,Yes,No,Yes,Yes,Yes,Month-to-month,No,Bank transfer (automatic),73.06,4907.3,No
SYYB-5C5BC,Male,0,No,Yes,7,Yes,No,Fiber optic,No,No,Yes,Yes,No,Yes,Month-to-month,Yes,Mailed check,65.33,454.88,No
ZIJA-4476D,Female,0,No,No,72,Yes,Yes,Fiber optic,No,Yes,Yes,No,Yes,Yes,One year,Yes,Bank transfer (automatic),72.92,5198.72,No
USAM-B36BC,Male,0,No,No,71,Yes,Yes,Fiber optic,No,Yes,No,No,No,No,Two year,Yes,Mailed check,55.12,3811.36,No
WLKJ-A6627,Male,0,Yes,Yes,16,Yes,No,No,No internet service,No internet service,No internet service,No internet service,No internet service,No internet service,One year,No,Electronic check,23.67,462.71,No
GNXU-7FF7C,Female,0,Yes,No,51,No,No phone service,Fiber optic,No,Yes,Yes,No,No,No,Month-to-month,Yes,Mailed check,47.07,2312.25,No
IWJG-2D4D1,Male,0,No,No,40,Yes,Yes,Fiber optic,No,Yes,No,No,Yes,No,Month-to-month,Yes,Electronic check,65.22,2559.15,Yes
NLLE-157C7,Male,1,No,Yes,30,No,No phone service,Fiber optic,Yes,No,Yes,No,Yes,Yes,Month-to-month,Yes,Electronic check,64.73,1937.49,Yes
GGPL-E7913,Male,0,No,No,11,Yes,No,Fiber optic,No,No,No,No,No,No,One year,Yes,Bank transfer (automatic),59.59,617.02,No
WIKP-08526,Male,0,No,No,2,Yes,No,Fiber optic,No,No,No,No,No,No,Month-to-month,Yes,Mailed check,50.29,185.01,Yes
LEOT-4F9C1,Male,0,Yes,Yes,54,Yes,No,No,No internet service,No internet service,No internet service,No internet service,No internet service,No internet service,Two year,Yes,Credit card (automatic),18.8,987.7,No
TISU-4409C,Female,0,Yes,No,27,No,No phone service,DSL,No,No,No,No,Yes,No,Month-to-month,No,Electronic check,43.67,1187.39,Yes
KEIK-E15A3,Male,1,No,Yes,6,No,No phone service,DSL,No,Yes,Yes,No,Yes,No,Month-to-month,Yes,Bank transfer (automatic),40.81,211.24,Yes
XXJT-CA205,Male,0,Yes,No,60,Yes,No,Fiber optic,No,No,No,Yes,No,Yes,One year,Yes,Bank transfer (automatic),68.39,4060.93,No
DHQP-3037C,Male,0,Yes,No,4,Yes,Yes,Fiber optic,No,Yes,No,No,Yes,No,Two year,Yes,Bank transfer (automatic),72.23,255.98,No
JHOB-30879,Male,0,No,No,31,No,No phone service,Fiber optic,No,No,No,No,No,No,Month-to-month,Yes,Mailed check,59.38,1864.22,Yes
QKWX-1E338,Male,1,Yes,Yes,35,Yes,No,No,No internet service,No internet service,No internet service,No internet service,No internet service,No internet service,Month-to-month,No,Mailed check,20.51,632.66,No
AJFM-DE387,Female,0,No,Yes,35,Yes,No,DSL,No,No,Yes,Yes,No,No,Month-to-month,Yes,Bank transfer (automatic),44.26,1526.94,No
KQZK-1EE58,Male,0,Yes,No,49,Yes,No,Fiber optic,Yes,No,Yes,Yes,No,Yes,One year,Yes,Credit card (automatic),65.5,3223.84,No
WNMX-D827A,Female,0,No,No,55,Yes,No,No,No internet service,No internet service,No internet service,No internet service,No internet service,No internet service,Two year,No,Electronic check,19.11,1046.12,No
HNRC-9B38B,Female,0,No,No,20,Yes,No,No,No internet service,No internet service,No internet service,No internet service,No internet service,No internet service,One year,Yes,Electronic check,20.36,459.05,No
BQGK-A007F,Male,0,No,Yes,6,Yes,Yes,Fiber optic,Yes,Yes,No,No,Yes,No,Month-to-month,Yes,Mailed check,64.82,343.7,Yes
AUBM-671C4,Male,1,Yes,No,1,Yes,No,Fiber optic,No,No,No,No,No,No,One year,Yes,Bank transfer (automatic),43.98,0.0,No
UROI-AFEE3,Male,0,Yes,No,11,Yes,Yes,No,No internet service,No internet service,No internet service,No internet service,No internet service,No internet service,Month-to-month,Yes,Credit card (automatic),32.92,371.6,No
PKZY-D25BB,Male,0,Yes,No,31,Yes,No,No,No internet service,No internet service,No internet service,No internet service,No internet service,No internet service,Month-to-month,Yes,Bank transfer (automatic),18.8,511.32,No
JDDR-77D0C,Female,0,Yes,No,11,Yes,No,Fiber optic,No,No,Yes,No,Yes,Yes,Two year,No,Electronic check,66.96,803.13,No
HYYN-532F3,Male,0,No,No,63,Yes,No,Fiber optic,No,No,No,No,No,Yes,Two year,Yes,Electronic check,49.14,3066.11,No
LMRV-8C962,Male,0,Yes,Yes,1,No,No phone service,DSL,No,No,No,Yes,Yes,No,Two year,Yes,Mailed check,53.41,0.0,No
FLBI-77DFB,Male,1,Yes,No,11,Yes,Yes,Fiber optic,No,No,Yes,No,No,No,One year,Yes,Bank transfer (automatic),54.12,606.94,No
CKSP-76692,Male,0,Yes,Yes,14,Yes,No,Fiber optic,No,No,Yes,No,No,Yes,Month-to-month,Yes,Mailed check,63.68,950.42,No
NFRW-86FA6,Male,0,No,No,33,Yes,Yes,DSL,No,Yes,No,Yes,Yes,Yes,Month-to-month,No,Mailed check,67.94,2315.95,No
AAFG-B8F8E,Male,0,Yes,No,4,Yes,Yes,No,No internet service,No internet service,No internet service,No internet service,No internet service,No internet service,Month-to-month,Yes,Electronic check,30.38,165.33,Yes
OJSL-47A6B,Female,0,No,No,55,Yes,No,Fiber optic,No,No,Yes,No,Yes,No,Two year,Yes,Bank transfer (automatic),56.01,3110.02,No
ZKHK-D2F6D,Female,0,No,No,2,Yes,No,Fiber optic,No,Yes,No,No,Yes,Yes,Month-to-month,Yes,Bank transfer (automatic),67.98,0.0,Yes
UUXE-9140A,Male,0,No,No,25,Yes,No,DSL,Yes,No,Yes,No,No,Yes,Month-to-month,No,Credit card (automatic),36.78,864.26,No
PTEI-ADE16,Male,0,No,No,4,Yes,Yes,DSL,No,No,No,Yes,Yes,No,Month-to-month,Yes,Bank transfer (automatic),61.08,242.78,No
AVDV-20E76,Male,0,Yes,Yes,61,Yes,No,DSL,No,No,Yes,No,Yes,Yes,Month-to-month,No,Mailed check,50.1,3063.95,No
QHRL-46049,Female,0,No,No,3,Yes,Yes,Fiber optic,No,No,No,Yes,No,No,Month-to-month,Yes,Credit card (automatic),65.12,157.26,No
DDRL-2BC03,Male,0,No,No,64,Yes,Yes,DSL,No,Yes,Yes,Yes,No,No,One year,Yes,Electronic check,42.98,2851.46,No
JTBU-52D12,Female,0,No,No,29,Yes,No,DSL,Yes,Yes,No,No,No,No,Two year,Yes,Electronic check,26.23,736.84,No
YNMR-A9084,Male,1,No,Yes,50,Yes,Yes,No,No internet service,No internet service,No internet service,No internet service,No internet service,No internet service,One year,No,Bank transfer (automatic),28.65,1493.57,No
UNDX-44ECD,Male,0,Yes,Yes,1,Yes,Yes,DSL,No,Yes,No,No,No,Yes,Month-to-month,No,Mailed check,50.27,229.54,No
RXCP-46337,Male,0,Yes,No,50,Yes,No,No,No internet service,No internet service,No internet service,No internet service,No internet service,No internet service,Month-to-month,No,Bank transfer (automatic),19.25,901.12,No
XQJL-838B3,Male,0,No,No,21,Yes,Yes,DSL,No,No,No,Yes,Yes,No,One year,No,Credit card (automatic),54.2,1211.63,No
PSNH-8C39A,Female,0,No,Yes,62,Yes,Yes,No,No internet service,No internet service,No internet service,No internet service,No internet service,No internet service,Two year,Yes,Credit card (automatic),31.53,1953.98,No
IKXJ-92E9C,Female,0,Yes,Yes,3,Yes,No,Fiber optic,No,No,Yes,No,No,Yes,One year,Yes,Credit card (automatic),56.08,128.15,No
PJIS-D2DD1,Male,0,Yes,Yes,24,Yes,No,DSL,No,No,No,No,No,No,Month-to-month,No,Mailed check,22.08,552.69,No
CSVK-AF53F,Male,0,Yes,No,11,Yes,No,No,No internet service,No internet service,No internet service,No internet service,No internet service,No internet service,Month-to-month,Yes,Bank transfer (automatic),18.8,189.82,Yes
HMLN-4AB37,Female,0,No,No,21,Yes,Yes,DSL,No,No,No,No,No,No,One year,No,Bank transfer (automatic),44.78,983.81,No
BFZN-9EBCB,Female,0,No,No,1,Yes,No,Fiber optic,Yes,No,Yes,No,Yes,No,One year,No,Electronic check,58.98,97.76,Yes
MQHX-2EE2B,Female,0,No,Yes,15,Yes,No,Fiber optic,Yes,Yes,No,No,No,No,Month-to-month,Yes,Mailed check,49.66,893.1,No
ZOIW-813A7,Female,1,Yes,No,0,Yes,Yes,DSL,No,No,No,Yes,No,Yes,One year,No,Mailed check,48.38,48.38,No
FUDF-706EF,Male,0,Yes,Yes,22,Yes,No,DSL,No,No,No,Yes,No,Yes,Two year,No,Bank transfer (automatic),53.14,1202.46,Yes
WIBV-5B1A9,Female,0,Yes,No,54,Yes,No,DSL,No,No,No,Yes,Yes,Yes,Month-to-month,Yes,Bank transfer (automatic),50.6,2677.26,No
XCKZ-6A2B4,Male,0,Yes,No,52,Yes,No,No,No internet service,No internet service,No internet service,No internet service,No internet service,No internet service,One year,No,Credit card (automatic),25.94,1375.88,No
OWRM-35D3A,Female,0,No,No,11,Yes,No,Fiber optic,Yes,No,No,No,No,Yes,Month-to-month,Yes,Electronic check,56.35,719.77,Yes
MISJ-48CDA,Female,0,Yes,No,2,Yes,No,DSL,No,No,No,No,Yes,No,One year,Yes,Bank transfer (automatic),50.47,66.54,Yes
RUHG-7AA2C,Female,0,No,No,20,Yes,No,DSL,Yes,No,No,No,No,Yes,One year,Yes,Bank transfer (automatic),46.52,843.02,No
JWSZ-A836D,Female,1,No,No,2,No,No phone service,DSL,No,No,Yes,No,Yes,No,Two year,Yes,Electronic check,46.6,108.01,No
JBGP-AFE88,Female,1,No,No,34,Yes,Yes,DSL,No,Yes,No,Yes,Yes,Yes,Month-to-month,Yes,Bank transfer (automatic),60.29,1995.12,No
UBPM-CCAAB,Male,0,Yes,Yes,46,Yes,Yes,Fiber optic,No,Yes,No,No,No,No,Month-to-month,Yes,Bank transfer (automatic),52.67,2448.96,Yes
PFHT-93EFA,Male,0,Yes,No,66,Yes,No,No,No internet service,No internet service,No internet service,No internet service,No internet service,No internet service,Month-to-month,Yes,Electronic check,32.52,2113.95,Yes
FYGL-D8315,Female,1,Yes,Yes,2,Yes,No,DSL,No,No,No,No,Yes,Yes,One year,No,Credit card (automatic),48.94,159.33,No
RSFE-B2179,Female,0,No,No,7,Yes,Yes,Fiber optic,Yes,Yes,No,No,No,Yes,Month-to-month,Yes,Mailed check,68.51,461.85,Yes
GFGI-00505,Male,1,No,Yes,18,Yes,No,Fiber optic,No,No,No,No,No,No,Month-to-month,No,Electronic check,51.35,928.25,Yes
PAQQ-9AC12,Female,0,Yes,Yes,63,Yes,Yes,DSL,Yes,No,Yes,No,No,No,Two year,No,Mailed check,50.55,3111.06,No
IRWX-96607,Female,0,Yes,No,4,Yes,No,DSL,No,No,No,No,Yes,No,Month-to-month,Yes,Mailed check,37.33,160.21,No
NFTV-4E1EC,Male,0,No,No,21,Yes,No,DSL,No,Yes,No,Yes,No,No,Month-to-month,Yes,Electronic check,40.45,943.89,Yes
FQIU-23435,Female,0,No,No,34,Yes,No,No,No internet service,No internet service,No internet service,No internet service,No internet service,No internet service,Month-to-month,No,Electronic check,18.8,675.73,No
PQOE-3E417,Female,0,No,Yes,61,Yes,Yes,Fiber optic,No,No,No,No,Yes,Yes,One year,No,Bank transfer (automatic),70.45,4363.5,No
AIWG-B75A9,Male,0,Yes,Yes,3,No,No phone service,DSL,No,No,Yes,Yes,No,Yes,Month-to-month,Yes,Electronic check,48.06,98.52,Yes
IFXE-F7F59,Male,0,Yes,No,27,Yes,No,No,No internet service,No internet service,No internet service,No internet service,No internet service,No internet service,Month-to-month,Yes,Bank transfer (automatic),29.13,806.43,No
PIFN-A4CA2,Male,0,Yes,No,51,Yes,No,No,No internet service,No internet service,No internet service,No internet service,No internet service,No internet service,Month-to-month,Yes,Electronic check,20.62,1074.46,No
YBQL-ACAAD,Female,0,Yes,No,7,Yes,Yes,Fiber optic,Yes,No,Yes,Yes,No,Yes,Month-to-month,Yes,Electronic check,60.33,434.37,Yes
SVKF-39813,Male,0,No,No,27,Yes,No,Fiber optic,No,No,No,No,Yes,No,One year,No,Bank transfer (automatic),57.17,1560.36,No
ZSTF-14D8C,Male,0,Yes,No,18,Yes,No,Fiber optic,No,No,Yes,No,No,No,Two year,No,Electronic check,49.44,839.81,No
MMPY-69E5D,Male,0,Yes,No,12,Yes,Yes,DSL,Yes,No,No,No,Yes,No,Month-to-month,No,Credit card (automatic),63.65,830.36,Yes
NWMQ-5A59C,Male,0,No,No,32,Yes,Yes,No,No internet service,No internet service,No internet service,No internet service,No internet service,No internet service,One year,Yes,Electronic check,26.74,805.86,No
LLIS-98010,Male,1,Yes,No,59,Yes,No,Fiber optic,No,No,No,No,Yes,No,Month-to-month,No,Electronic check,48.18,2815.53,No
WWBB-C8493,Male,1,No,Yes,15,Yes,Yes,Fiber optic,No,No,No,No,Yes,Yes,Month-to-month,No,Bank transfer (automatic),81.83,1180.11,No
FJXT-38EFC,Female,0,Yes,Yes,58,Yes,Yes,DSL,No,No,No,No,No,Yes,Month-to-month,No,Electronic check,45.3,2673.51,No
DGFD-25866,Female,0,No,No,17,Yes,No,Fiber optic,Yes,Yes,No,Yes,No,Yes,Month-to-month,Yes,Mailed check,56.36,962.28,No
GDZP-3CDF2,Male,0,Yes,Yes,25,Yes,No,Fiber optic,No,No,No,No,No,No,Two year,Yes,Electronic check,51.2,1297.45,No
QZUF-E678C,Male,1,No,Yes,27,Yes,No,DSL,No,Yes,No,No,No,Yes,Month-to-month,Yes,Electronic check,44.5,1122.26,No
DOVO-408B8,Male,0,Yes,No,7,Yes,Yes,DSL,No,No,No,Yes,No,No,Month-to-month,No,Electronic check,49.53,388.43,Yes
ZPNB-82B2E,Female,0,Yes,No,10,Yes,No,Fiber optic,Yes,Yes,Yes,No,No,No,One year,No,Credit card (automatic),47.08,482.67,No
HLDF-E48F9,Female,0,No,No,6,Yes,No,Fiber optic,No,No,No,Yes,Yes,Yes,Month-to-month,Yes,Bank transfer (automatic),78.75,602.2,No
BJKH-38646,Female,0,Yes,No,55,Yes,Yes,DSL,No,No,No,No,Yes,Yes,Two year,Yes,Credit card (automatic),61.99,3374.43,No
IFLY-89F93,Female,0,Yes,No,3,Yes,No,DSL,No,No,No,Yes,No,Yes,Month-to-month,Yes,Credit card (automatic),52.52,139.49,No
KMMD-15EBD,Female,0,No,No,30,Yes,No,No,No internet service,No internet service,No internet service,No internet service,No internet service,No internet service,One year,No,Mailed check,20.45,715.66,No
EKPL-650DE,Female,1,No,Yes,5,Yes,Yes,DSL,Yes,No,No,No,No,No,Two year,No,Credit card (automatic),51.02,245.38,No
CKNU-F6BED,Female,1,Yes,No,6,Yes,Yes,DSL,Yes,Yes,No,No,No,No,Two year,No,Electronic check,46.18,248.72,No
HVKA-CD575,Female,0,Yes,No,6,Yes,No,Fiber optic,Yes,No,Yes,No,No,No,One year,No,Electronic check,47.29,337.8,No
DZAO-0BEA9,Female,0,Yes,No,31,No,No phone service,DSL,Yes,No,Yes,No,No,Yes,Month-to-month,Yes,Mailed check,37.18,1175.57,Yes
VZWG-9D4A0,Male,0,Yes,No,1,Yes,No,Fiber optic,Yes,No,No,No,No,Yes,Month-to-month,Yes,Electronic check,57.1,21.26,No
WPTV-37D2D,Male,0,No,No,50,Yes,No,Fiber optic,No,Yes,No,No,Yes,Yes,Month-to-month,Yes,Credit card (automatic),65.77,3268.53,No
HONR-D5269,Male,0,No,No,34,Yes,No,DSL,No,Yes,No,Yes,Yes,No,Month-to-month,No,Mailed check,55.12,1864.03,No
TTIY-110E2,Male,0,Yes,No,55,Yes,Yes,DSL,No,Yes,No,No,Yes,No,Two year,Yes,Credit card (automatic),49.92,2794.77,No
PVTY-068B9,Female,0,No,No,6,Yes,No,DSL,No,No,No,No,Yes,No,Month-to-month,No,Electronic check,37.76,152.92,Yes
OHCL-48C89,Female,0,No,No,5,Yes,No,Fiber optic,No,No,No,No,No,Yes,One year,Yes,Bank transfer (automatic),59.92,301.77,No
BQLD-3CE8F,Male,0,No,No,23,Yes,Yes,Fiber optic,Yes,No,Yes,Yes,No,No,Two year,Yes,Electronic check,59.36,1366.14,No
EHYE-A3575,Female,0,Yes,No,62,No,No phone service,Fiber optic,Yes,No,No,No,Yes,Yes,Month-to-month,Yes,Mailed check,58.97,3628.1,No
WZNN-030D3,Male,0,Yes,No,3,No,No phone service,Fiber optic,Yes,No,No,Yes,No,Yes,Month-to-month,Yes,Credit card (automatic),67.63,166.67,No
IVSQ-0985B,Female,1,No,Yes,29,Yes,Yes,DSL,No,Yes,Yes,No,No,No,Month-to-month,No,Electronic check,42.13,1118.19,Yes
YGII-D1EC7,Male,1,Yes,Yes,72,Yes,Yes,No,No internet service,No internet service,No internet service,No internet service,No internet service,No internet service,Month-to-month,No,Mailed check,28.36,2016.33,Yes
PXUH-0A21F,Female,1,Yes,No,41,Yes,Yes,Fiber optic,Yes,No,No,No,Yes,No,Two year,Yes,Mailed check,61.78,2507.94,No
MQFC-15065,Female,0,Yes,No,2,Yes,No,Fiber optic,Yes,No,No,Yes,No,No,One year,Yes,Bank transfer (automatic),56.98,38.15,No
NPIL-14FF7,Male,0,Yes,Yes,6,Yes,No,DSL,No,No,Yes,Yes,Yes,No,Two year,Yes,Credit card (automatic),52.58,303.66,Yes
YNDW-69A4B,Female,0,No,No,29,Yes,Yes,DSL,No,Yes,Yes,No,No,Yes,Two year,No,Electronic check,59.3,1703.41,No
NJHT-31E5A,Male,1,No,No,34,No,No phone service,No,No internet service,No internet service,No internet service,No internet service,No internet service,No internet service,Two year,No,Mailed check,18.8,624.56,No
SVQS-DF0B2,Male,0,Yes,No,13,Yes,Yes,Fiber optic,No,No,No,No,Yes,Yes,Month-to-month,No,Electronic check,79.4,1125.58,No
XBGE-9008F,Male,0,Yes,Yes,2,Yes,No,Fiber optic,Yes,Yes,No,Yes,Yes,No,Month-to-month,Yes,Electronic check,63.34,58.19,No
NLRO-6903A,Male,0,No,No,49,Yes,Yes,DSL,No,No,No,No,No,No,One year,Yes,Mailed check,43.78,2183.69,No
IBDW-50B87,Female,0,Yes,No,57,Yes,Yes,Fiber optic,No,No,No,No,Yes,Yes,One year,Yes,Electronic check,73.26,4167.8,Yes
XIOT-93AB1,Female,0,No,No,22,Yes,No,No,No internet service,No internet service,No internet service,No internet service,No internet service,No internet service,Month-to-month,No,Electronic check,18.8,355.62,No
ERDW-1FA74,Female,0,No,Yes,1,Yes,No,No,No internet service,No internet service,No internet service,No internet service,No internet service,No internet service,Month-to-month,No,Electronic check,18.8,98.76,Yes
ITTF-8F4B2,Male,0,Yes,No,28,Yes,No,Fiber optic,No,Yes,No,No,Yes,No,Month-to-month,No,Mailed check,54.63,1457.65,Yes
VEHL-52A0F,Female,0,No,Yes,29,Yes,No,Fiber optic,Yes,Yes,No,Yes,No,No,Two year,Yes,Electronic check,51.73,1457.12,No
BIYE-1B1E7,Male,1,No,No,11,Yes,No,No,No internet service,No internet service,No internet service,No internet service,No internet service,No internet service,One year,No,Mailed check,21.54,179.03,No
WGDZ-CE569,Female,0,Yes,Yes,21,Yes,No,No,No internet service,No internet service,No internet service,No internet service,No internet service,No internet service,Month-to-month,No,Credit card (automatic),18.8,323.46,Yes
LGJP-05411,Female,0,Yes,No,8,Yes,Yes,No,No internet service,No internet service,No internet service,No internet service,No internet service,No internet service,Month-to-month,No,Credit card (automatic),18.8,122.78,Yes
MCIO-D1616,Female,0,No,Yes,2,Yes,No,No,No internet service,No internet service,No internet service,No internet service,No internet service,No internet service,Two year,Yes,Mailed check,19.42,23.92,No
MULY-20053,Male,1,Yes,Yes,10,Yes,Yes,Fiber optic,No,No,No,No,No,No,Month-to-month,No,Credit card (automatic),57.63,431.79,No
CGZU-0E365,Female,0,No,No,31,Yes,Yes,Fiber optic,No,No,Yes,Yes,Yes,Yes,One year,Yes,Bank transfer (automatic),84.34,2569.14,No
KTSP-AB261,Female,1,No,No,0,Yes,No,Fiber optic,Yes,No,Yes,Yes,Yes,No,Two year,Yes,Electronic check,54.99,54.99,No
SLQO-42F41,Male,0,Yes,No,25,Yes,No,Fiber optic,Yes,No,No,Yes,No,Yes,Month-to-month,Yes,Bank transfer (automatic),73.59,1850.97,Yes
HXGZ-7DA08,Female,1,Yes,No,71,Yes,Yes,Fiber optic,Yes,No,Yes,No,No,Yes,Month-to-month,No,Bank transfer (automatic),63.43,4577.03,No
KFOC-BD17A,Male,1,No,No,23,Yes,No,DSL,No,No,No,No,No,No,Month-to-month,Yes,Credit card (automatic),28.66,695.03,Yes
BKGB-C7C9E,Female,0,Yes,Yes,67,Yes,Yes,DSL,No,No,No,Yes,Yes,No,Month-to-month,Yes,Mailed check,58.19,3771.05,No
ZPJK-D683F,Male,0,No,No,10,Yes,No,DSL,No,No,No,No,No,Yes,Month-to-month,No,Bank transfer (automatic),34.59,359.55,No
QIPK-2DED5,Male,0,No,No,9,Yes,No,Fiber optic,No,Yes,No,No,No,Yes,One year,Yes,Mailed check,52.73,467.69,No
GBTI-ED2E2,Female,0,No,No,62,Yes,No,DSL,No,Yes,Yes,No,No,No,One year,Yes,Electronic check,36.16,2216.24,No
MMYR-E9DDD,Male,0,Yes,Yes,32,Yes,No,Fiber optic,No,No,No,No,No,Yes,Two year,No,Bank transfer (automatic),59.26,1799.63,No
KJZT-E9EBB,Male,0,No,No,56,Yes,No,No,No internet service,No internet service,No internet service,No internet service,No internet service,No internet service,Month-to-month,Yes,Credit card (automatic),21.19,1192.5,No
EOTT-F54FF,Male,0,No,Yes,42,Yes,No,No,No internet service,No internet service,No internet service,No internet service,No internet service,No internet service,Month-to-month,No,Electronic check,18.83,719.01,Yes
EJYF-C12C9,Male,0,No,No,33,Yes,Yes,Fiber optic,No,Yes,Yes,No,No,No,Month-to-month,No,Electronic check,52.86,1681.76,Yes
OWHN-9B5A7,Male,0,Yes,Yes,41,No,No phone service,Fiber optic,No,Yes,Yes,No,No,No,One year,No,Mailed check,53.11,2204.68,No
OWKR-FCF94,Male,0,No,Yes,5,Yes,No,No,No internet service,No internet service,No internet service,No internet service,No internet service,No internet service,Two year,Yes,Credit card (automatic),19.08,98.25,Yes
ZQGI-4D1B8,Female,0,No,No,27,Yes,No,No,No internet service,No internet service,No internet service,No internet service,No internet service,No internet service,Month-to-month,Yes,Bank transfer (automatic),23.1,596.57,No
BPTS-85205,Male,0,Yes,No,5,No,No phone service,Fiber optic,No,Yes,Yes,No,Yes,Yes,Month-to-month,Yes,Mailed check,69.13,289.0,No
QAZP-4F2F4,Male,0,No,No,49,Yes,No,Fiber optic,No,No,No,Yes,No,No,One year,Yes,Credit card (automatic),60.39,2934.88,No
JLZG-F54AB,Female,0,Yes,Yes,26,Yes,No,Fiber optic,No,No,No,No,Yes,No,Month-to-month,Yes,Electronic check,61.37,1661.34,No
IDKO-01E06,Female,1,Yes,Yes,54,Yes,Yes,DSL,No,Yes,No,No,Yes,No,Month-to-month,No,Credit card (automatic),48.41,2692.01,No
TIMC-CADD5,Female,0,No,No,8,Yes,No,No,No internet service,No internet service,No internet service,No internet service,No internet service,No internet service,One year,Yes,Credit card (automatic),22.2,175.5,No
BJDN-2E94E,Female,0,Yes,No,6,Yes,No,DSL,Yes,Yes,Yes,No,Yes,Yes,Two year,Yes,Credit card (automatic),47.91,219.17,No
ULDI-9C4B4,Female,0,No,Yes,53,Yes,No,Fiber optic,Yes,Yes,No,Yes,No,Yes,One year,No,Electronic check,67.28,3695.43,No
GLEK-54C5B,Female,0,No,No,54,Yes,Yes,DSL,No,No,Yes,Yes,Yes,Yes,One year,Yes,Mailed check,57.98,3120.39,No
SRHV-34D5B,Female,1,Yes,Yes,48,Yes,Yes,DSL,No,No,No,No,Yes,No,One year,Yes,Mailed check,59.25,2777.28,Yes
BPWS-9D461,Male,1,Yes,No,30,Yes,No,Fiber optic,No,Yes,No,No,No,No,Month-to-month,Yes,Electronic check,41.61,1222.2,Yes
SSTT-2AC37,Male,0,No,Yes,60,Yes,Yes,Fiber optic,Yes,No,Yes,No,No,No,One year,No,Electronic check,54.54,3279.67,No
XKTN-AAACE,Female,0,No,Yes,41,No,No phone service,DSL,No,No,Yes,No,No,Yes,Month-to-month,Yes,Electronic check,52.97,2197.68,No
HYQP-56A54,Male,0,No,Yes,10,Yes,Yes,DSL,No,No,Yes,No,No,No,One year,No,Bank transfer (automatic),46.27,435.8,No
VKQA-1D2CE,Male,0,No,Yes,3,Yes,Yes,No,No internet service,No internet service,No internet service,No internet service,No internet service,No internet service,Two year,Yes,Credit card (automatic),32.19,40.39,No
MWLY-366C0,Male,1,Yes,Yes,3,Yes,Yes,Fiber optic,No,No,No,No,Yes,No,Month-to-month,No,Electronic check,64.18,279.11,No
VAIP-27FD0,Female,0,Yes,No,55,Yes,No,Fiber optic,No,Yes,No,No,No,Yes,Month-to-month,Yes,Bank transfer (automatic),59.3,3208.92,No
PPBQ-8A44B,Female,0,No,Yes,53,Yes,No,DSL,Yes,No,Yes,No,Yes,Yes,One year,Yes,Electronic check,44.92,2485.73,No
SEFP-D33CB,Male,0,No,Yes,62,Yes,No,DSL,No,No,Yes,No,No,Yes,Month-to-month,Yes,Bank transfer (automatic),49.8,2964.8,No
XUYE-430CA,Female,1,Yes,Yes,9,Yes,No,Fiber optic,No,Yes,No,No,No,Yes,One year,No,Mailed check,59.39,594.1,No
CFEK-74E38,Male,0,No,No,58,No,No phone service,Fiber optic,Yes,No,No,No,No,Yes,Month-to-month,No,Electronic check,60.62,3510.12,No
LKVZ-07169,Male,0,No,No,6,Yes,Yes,No,No internet service,No internet service,No internet service,No internet service,No internet service,No internet service,One year,No,Mailed check,23.27,124.24,No
KIIH-55B10,Male,0,No,No,50,Yes,Yes,DSL,No,Yes,No,Yes,No,Yes,Month-to-month,Yes,Bank transfer (automatic),60.78,2849.56,No
NRGF-96B21,Male,0,Yes,No,35,Yes,No,No,No internet service,No internet service,No internet service,No internet service,No internet service,No internet service,Month-to-month,No,Electronic check,23.99,844.8,Yes
OKSN-522C3,Female,0,No,Yes,67,Yes,No,Fiber optic,No,No,No,Yes,No,No,Month-to-month,Yes,Mailed check,56.31,3821.74,No
NVXG-1CA59,Female,1,No,Yes,8,Yes,No,Fiber optic,No,No,Yes,No,Yes,Yes,Month-to-month,No,Electronic check,65.65,508.59,Yes
ESSH-7502F,Female,0,No,No,36,Yes,No,Fiber optic,No,Yes,No,No,No,No,Month-to-month,No,Credit card (automatic),43.23,1617.47,No
LDBJ-F6F7C,Male,0,No,No,36,Yes,Yes,No,No internet service,No internet service,No internet service,No internet service,No internet service,No internet service,Month-to-month,Yes,Credit card (automatic),31.87,1129.82,No
UAAX-E2AEF,Female,0,No,No,54,Yes,Yes,DSL,No,Yes,No,Yes,No,No,Month-to-month,Yes,Bank transfer (automatic),47.23,2520.65,No
HVQY-29050,Male,0,No,No,48,Yes,No,No,No internet service,No internet service,No internet service,No internet service,No internet service,No internet service,One year,Yes,Bank transfer (automatic),24.23,1136.95,No
LVRI-65B41,Female,0,No,No,21,Yes,Yes,DSL,Yes,No,No,Yes,No,No,Month-to-month,Yes,Mailed check,49.23,1016.94,No
NVMF-0FC21,Male,0,Yes,No,4,Yes,Yes,No,No internet service,No internet service,No internet service,No internet service,No internet service,No internet service,Month-to-month,No,Bank transfer (automatic),30.27,110.77,Yes
DJVE-D0B4F,Male,0,Yes,Yes,0,Yes,Yes,Fiber optic,No,No,No,No,No,No,Month-to-month,Yes,Credit card (automatic),64.16,64.16,Yes
MHGV-65B8A,Male,1,No,Yes,22,No,No phone service,No,No internet service,No internet service,No internet service,No internet service,No internet service,No internet service,One year,Yes,Credit card (automatic),18.8,397.13,No
LBAB-98BE2,Female,0,Yes,No,5,No,No phone service,Fiber optic,No,Yes,No,No,No,No,Month-to-month,Yes,Credit card (automatic),46.26,256.74,Yes
YYQN-220A6,Female,0,Yes,Yes,47,No,No phone service,DSL,Yes,Yes,No,Yes,Yes,No,Two year,Yes,Electronic check,48.36,2341.66,No
EDBQ-AA101,Female,0,Yes,No,57,Yes,No,DSL,Yes,No,No,No,Yes,No,Month-to-month,No,Credit card (automatic),47.58,2704.64,No
TTHB-5C2C7,Female,0,Yes,No,57,Yes,Yes,DSL,No,Yes,Yes,No,No,No,Two year,No,Bank transfer (automatic),42.17,2400.34,No
DYNR-15AA1,Male,0,Yes,No,7,No,No phone service,Fiber optic,No,Yes,No,Yes,Yes,Yes,Month-to-month,Yes,Mailed check,71.58,536.64,No
PYUF-EA02E,Female,0,Yes,Yes,23,No,No phone service,Fiber optic,No,No,No,Yes,No,No,Month-to-month,Yes,Mailed check,57.48,1354.98,Yes
FCLN-9AFC0,Female,0,No,No,36,Yes,Yes,DSL,No,Yes,Yes,No,No,No,Month-to-month,Yes,Electronic check,45.95,1651.8,Yes
CAKJ-E50E4,Male,0,No,No,46,Yes,No,DSL,Yes,No,No,No,No,Yes,Month-to-month,No,Electronic check,49.7,2334.76,No
XUWV-2A6AB,Male,0,No,No,3,Yes,Yes,Fiber optic,No,No,No,No,Yes,No,One year,No,Mailed check,65.19,198.1,Yes
NIXR-E3D57,Male,0,Yes,Yes,1,No,No phone service,DSL,No,No,No,Yes,Yes,No,Month-to-month,No,Bank transfer (automatic),51.9,56.08,No
WJGX-F4430,Female,1,No,Yes,15,Yes,Yes,Fiber optic,Yes,No,No,No,No,No,Two year,No,Bank transfer (automatic),63.41,953.57,No
OGWE-A8917,Male,0,No,No,36,Yes,No,DSL,Yes,No,No,No,No,No,Month-to-month,Yes,Mailed check,43.39,1587.86,No
QIWN-50276,Male,0,No,No,5,Yes,No,No,No internet service,No internet service,No internet service,No internet service,No internet service,No internet service,Month-to-month,Yes,Credit card (automatic),18.8,146.99,Yes
WUEP-71A81,Male,0,Yes,No,26,Yes,No,DSL,No,No,No,No,Yes,No,Month-to-month,Yes,Credit card (automatic),42.38,994.32,Yes
MTIJ-13F92,Female,0,Yes,No,13,Yes,No,No,No internet service,No internet service,No internet service,No internet service,No internet service,No internet service,Month-to-month,Yes,Electronic check,19.03,247.25,No
MFLD-99A74,Male,0,No,No,17,Yes,Yes,DSL,Yes,No,No,Yes,Yes,No,Month-to-month,No,Bank transfer (automatic),63.22,1068.79,No
GFLL-A04DE,Female,0,No,No,10,Yes,No,DSL,No,No,Yes,No,Yes,Yes,Two year,No,Electronic check,47.84,527.74,No
YHDF-2FECB,Female,0,No,Yes,31,Yes,No,No,No internet service,No internet service,No internet service,No internet service,No internet service,No internet service,Two year,Yes,Credit card (automatic),18.8,674.14,No
IMVV-8D56D,Male,0,No,No,49,Yes,No,DSL,No,Yes,Yes,No,No,No,One year,Yes,Mailed check,44.08,2182.06,No
JTLH-3975B,Male,0,Yes,Yes,6,Yes,Yes,No,No internet service,No internet service,No internet service,No internet service,No internet service,No internet service,One year,Yes,Mailed check,24.36,140.29,No
ACZR-80969,Female,0,No,Yes,8,Yes,Yes,Fiber optic,Yes,Yes,Yes,No,Yes,Yes,Two year,No,Bank transfer (automatic),65.15,544.63,No
BOPH-0FB9C,Male,1,Yes,Yes,64,Yes,No,Fiber optic,No,No,No,No,Yes,Yes,Month-to-month,Yes,Electronic check,77.1,4954.39,Yes
RDLX-4F155,Male,0,No,No,55,Yes,No,No,No internet service,No internet service,No internet service,No internet service,No internet service,No internet service,Month-to-month,Yes,Mailed check,29.06,1550.85,Yes
QEFR-4ED48,Female,0,No,Yes,4,Yes,No,DSL,No,No,No,Yes,Yes,No,Month-to-month,No,Mailed check,60.83,229.86,No
IIRH-24E45,Female,0,No,Yes,33,No,No phone service,No,No internet service,No internet service,No internet service,No internet service,No internet service,No internet service,Month-to-month,Yes,Credit card (automatic),18.87,608.76,Yes
QCGE-EEC39,Male,0,Yes,No,8,Yes,Yes,Fiber optic,No,No,No,Yes,No,No,Month-to-month,No,Electronic check,67.12,468.95,Yes
RWET-39E02,Female,0,Yes,Yes,1,Yes,No,Fiber optic,No,No,No,No,Yes,No,Two year,No,Electronic check,50.7,14.54,No
VARN-5DD50,Male,0,No,No,52,Yes,No,Fiber optic,Yes,Yes,No,Yes,No,No,Two year,No,Electronic check,54.78,2766.55,No
DCZP-A3DBC,Male,0,No,No,72,Yes,No,Fiber optic,No,Yes,No,No,No,Yes,Month-to-month,Yes,Mailed check,58.83,4181.89,No
MSOJ-95FBB,Male,0,No,No,8,No,No phone service,DSL,No,Yes,No,Yes,No,Yes,One year,Yes,Electronic check,50.9,372.66,No
SLYF-91497,Female,0,No,Yes,70,Yes,No,DSL,No,No,No,No,No,No,Month-to-month,Yes,Credit card (automatic),36.43,2528.85,No
YPKL-9C499,Male,0,Yes,Yes,4,Yes,Yes,Fiber optic,No,No,Yes,No,Yes,No,Month-to-month,Yes,Electronic check,69.23,349.7,Yes
AXOG-AAE06,Male,1,No,No,54,Yes,No,Fiber optic,No,Yes,No,Yes,No,No,Month-to-month,Yes,Mailed check,56.37,2906.66,No
EONM-F8614,Male,0,No,No,11,Yes,No,Fiber optic,No,Yes,Yes,No,Yes,Yes,Month-to-month,Yes,Electronic check,65.26,710.53,Yes
XLXN-86810,Female,1,No,Yes,3,Yes,No,Fiber optic,Yes,No,No,No,No,No,Month-to-month,Yes,Electronic check,49.51,221.76,No
MPOL-4B907,Female,0,Yes,No,24,No,No phone service,Fiber optic,Yes,No,Yes,Yes,No,No,One year,No,Credit card (automatic),57.96,1349.71,No
SUHY-A7AD3,Female,0,No,No,15,Yes,No,Fiber optic,No,No,No,No,Yes,Yes,Month-to-month,No,Credit card (automatic),63.72,967.93,No
DLCV-F9F1A,Female,1,Yes,Yes,57,Yes,No,Fiber optic,No,No,No,Yes,Yes,Yes,Month-to-month,No,Electronic check,69.32,3989.84,No
LHIO-A29E0,Female,0,No,No,11,Yes,Yes,Fiber optic,No,No,Yes,No,No,No,One year,Yes,Credit card (automatic),65.67,658.59,No
WPIT-9C10A,Male,1,No,Yes,22,Yes,No,No,No internet service,No internet service,No internet service,No internet service,No internet service,No internet service,One year,Yes,Electronic check,27.73,727.94,No
HGKS-2F621,Female,0,Yes,No,25,Yes,No,No,No internet service,No internet service,No internet service,No internet service,No internet service,No internet service,Month-to-month,Yes,Electronic check,25.21,669.01,No
WCKR-841B7,Female,0,Yes,No,49,Yes,Yes,DSL,No,No,No,Yes,No,No,Month-to-month,Yes,Electronic check,55.88,2751.31,No
BEOE-61CAC,Female,1,No,Yes,4,Yes,No,Fiber optic,No,No,No,Yes,Yes,Yes,Month-to-month,Yes,Credit card (automatic),79.89,310.49,No
BJGQ-D3C9D,Male,0,No,No,19,Yes,Yes,Fiber optic,No,Yes,No,Yes,No,No,One year,Yes,Bank transfer (automatic),62.84,1249.11,No
CZLH-2FE27,Female,1,Yes,No,7,No,No phone service,No,No internet service,No internet service,No internet service,No internet service,No internet service,No internet service,One year,Yes,Bank transfer (automatic),25.25,183.52,No
TPEJ-54F3B,Female,1,Yes,No,27,Yes,Yes,Fiber optic,Yes,No,Yes,No,Yes,No,Two year,Yes,Electronic check,61.64,1640.47,No
XUUE-2CBB6,Male,0,No,No,4,Yes,No,Fiber optic,No,No,Yes,No,Yes,No,Month-to-month,Yes,Mailed check,51.34,253.96,Yes
NAHN-2203F,Female,0,No,No,9,Yes,No,Fiber optic,No,No,Yes,No,No,No,Month-to-month,No,Credit card (automatic),51.68,446.89,No
SYGP-E5ABD,Male,0,Yes,No,12,Yes,No,DSL,No,No,No,No,Yes,Yes,One year,No,Credit card (automatic),50.04,587.66,No
ZPPW-A5A83,Male,0,No,Yes,20,Yes,Yes,Fiber optic,Yes,No,Yes,Yes,No,Yes,Two year,Yes,Credit card (automatic),76.43,1495.58,No
NQXP-2F94C,Male,0,Yes,Yes,1,Yes,Yes,Fiber optic,No,No,Yes,Yes,No,No,Two year,Yes,Electronic check,60.41,104.17,Yes
KJVW-85D2B,Male,0,Yes,No,28,Yes,No,Fiber optic,Yes,Yes,Yes,No,No,No,Month-to-month,Yes,Mailed check,55.43,1560.29,Yes
PWKV-0C1A3,Male,0,Yes,No,24,Yes,Yes,Fiber optic,Yes,Yes,No,No,No,No,One year,Yes,Electronic check,64.1,1561.61,No
ZUCX-48113,Female,0,No,Yes,3,No,No phone service,No,No internet service,No internet service,No internet service,No internet service,No internet service,No internet service,Month-to-month,Yes,Electronic check,18.8,73.85,No
NOWE-B0421,Male,1,Yes,No,18,Yes,No,DSL,No,No,No,No,No,Yes,One year,No,Electronic check,43.89,778.59,No
PXRW-905D0,Male,0,No,No,16,Yes,No,Fiber optic,Yes,No,Yes,Yes,No,No,Month-to-month,No,Bank transfer (automatic),51.9,858.37,Yes
CVBY-CA816,Female,0,Yes,No,19,Yes,No,Fiber optic,No,Yes,Yes,Yes,No,Yes,Month-to-month,Yes,Credit card (automatic),57.53,1126.0,Yes
VXLV-C0998,Male,0,No,Yes,7,Yes,Yes,DSL,No,No,No,No,No,Yes,Month-to-month,Yes,Electronic check,54.74,376.66,Yes
UXOI-FFAA1,Female,0,No,No,56,Yes,No,Fiber optic,Yes,No,Yes,No,No,No,Month-to-month,Yes,Mailed check,41.36,2266.26,No
KFNV-3F21F,Female,0,No,No,16,No,No phone service,Fiber optic,No,Yes,No,Yes,Yes,No,Month-to-month,Yes,Electronic check,64.33,985.77,No
CTTI-141AE,Female,0,No,No,71,Yes,No,DSL,No,Yes,No,No,Yes,Yes,Two year,No,Electronic check,44.31,3154.16,No
ZUUW-CAF56,Male,1,No,Yes,11,Yes,No,Fiber optic,No,Yes,Yes,Yes,Yes,No,Month-to-month,No,Electronic check,65.65,772.08,No
XIHD-49E2A,Male,0,No,No,24,Yes,No,No,No internet service,No internet service,No internet service,No internet service,No internet service,No internet service,Month-to-month,No,Credit card (automatic),18.8,333.1,No
TXTE-7FE9F,Male,0,Yes,No,2,No,No phone service,DSL,Yes,No,Yes,No,Yes,Yes,Two year,Yes,Mailed check,49.54,157.63,No
RBXE-63B0A,Female,1,Yes,No,18,Yes,No,No,No internet service,No internet service,No internet service,No internet service,No internet service,No internet service,Two year,No,Electronic check,18.8,280.03,No
WUHX-5A810,Male,1,No,Yes,12,Yes,No,DSL,No,No,Yes,Yes,Yes,No,Month-to-month,No,Electronic check,47.95,646.87,No
EYYK-F0F30,Male,0,Yes,No,60,Yes,No,DSL,No,No,No,No,No,Yes,Month-to-month,Yes,Bank transfer (automatic),50.68,3038.48,No
TJHT-5C315,Male,0,Yes,Yes,8,Yes,No,DSL,Yes,No,Yes,Yes,No,No,Month-to-month,Yes,Electronic check,39.35,326.68,No
PFDT-76300,Female,0,No,Yes,5,Yes,No,DSL,No,No,No,No,No,Yes,Month-to-month,Yes,Electronic check,45.57,312.28,No
RCGX-5B5ED,Female,0,Yes,Yes,59,No,No phone service,Fiber optic,No,Yes,Yes,No,No,Yes,Month-to-month,Yes,Electronic check,58.82,3521.91,No
MRKY-5D9A5,Male,0,No,Yes,51,No,No phone service,Fiber optic,No,No,No,No,Yes,No,One year,No,Mailed check,59.16,3045.46,No
VTVU-2ED3F,Male,0,Yes,No,69,Yes,No,DSL,No,No,No,No,No,Yes,One year,No,Credit card (automatic),42.2,2905.53,No
NIFJ-0BBA8,Male,1,No,Yes,1,Yes,No,Fiber optic,No,No,No,No,Yes,Yes,One year,No,Electronic check,74.1,76.4,Yes
JSWC-6FDF2,Male,0,No,No,58,Yes,No,Fiber optic,No,No,Yes,Yes,Yes,Yes,Month-to-month,Yes,Mailed check,61.31,3525.01,No
MDWN-31BCE,Female,0,No,No,38,Yes,Yes,DSL,No,No,No,No,No,No,Month-to-month,Yes,Bank transfer (automatic),45.08,1696.69,No
ZVUV-F7CD1,Female,0,Yes,No,6,Yes,No,DSL,No,Yes,No,No,Yes,No,One year,Yes,Electronic check,42.48,336.68,No
RIDE-1EC1A,Female,0,No,No,61,Yes,No,DSL,No,No,No,No,No,No,Month-to-month,Yes,Electronic check,35.77,2235.09,No
RNPX-8A96E,Female,0,No,No,0,Yes,Yes,DSL,No,Yes,No,No,Yes,Yes,Month-to-month,Yes,Mailed check,67.72,67.72,No
KUPR-CB998,Male,0,No,No,63,Yes,Yes,Fiber optic,No,No,No,No,No,No,Month-to-month,Yes,Credit card (automatic),50.03,3167.35,No
ISWS-CD515,Male,0,No,No,71,Yes,No,DSL,No,No,Yes,No,No,Yes,Two year,No,Mailed check,38.51,2816.95,No
TVNU-1AA8B,Male,0,Yes,No,1,Yes,No,Fiber optic,Yes,Yes,No,No,Yes,No,Month-to-month,Yes,Mailed check,53.44,10.62,No
MNPU-34635,Female,0,No,No,1,Yes,Yes,DSL,No,Yes,Yes,Yes,No,No,Month-to-month,No,Mailed check,56.0,65.61,Yes
JIKN-B4D7B,Male,0,No,No,10,Yes,No,Fiber optic,No,No,No,No,No,No,Two year,Yes,Mailed check,47.37,512.18,Yes
CELJ-727AB,Female,0,Yes,No,4,Yes,Yes,Fiber optic,No,No,No,Yes,No,No,One year,No,Credit card (automatic),66.51,229.39,No
GINN-C6AE4,Female,0,No,No,31,No,No phone service,Fiber optic,Yes,No,No,No,Yes,No,Month-to-month,No,Bank transfer (automatic),53.54,1756.04,No
VIIQ-9831E,Male,0,No,Yes,65,Yes,Yes,Fiber optic,No,No,No,Yes,No,No,One year,No,Electronic check,65.24,4182.55,No
WXNW-71346,Male,1,No,Yes,8,Yes,No,Fiber optic,Yes,Yes,No,Yes,No,Yes,Month-to-month,Yes,Electronic check,63.7,581.3,No
YIPH-A9271,Male,0,Yes,No,28,Yes,Yes,DSL,No,No,No,Yes,No,Yes,Two year,No,Credit card (automatic),68.8,1906.53,No
XSYW-3B1FC,Female,0,No,Yes,0,Yes,Yes,Fiber optic,Yes,No,No,No,No,Yes,One year,Yes,Bank transfer (automatic),60.07,60.07,Yes
RZWW-10F46,Male,1,No,No,65,Yes,Yes,Fiber optic,No,No,No,No,Yes,Yes,Month-to-month,No,Electronic check,75.18,4969.62,No
BQVV-9A878,Female,1,No,Yes,26,Yes,Yes,DSL,No,No,No,Yes,No,Yes,Month-to-month,Yes,Mailed check,53.75,1370.7,No
YGMP-904AB,Male,0,No,No,3,Yes,Yes,Fiber optic,No,Yes,Yes,No,Yes,No,Month-to-month,Yes,Mailed check,66.13,249.46,Yes
TZRP-55D7B,Female,0,No,No,10,Yes,Yes,Fiber optic,No,No,No,No,No,No,Two year,No,Credit card (automatic),56.46,556.9,Yes
DDFF-9A849,Female,0,No,Yes,35,Yes,No,No,No internet service,No internet service,No internet service,No internet service,No internet service,No internet service,Month-to-month,Yes,Credit card (automatic),25.47,863.96,No
DMEB-21789,Male,0,No,No,62,Yes,No,Fiber optic,No,No,No,Yes,Yes,No,One year,No,Electronic check,60.79,3740.29,No
LEAS-F4343,Female,0,Yes,No,16,Yes,Yes,DSL,No,No,Yes,No,No,No,Two year,Yes,Bank transfer (automatic),36.3,586.38,No
FMUS-F5760,Female,0,Yes,No,64,Yes,No,No,No internet service,No internet service,No internet service,No internet service,No internet service,No internet service,Two year,No,Credit card (automatic),18.8,1213.22,No
KGME-BDF11,Male,0,Yes,No,68,Yes,Yes,DSL,Yes,No,Yes,Yes,Yes,No,Month-to-month,Yes,Electronic check,65.18,4436.03,No
ZWPI-88D80,Female,0,Yes,Yes,27,No,No phone service,No,No internet service,No internet service,No internet service,No internet service,No internet service,No internet service,Month-to-month,Yes,Mailed check,25.4,709.26,No
SUHD-2D78F,Male,0,Yes,No,34,Yes,Yes,DSL,No,No,No,No,Yes,No,Two year,Yes,Electronic check,46.12,1557.6,No
BFVO-0B2CC,Female,0,Yes,Yes,70,Yes,No,DSL,Yes,No,No,Yes,No,Yes,Month-to-month,Yes,Electronic check,40.74,2860.44,Yes
VMGW-8A299,Male,0,No,No,47,Yes,Yes,DSL,No,No,No,No,No,No,Month-to-month,Yes,Credit card (automatic),44.79,2071.4,No
HTDS-F9188,Male,0,Yes,No,19,Yes,No,Fiber optic,No,Yes,Yes,No,No,Yes,Two year,Yes,Bank transfer (automatic),64.15,1221.28,No
OHQG-89ACE,Female,0,Yes,No,46,Yes,Yes,DSL,Yes,Yes,No,No,Yes,No,Two year,Yes,Bank transfer (automatic),50.24,2309.71,Yes
UUWG-487B0,Female,0,Yes,No,32,No,No phone service,Fiber optic,No,No,No,Yes,Yes,Yes,Month-to-month,Yes,Electronic check,72.96,2343.02,No
DTVH-48728,Female,0,No,No,72,Yes,No,DSL,No,No,No,No,Yes,No,One year,No,Mailed check,37.19,2708.21,No
VSVQ-E301F,Female,1,Yes,Yes,47,Yes,No,DSL,No,No,No,No,No,Yes,Month-to-month,No,Bank transfer (automatic),41.99,2021.78,No
QGWI-93143,Female,0,Yes,No,5,Yes,No,DSL,No,No,Yes,No,Yes,Yes,Two year,No,Mailed check,53.2,215.29,No
OAGO-6AAFD,Male,0,Yes,No,33,Yes,No,DSL,No,No,No,No,Yes,Yes,Two year,Yes,Bank transfer (automatic),43.49,1364.25,No
FSQP-C26DE,Female,1,No,Yes,12,Yes,Yes,Fiber optic,No,No,Yes,No,Yes,Yes,Month-to-month,Yes,Credit card (automatic),79.71,1005.94,No
AMGE-08A85,Male,0,No,No,2,No,No phone service,Fiber optic,Yes,No,Yes,No,No,Yes,Month-to-month,No,Bank transfer (automatic),56.09,122.34,No
UQXJ-3787D,Male,0,No,No,63,Yes,No,Fiber optic,No,No,No,Yes,No,No,One year,Yes,Credit card (automatic),51.45,3328.89,No
BNLF-AC811,Female,1,Yes,Yes,0,Yes,Yes,Fiber optic,No,No,Yes,No,Yes,No,One year,No,Mailed check,74.23,74.23,Yes
KRII-D012F,Male,0,No,No,20,Yes,No,DSL,No,No,Yes,No,Yes,No,Month-to-month,Yes,Credit card (automatic),38.22,699.71,Yes
MEIZ-B331C,Male,0,No,No,3,Yes,No,DSL,Yes,No,Yes,No,Yes,Yes,Month-to-month,No,Credit card (automatic),48.13,130.26,No
DHJQ-9C466,Male,0,Yes,Yes,54,Yes,Yes,No,No internet service,No internet service,No internet service,No internet service,No internet service,No internet service,Month-to-month,No,Mailed check,27.81,1500.76,Yes
BTNM-F2FA3,Male,0,Yes,No,4,Yes,Yes,DSL,No,No,Yes,Yes,No,Yes,One year,Yes,Electronic check,47.08,159.98,No
RTJI-D20AE,Female,0,Yes,No,51,No,No phone service,Fiber optic,No,Yes,No,No,No,No,Month-to-month,No,Electronic check,54.09,2765.25,No
NDOG-D959A,Male,0,No,No,31,No,No phone service,Fiber optic,No,No,Yes,No,Yes,No,Month-to-month,No,Mailed check,54.7,1789.67,No
RJOB-668FF,Female,0,Yes,No,21,Yes,No,Fiber optic,No,No,No,Yes,No,No,Month-to-month,No,Bank transfer (automatic),50.53,1023.95,No
MQCM-BAF7E,Female,0,Yes,No,3,Yes,No,No,No internet service,No internet service,No internet service,No internet service,No internet service,No internet service,Two year,Yes,Bank transfer (automatic),18.8,0.0,No
ZOCJ-C9ED1,Male,0,No,No,1,Yes,No,No,No internet service,No internet service,No internet service,No internet service,No internet service,No internet service,Month-to-month,No,Bank transfer (automatic),18.8,0.0,Yes
WJVN-71199,Female,0,No,Yes,2,Yes,Yes,No,No internet service,No internet service,No internet service,No internet service,No internet service,No internet service,Month-to-month,Yes,Bank transfer (automatic),40.35,115.97,Yes
OENB-279AF,Female,0,No,No,64,Yes,Yes,Fiber optic,Yes,No,Yes,No,No,No,Two year,Yes,Mailed check,59.58,3721.33,No
WJUC-D6CFB,Female,0,No,Yes,28,Yes,No,No,No internet service,No internet service,No internet service,No internet service,No internet service,No internet service,Month-to-month,Yes,Credit card (automatic),27.13,809.16,No
XAEQ-81B0F,Male,0,No,No,0,No,No phone service,Fiber optic,No,No,Yes,No,Yes,Yes,One year,Yes,Bank transfer (automatic),68.33,68.33,Yes
ELVN-BBF7F,Female,0,No,No,66,Yes,Yes,DSL,No,No,No,Yes,No,Yes,Month-to-month,No,Bank transfer (automatic),52.16,3358.17,No
NXTD-AE2D1,Female,0,Yes,Yes,24,Yes,Yes,DSL,No,No,No,No,No,No,Two year,Yes,Bank transfer (automatic),48.63,1074.26,No
WUDS-19E32,Female,0,Yes,No,5,Yes,Yes,DSL,No,Yes,No,No,No,No,One year,Yes,Electronic check,50.3,304.77,No
KJBL-4140E,Male,1,No,No,30,Yes,Yes,Fiber optic,No,No,No,No,No,No,Two year,Yes,Electronic check,53.35,1560.01,Yes
ZJWL-E24B3,Female,0,No,Yes,28,Yes,Yes,DSL,No,Yes,No,No,No,Yes,One year,Yes,Electronic check,54.31,1455.67,Yes
VLKL-C0CCD,Male,0,No,Yes,5,Yes,Yes,Fiber optic,No,No,No,No,No,No,One year,Yes,Electronic check,57.62,228.58,No
ZUNM-6D691,Male,0,Yes,No,7,Yes,Yes,No,No internet service,No internet service,No internet service,No internet service,No internet service,No internet service,Month-to-month,Yes,Electronic check,28.6,172.41,No
IGLN-B6280,Male,1,Yes,Yes,19,Yes,No,No,No internet service,No internet service,No internet service,No internet service,No internet service,No internet service,One year,Yes,Mailed check,18.8,417.76,No
WUFG-050E2,Male,0,Yes,No,11,No,No phone service,Fiber optic,No,No,Yes,No,Yes,No,Two year,Yes,Electronic check,55.18,606.67,Yes
ROGV-1EBAE,Male,0,No,No,39,Yes,No,DSL,No,No,No,Yes,Yes,No,Month-to-month,Yes,Electronic check,41.55,1610.95,No
KHEY-6D5FD,Male,0,No,No,45,No,No phone service,DSL,No,Yes,Yes,No,No,Yes,One year,No,Bank transfer (automatic),44.68,2041.97,No
IMUF-04925,Female,0,No,Yes,26,Yes,No,DSL,No,No,No,No,No,No,Month-to-month,No,Electronic check,40.04,1016.94,Yes
XBBL-0021C,Male,0,No,No,9,Yes,No,DSL,No,Yes,No,No,No,No,Month-to-month,Yes,Electronic check,37.4,272.38,No
DNSQ-A5E11,Female,0,Yes,Yes,18,Yes,Yes,Fiber optic,Yes,No,No,No,No,Yes,One year,No,Credit card (automatic),67.31,1297.99,No
WBEE-019A1,Female,1,Yes,No,63,Yes,No,DSL,No,No,Yes,Yes,Yes,No,Month-to-month,No,Mailed check,42.02,2621.16,No
YCRU-8713D,Male,0,Yes,No,70,Yes,Yes,DSL,Yes,Yes,Yes,No,Yes,No,One year,Yes,Electronic check,54.28,3852.98,No
JASR-10109,Female,0,No,No,5,No,No phone service,DSL,Yes,No,Yes,No,Yes,Yes,Two year,No,Mailed check,46.78,221.15,No
DPEZ-B5610,Female,1,Yes,No,26,Yes,No,Fiber optic,No,Yes,No,No,Yes,No,Month-to-month,Yes,Mailed check,61.22,1589.46,No
NAQJ-288B3,Female,0,No,No,55,Yes,Yes,Fiber optic,No,No,No,No,No,No,One year,Yes,Credit card (automatic),63.87,3478.26,No
OVHV-B6EF3,Female,0,No,No,31,No,No phone service,No,No internet service,No internet service,No internet service,No internet service,No internet service,No internet service,Month-to-month,No,Electronic check,18.8,610.07,No
ZADB-5E991,Male,0,Yes,Yes,8,Yes,No,DSL,No,No,No,Yes,Yes,Yes,Month-to-month,No,Bank transfer (automatic),49.9,326.24,No
NJMG-3F861,Female,0,Yes,No,58,Yes,Yes,Fiber optic,Yes,No,No,No,Yes,Yes,Month-to-month,No,Credit card (automatic),79.8,4672.4,No
TMKR-28D70,Male,0,Yes,Yes,50,Yes,Yes,Fiber optic,No,No,No,No,No,Yes,Month-to-month,Yes,Bank transfer (automatic),61.74,3045.72,No
FBNJ-2A25F,Female,0,No,No,4,Yes,Yes,No,No internet service,No internet service,No internet service,No internet service,No internet service,No internet service,Two year,Yes,Mailed check,33.91,77.73,Yes
BGIN-3F0F8,Female,0,Yes,No,61,Yes,No,Fiber optic,No,Yes,No,No,Yes,No,Month-to-month,No,Bank transfer (automatic),57.93,3563.36,Yes
ADCH-5A4B4,Male,0,Yes,No,69,Yes,Yes,Fiber optic,No,No,No,No,No,No,Month-to-month,No,Electronic check,65.18,4501.82,Yes
GHIV-34FA3,Female,0,No,No,4,No,No phone service,Fiber optic,Yes,No,No,No,No,No,One year,Yes,Bank transfer (automatic),45.94,140.08,Yes
WEEL-B3C2C,Female,0,No,Yes,49,Yes,Yes,DSL,No,Yes,Yes,Yes,No,No,Two year,Yes,Bank transfer (automatic),48.44,2295.36,No
CMQG-9BA6C,Female,0,No,No,8,Yes,Yes,Fiber optic,No,No,No,No,Yes,No,Month-to-month,Yes,Mailed check,64.5,649.59,Yes
TITX-DBCC4,Male,0,No,Yes,11,Yes,No,No,No internet service,No internet service,No internet service,No internet service,No internet service,No internet service,Two year,No,Mailed check,18.8,187.54,No
SFJY-4D631,Female,0,No,Yes,5,Yes,Yes,Fiber optic,No,No,Yes,No,Yes,No,Two year,Yes,Mailed check,68.11,314.66,Yes
OLNB-404E2,Male,0,No,Yes,8,Yes,No,No,No internet service,No internet service,No internet service,No internet service,No internet service,No internet service,One year,No,Mailed check,23.7,140.12,Yes
RAOX-5394E,Female,1,Yes,No,7,Yes,No,DSL,No,No,No,Yes,Yes,No,Month-to-month,Yes,Electronic check,52.12,300.83,No
WQQP-B7F50,Male,0,Yes,No,45,Yes,No,DSL,No,Yes,No,No,No,Yes,Month-to-month,Yes,Bank transfer (automatic),43.94,1966.23,Yes
SRZK-686C6,Male,0,No,No,45,Yes,No,Fiber optic,Yes,No,No,No,No,Yes,Month-to-month,No,Mailed check,63.51,2948.61,Yes
ULFZ-8B95F,Female,0,No,Yes,7,Yes,No,DSL,Yes,Yes,Yes,No,No,No,Two year,Yes,Electronic check,29.61,203.67,No
JZLA-0F86C,Female,0,No,No,4,Yes,No,DSL,Yes,Yes,Yes,Yes,Yes,Yes,One year,No,Electronic check,55.15,180.6,No
QRRF-1B0B2,Male,0,No,No,55,Yes,No,Fiber optic,Yes,Yes,No,No,No,No,Month-to-month,No,Credit card (automatic),52.48,2813.71,Yes
GSQU-90D32,Male,0,No,No,5,Yes,No,Fiber optic,No,No,No,Yes,No,No,Two year,Yes,Bank transfer (automatic),62.52,324.43,Yes
WFNM-C0167,Female,0,Yes,Yes,57,Yes,Yes,Fiber optic,No,No,No,No,No,No,Month-to-month,Yes,Credit card (automatic),63.62,3602.46,Yes
UPDZ-7FF08,Male,0,Yes,No,8,Yes,No,No,No internet service,No internet service,No internet service,No internet service,No internet service,No internet service,One year,Yes,Mailed check,18.8,230.02,No
KMIO-7242D,Female,1,Yes,No,68,Yes,Yes,Fiber optic,No,Yes,Yes,No,No,Yes,Month-to-month,No,Bank transfer (automatic),64.22,4248.74,Yes
RKKC-4E02D,Female,0,No,Yes,70,Yes,Yes,Fiber optic,No,Yes,No,Yes,No,Yes,Month-to-month,Yes,Electronic check,78.71,5466.87,No
NAMT-56A9E,Female,0,Yes,No,0,Yes,No,No,No internet service,No internet service,No internet service,No internet service,No internet service,No internet service,One year,Yes,Electronic check,25.48,25.48,Yes
GHER-85B63,Female,0,Yes,Yes,0,Yes,Yes,Fiber optic,No,No,Yes,No,No,No,Two year,No,Bank transfer (automatic),58.75,58.75,Yes
OLKL-E3490,Male,0,Yes,No,52,Yes,No,Fiber optic,No,Yes,No,No,No,Yes,One year,No,Electronic check,64.29,3350.67,No
DONQ-1D724,Female,0,Yes,Yes,35,Yes,Yes,DSL,No,No,No,Yes,Yes,No,Two year,Yes,Electronic check,58.06,2000.05,No
FLML-7EF7F,Male,0,Yes,Yes,55,Yes,No,Fiber optic,No,Yes,Yes,No,Yes,No,Two year,No,Electronic check,54.02,2973.7,Yes
VVFL-51196,Female,0,Yes,No,48,Yes,No,No,No internet service,No internet service,No internet service,No internet service,No internet service,No internet service,Month-to-month,No,Mailed check,31.3,1499.39,No
VRCV-79FA0,Male,0,No,No,4,Yes,No,No,No internet service,No internet service,No internet service,No internet service,No internet service,No internet service,One year,No,Credit card (automatic),18.8,106.24,No
ELAE-C2281,Female,0,Yes,No,61,Yes,No,DSL,No,No,Yes,No,No,No,Month-to-month,No,Mailed check,28.76,1717.89,No
GYQZ-59362,Male,0,Yes,No,1,Yes,Yes,Fiber optic,No,No,No,Yes,Yes,No,Month-to-month,No,Bank transfer (automatic),75.19,50.18,No
VEFM-6554E,Male,0,No,No,38,Yes,No,No,No internet service,No internet service,No internet service,No internet service,No internet service,No internet service,Month-to-month,Yes,Mailed check,18.92,848.76,No
PXZQ-D1F7B,Female,0,No,No,49,Yes,Yes,DSL,No,No,Yes,No,No,No,Two year,Yes,Bank transfer (automatic),49.19,2400.81,No
GCXL-2A07B,Female,1,Yes,No,58,Yes,Yes,No,No internet service,No internet service,No internet service,No internet service,No internet service,No internet service,Month-to-month,No,Credit card (automatic),38.26,2284.29,No
SLJV-212C7,Female,0,Yes,No,18,Yes,No,Fiber optic,No,Yes,No,No,No,No,One year,Yes,Credit card (automatic),58.92,1036.14,Yes
AEAV-71399,Female,0,No,No,5,Yes,No,DSL,No,Yes,No,No,Yes,No,Month-to-month,Yes,Electronic check,39.86,144.27,Yes
VABA-6BA3A,Male,0,Yes,No,2,Yes,Yes,Fiber optic,Yes,No,Yes,No,Yes,Yes,Month-to-month,No,Mailed check,70.29,51.46,No
RETK-06CB4,Female,0,Yes,Yes,63,Yes,No,No,No internet service,No internet service,No internet service,No internet service,No internet service,No internet service,Month-to-month,Yes,Bank transfer (automatic),22.11,1384.75,No
TKLC-FD38C,Male,1,Yes,No,4,Yes,No,DSL,No,No,Yes,No,No,Yes,One year,No,Mailed check,48.15,164.16,No
NFZG-55E8B,Male,0,Yes,Yes,60,Yes,Yes,Fiber optic,No,No,No,Yes,No,No,One year,Yes,Electronic check,72.36,4384.27,No
XYWX-FFA21,Female,0,No,No,23,No,No phone service,No,No internet service,No internet service,No internet service,No internet service,No internet service,No internet service,One year,Yes,Bank transfer (automatic),24.24,522.39,Yes
UIUY-AC46F,Male,0,No,No,52,No,No phone service,DSL,No,No,No,Yes,Yes,No,One year,No,Electronic check,46.44,2440.8,No
VFYM-D8925,Male,0,No,No,52,Yes,No,Fiber optic,No,Yes,Yes,No,Yes,Yes,One year,No,Credit card (automatic),74.81,3971.63,No
SVCB-B7D15,Male,0,No,Yes,56,Yes,Yes,Fiber optic,No,Yes,No,No,No,No,Month-to-month,No,Electronic check,59.81,3446.94,Yes
ASWE-5D0FE,Male,0,Yes,No,65,Yes,Yes,DSL,No,Yes,Yes,No,No,No,Month-to-month,Yes,Bank transfer (automatic),42.23,2701.04,No
DDRA-8185B,Female,0,No,Yes,55,Yes,No,DSL,No,No,No,No,No,No,Month-to-month,Yes,Electronic check,39.18,2156.54,No
WMQP-F336B,Female,0,Yes,No,2,Yes,No,Fiber optic,Yes,Yes,Yes,Yes,No,Yes,Month-to-month,Yes,Bank transfer (automatic),57.77,90.81,Yes
WHCP-952DD,Female,0,Yes,No,58,Yes,No,Fiber optic,No,No,No,No,No,No,Month-to-month,Yes,Electronic check,43.07,2557.92,No
TPGK-13761,Female,1,No,Yes,30,Yes,No,DSL,Yes,No,No,Yes,Yes,Yes,Month-to-month,Yes,Electronic check,60.34,1808.13,Yes
YGNM-7DBD6,Male,0,No,No,48,Yes,No,DSL,No,No,No,No,No,Yes,Month-to-month,Yes,Electronic check,41.9,2028.65,No
GLOI-729B8,Male,0,Yes,Yes,10,Yes,No,No,No internet service,No internet service,No internet service,No internet service,No internet service,No internet service,One year,Yes,Electronic check,22.15,266.17,No
WZXC-E5764,Female,0,No,No,34,No,No phone service,No,No internet service,No internet service,No internet service,No internet service,No internet service,No internet service,Two year,Yes,Electronic check,18.8,608.22,No
WQZY-6B87B,Female,0,Yes,No,59,Yes,Yes,Fiber optic,No,Yes,No,No,No,No,One year,Yes,Electronic check,58.83,3473.73,No
RXUQ-E1C66,Female,0,Yes,Yes,6,Yes,Yes,DSL,Yes,No,No,No,No,No,Month-to-month,Yes,Electronic check,42.91,229.89,No
UHWM-556F1,Male,0,Yes,Yes,46,Yes,No,DSL,No,No,No,Yes,Yes,Yes,Two year,No,Mailed check,50.9,2413.8,No
NVMO-52AE8,Female,0,No,No,53,Yes,No,DSL,No,Yes,No,No,No,No,One year,No,Electronic check,30.55,1558.12,No
LDYW-E5A63,Female,1,No,No,33,Yes,No,Fiber optic,No,No,No,No,Yes,No,Month-to-month,No,Electronic check,63.51,2102.91,No
FJOD-B7E40,Female,0,No,Yes,6,Yes,No,Fiber optic,No,No,No,No,No,No,One year,Yes,Electronic check,40.55,226.8,Yes
IZIS-D4A35,Male,0,Yes,Yes,22,Yes,Yes,DSL,No,No,Yes,No,No,No,One year,No,Credit card (automatic),45.94,991.03,Yes
HRWG-4D78B,Male,0,Yes,No,48,Yes,Yes,DSL,Yes,No,No,No,No,No,Two year,No,Electronic check,42.83,2003.53,No
DWJR-6C923,Male,0,No,Yes,38,No,No phone service,Fiber optic,No,Yes,No,No,Yes,No,Month-to-month,Yes,Mailed check,66.77,2450.29,No
WNHD-2EF63,Male,0,Yes,No,16,Yes,Yes,Fiber optic,No,Yes,Yes,Yes,No,No,Two year,Yes,Electronic check,71.18,1202.58,No
KDOQ-F5326,Male,0,Yes,No,30,Yes,No,Fiber optic,No,No,No,No,No,Yes,Two year,Yes,Mailed check,67.14,2026.68,No
PBTL-C7208,Male,0,No,Yes,40,Yes,No,Fiber optic,Yes,No,No,No,No,No,Month-to-month,Yes,Credit card (automatic),52.25,2174.95,No
OVWE-53101,Male,1,No,No,8,Yes,Yes,Fiber optic,Yes,Yes,No,No,No,No,Two year,No,Mailed check,68.01,585.79,No
NDFD-BAF13,Male,0,Yes,No,7,Yes,Yes,Fiber optic,No,No,No,No,No,No,One year,Yes,Electronic check,60.63,486.54,Yes
LQDF-606C8,Female,0,Yes,No,4,Yes,No,DSL,No,Yes,No,No,Yes,No,One year,Yes,Mailed check,45.79,196.79,No
LMYN-8E217,Female,0,Yes,No,4,Yes,Yes,DSL,No,No,Yes,No,No,Yes,Two year,No,Mailed check,47.63,96.63,Yes
IFDW-9B159,Male,0,No,No,51,Yes,No,DSL,Yes,No,No,No,Yes,No,Month-to-month,Yes,Credit card (automatic),50.2,2527.3,No
NSRK-C41E0,Male,0,No,No,63,Yes,No,No,No internet service,No internet service,No internet service,No internet service,No internet service,No internet service,Month-to-month,No,Credit card (automatic),25.9,1542.7,No
HCGK-27E2E,Female,0,No,Yes,50,Yes,Yes,DSL,Yes,Yes,Yes,No,No,No,Month-to-month,Yes,Credit card (automatic),43.68,2263.04,Yes
KPLI-19E89,Male,0,Yes,No,65,Yes,No,DSL,No,Yes,No,No,Yes,No,Month-to-month,Yes,Electronic check,43.44,2842.36,Yes
QKDN-D5DD3,Male,0,Yes,No,47,Yes,No,DSL,Yes,No,Yes,No,No,No,Month-to-month,Yes,Electronic check,40.33,1735.2,No
OTMS-EADCD,Male,0,No,Yes,3,Yes,No,DSL,No,Yes,Yes,No,No,Yes,Month-to-month,No,Electronic check,44.71,47.67,Yes
WFAD-3B870,Female,0,No,No,2,Yes,No,No,No internet service,No internet service,No internet service,No internet service,No internet service,No internet service,Month-to-month,Yes,Mailed check,23.69,35.74,Yes
RJTC-404E7,Female,0,No,No,31,Yes,Yes,DSL,No,No,Yes,Yes,Yes,No,Month-to-month,Yes,Electronic check,58.65,1844.46,No
LHGR-FBB71,Female,0,Yes,No,2,Yes,No,Fiber optic,No,Yes,No,No,No,No,Two year,No,Bank transfer (automatic),49.91,93.88,Yes
SVNC-BE32B,Female,0,No,Yes,49,Yes,Yes,Fiber optic,Yes,No,No,No,Yes,No,One year,Yes,Credit card (automatic),65.43,3141.12,No
ISSG-086D5,Female,0,No,No,43,Yes,No,DSL,No,No,Yes,Yes,No,No,Month-to-month,Yes,Mailed check,34.31,1457.17,Yes
GWTQ-FCDC6,Male,0,No,No,13,Yes,Yes,No,No internet service,No internet service,No internet service,No internet service,No internet service,No internet service,Month-to-month,Yes,Bank transfer (automatic),26.09,341.34,Yes
BPTZ-A9910,Female,0,No,No,6,Yes,Yes,DSL,No,No,Yes,No,Yes,No,Month-to-month,Yes,Electronic check,51.72,281.94,Yes
BXUG-67365,Male,0,Yes,No,68,Yes,No,DSL,No,No,Yes,No,No,Yes,Month-to-month,Yes,Credit card (automatic),42.51,2896.4,No
STCM-FDCB0,Male,0,Yes,No,9,Yes,Yes,DSL,No,No,No,No,No,Yes,Two year,Yes,Credit card (automatic),54.27,592.14,No
ZTXX-40A70,Female,0,Yes,No,54,Yes,No,DSL,No,No,No,No,Yes,No,Month-to-month,Yes,Credit card (automatic),40.47,2118.13,No
HZJG-AA5D9,Female,0,No,Yes,6,Yes,No,Fiber optic,No,No,No,No,No,Yes,Month-to-month,No,Credit card (automatic),63.4,446.53,No
EIWC-0A747,Male,0,No,No,19,Yes,No,Fiber optic,No,No,Yes,Yes,No,No,Two year,Yes,Electronic check,61.86,1168.75,No
EJGP-AE154,Male,0,No,Yes,29,Yes,No,Fiber optic,Yes,Yes,No,No,No,No,Two year,Yes,Mailed check,54.02,1531.12,No
PNWX-C30EF,Male,0,Yes,No,69,Yes,Yes,DSL,Yes,No,No,No,No,No,Month-to-month,Yes,Electronic check,45.83,3242.96,No
GBRP-E9CC0,Female,0,No,No,0,Yes,No,Fiber optic,No,Yes,No,No,Yes,Yes,Month-to-month,Yes,Credit card (automatic),59.62,59.62,Yes
DUEF-C3207,Female,0,No,Yes,3,Yes,No,DSL,No,No,Yes,Yes,Yes,No,Month-to-month,No,Credit card (automatic),44.4,143.23,Yes
QTXQ-C3541,Female,0,Yes,No,10,Yes,Yes,No,No internet service,No internet service,No internet service,No internet service,No internet service,No internet service,Two year,Yes,Bank transfer (automatic),29.09,309.86,No
ZGLJ-0E315,Female,0,No,No,69,No,No phone service,No,No internet service,No internet service,No internet service,No internet service,No internet service,No internet service,One year,Yes,Electronic check,30.54,2052.24,No
DZEH-40083,Female,1,Yes,Yes,34,Yes,No,DSL,No,Yes,No,No,No,No,Two year,Yes,Electronic check,40.01,1375.53,No
CHHL-F4BC0,Male,0,Yes,Yes,68,Yes,Yes,Fiber optic,No,No,No,No,No,Yes,Month-to-month,No,Credit card (automatic),70.01,4747.95,No
NLNE-71F90,Female,0,Yes,Yes,2,Yes,No,No,No internet service,No internet service,No internet service,No internet service,No internet service,No internet service,Two year,No,Mailed check,23.22,33.23,No
NYTH-E232E,Male,0,No,Yes,45,Yes,Yes,DSL,No,No,Yes,No,Yes,No,Month-to-month,No,Bank transfer (automatic),50.32,2250.66,No
SNRG-1DF00,Male,0,No,No,45,Yes,No,DSL,No,Yes,No,Yes,No,Yes,Month-to-month,Yes,Credit card (automatic),51.81,2309.64,Yes
OBSY-44D53,Male,0,Yes,No,54,Yes,Yes,Fiber optic,No,No,Yes,Yes,Yes,Yes,Month-to-month,Yes,Bank transfer (automatic),81.65,4357.24,No
CVYC-C2266,Female,0,No,Yes,37,Yes,No,DSL,No,No,Yes,Yes,No,Yes,One year,Yes,Credit card (automatic),39.67,1504.16,Yes
WSDP-EA327,Female,0,No,No,5,Yes,Yes,No,No internet service,No internet service,No internet service,No internet service,No internet service,No internet service,Month-to-month,No,Bank transfer (automatic),28.31,173.82,Yes
MJCD-8F97E,Female,0,No,No,59,Yes,No,No,No internet service,No internet service,No internet service,No internet service,No internet service,No internet service,Month-to-month,No,Mailed check,18.8,1164.55,No
RSOT-899CE,Male,0,Yes,No,36,Yes,Yes,No,No internet service,No internet service,No internet service,No internet service,No internet service,No internet service,One year,Yes,Bank transfer (automatic),35.98,1400.44,No
HSAN-EA495,Male,0,No,Yes,32,Yes,No,DSL,No,Yes,Yes,Yes,Yes,No,Month-to-month,Yes,Mailed check,51.59,1718.81,Yes
LFQF-7FC6F,Male,0,No,No,5,Yes,Yes,DSL,No,No,Yes,No,Yes,Yes,Two year,No,Bank transfer (automatic),56.27,395.46,Yes
AYJV-F99B3,Male,0,Yes,No,40,Yes,No,Fiber optic,No,No,No,Yes,No,Yes,Month-to-month,Yes,Credit card (automatic),61.55,2534.44,No
EIMT-4900F,Male,0,Yes,No,55,Yes,No,No,No internet service,No internet service,No internet service,No internet service,No internet service,No internet service,Two year,No,Credit card (automatic),18.8,1018.51,No
WWIN-A4BB6,Male,1,No,No,18,Yes,Yes,Fiber optic,No,No,Yes,No,No,Yes,Two year,Yes,Mailed check,69.28,1229.25,No
LHUZ-FC5C3,Female,1,Yes,Yes,10,Yes,Yes,No,No internet service,No internet service,No internet service,No internet service,No internet service,No internet service,Month-to-month,No,Credit card (automatic),36.34,307.33,Yes
XGKC-1680D,Female,0,No,No,1,Yes,No,No,No internet service,No internet service,No internet service,No internet service,No internet service,No internet service,Month-to-month,No,Electronic check,18.8,109.16,No
CZHJ-2DB11,Female,0,Yes,No,66,Yes,Yes,Fiber optic,No,No,No,No,Yes,Yes,Two year,Yes,Mailed check,72.04,4714.28,No
PWCF-81407,Female,1,No,No,11,Yes,No,DSL,Yes,Yes,No,No,No,No,One year,No,Mailed check,37.63,409.67,No
SKGL-8212F,Male,0,Yes,No,10,Yes,No,DSL,No,No,Yes,Yes,Yes,No,Two year,No,Electronic check,48.62,489.72,No
SDHK-2DF30,Male,0,Yes,No,11,Yes,Yes,Fiber optic,No,No,No,No,No,No,Month-to-month,Yes,Credit card (automatic),60.49,612.48,Yes
GPVI-43006,Female,1,Yes,No,55,Yes,No,No,No internet service,No internet service,No internet service,No internet service,No internet service,No internet service,Month-to-month,Yes,Credit card (automatic),19.16,1133.53,No
QAFX-FA895,Male,0,No,No,14,Yes,Yes,Fiber optic,No,No,No,No,No,Yes,Month-to-month,Yes,Electronic check,65.64,918.82,No
FJSR-A90AE,Female,0,No,Yes,54,Yes,No,No,No internet service,No internet service,No internet service,No internet service,No internet service,No internet service,Month-to-month,Yes,Mailed check,18.8,1053.98,No
QPFU-7471E,Female,0,Yes,No,35,Yes,No,Fiber optic,No,No,Yes,No,Yes,No,Month-to-month,Yes,Electronic check,56.84,1933.51,No
SIUB-6A0BD,Female,0,Yes,No,53,No,No phone service,DSL,No,Yes,No,No,Yes,Yes,Two year,No,Electronic check,49.33,2565.55,No
PFTI-BA110,Male,1,No,No,66,Yes,Yes,No,No internet service,No internet service,No internet service,No internet service,No internet service,No internet service,Two year,Yes,Electronic check,29.03,1988.4,No
BHAY-E24BA,Female,0,Yes,No,68,Yes,Yes,Fiber optic,No,No,No,No,No,No,Two year,No,Mailed check,62.13,4241.04,No
PZQR-8848E,Female,0,No,No,26,Yes,No,DSL,No,No,No,No,No,Yes,One year,Yes,Bank transfer (automatic),48.02,1247.46,No
JDPU-F8C46,Female,0,Yes,No,48,Yes,Yes,No,No internet service,No internet service,No internet service,No internet service,No internet service,No internet service,Month-to-month,No,Mailed check,29.28,1414.42,No
KISW-52DDE,Male,0,No,No,1,Yes,Yes,Fiber optic,No,No,No,No,No,No,Month-to-month,Yes,Mailed check,60.38,109.59,Yes
GSSU-CF713,Male,0,No,Yes,40,Yes,Yes,Fiber optic,No,No,No,Yes,No,No,Month-to-month,No,Mailed check,56.44,2299.12,No
XVAJ-35A87,Female,0,No,Yes,65,Yes,No,DSL,No,No,No,No,No,No,Two year,Yes,Bank transfer (automatic),38.26,2465.69,Yes
LQRB-256FE,Male,1,No,Yes,11,Yes,Yes,Fiber optic,No,No,Yes,Yes,Yes,Yes,Two year,No,Electronic check,72.32,848.66,No
QACL-9A2E7,Male,0,Yes,No,6,No,No phone service,Fiber optic,Yes,No,Yes,Yes,Yes,No,One year,Yes,Credit card (automatic),63.0,392.58,No
PBVO-3550F,Male,0,Yes,Yes,23,Yes,Yes,DSL,No,No,Yes,No,No,Yes,Two year,No,Mailed check,48.59,1062.69,No
UXJO-7797C,Male,0,No,No,63,Yes,No,DSL,No,No,Yes,No,No,Yes,Two year,No,Electronic check,44.15,2845.95,No
BFXW-D5704,Male,0,No,Yes,69,Yes,Yes,DSL,No,Yes,Yes,No,Yes,No,Month-to-month,Yes,Electronic check,56.29,3871.07,No
SIMD-7B98E,Male,0,No,No,57,Yes,Yes,Fiber optic,Yes,Yes,Yes,No,No,Yes,Month-to-month,No,Bank transfer (automatic),68.81,3995.62,No
GHQM-F0157,Male,0,No,No,21,Yes,No,No,No internet service,No internet service,No internet service,No internet service,No internet service,No internet service,Month-to-month,Yes,Mailed check,23.84,527.27,No
XMLE-68996,Male,0,No,No,56,Yes,Yes,Fiber optic,Yes,No,Yes,No,No,No,Month-to-month,Yes,Electronic check,55.94,3084.96,Yes
EDEQ-DE41A,Male,0,Yes,No,39,No,No phone service,DSL,No,Yes,No,No,Yes,No,Month-to-month,Yes,Credit card (automatic),40.78,1663.32,No
AQJV-AB6D8,Male,0,Yes,No,5,Yes,No,DSL,Yes,No,No,No,No,No,One year,No,Bank transfer (automatic),34.01,268.0,No
QJLV-60666,Female,0,Yes,No,62,Yes,Yes,DSL,No,Yes,No,No,Yes,No,One year,Yes,Electronic check,58.32,3510.62,No
BDIL-06504,Female,0,Yes,No,70,Yes,Yes,Fiber optic,No,No,No,No,No,No,Two year,No,Electronic check,54.27,3884.33,No
HDTB-9AC88,Male,0,No,No,25,Yes,Yes,No,No internet service,No internet service,No internet service,No internet service,No internet service,No internet service,Month-to-month,Yes,Electronic check,26.0,673.85,No
TWFU-719F2,Female,0,Yes,No,3,Yes,No,DSL,No,Yes,Yes,No,Yes,Yes,Month-to-month,No,Electronic check,51.46,211.77,Yes
AXPF-C6549,Female,0,Yes,No,11,Yes,Yes,Fiber optic,Yes,No,Yes,Yes,Yes,No,One year,Yes,Credit card (automatic),73.49,840.02,No
DJHB-C0F15,Male,1,Yes,No,10,Yes,Yes,DSL,Yes,No,No,Yes,No,No,One year,Yes,Credit card (automatic),51.9,545.33,No
CJPC-8C71B,Male,0,Yes,No,9,Yes,Yes,DSL,No,No,No,Yes,No,No,Month-to-month,Yes,Mailed check,53.02,450.42,Yes
EALH-0C9E7,Male,0,Yes,Yes,0,Yes,No,DSL,No,No,No,No,No,Yes,Two year,No,Electronic check,42.09,42.09,No
LVCJ-C4E46,Female,0,No,Yes,71,Yes,No,Fiber optic,No,No,No,No,Yes,No,Month-to-month,Yes,Mailed check,55.29,3915.86,No
XGZB-499EF,Female,0,Yes,No,39,Yes,No,DSL,Yes,Yes,Yes,Yes,No,No,Month-to-month,Yes,Mailed check,42.02,1656.89,No
RRIU-A0D57,Male,0,No,No,5,Yes,No,DSL,No,Yes,Yes,Yes,Yes,No,One year,No,Electronic check,52.32,272.78,No
MVGK-0519E,Male,0,No,No,32,Yes,No,Fiber optic,No,No,No,No,No,No,One year,Yes,Electronic check,47.73,1582.28,No
MXZB-886D6,Male,0,No,No,49,No,No phone service,Fiber optic,No,No,Yes,No,No,No,One year,No,Electronic check,55.53,2771.16,No
BOFJ-8B461,Female,0,Yes,No,8,Yes,No,DSL,Yes,Yes,Yes,No,No,Yes,Month-to-month,No,Credit card (automatic),48.79,419.5,No
JPQH-09A18,Female,0,Yes,No,72,Yes,Yes,DSL,No,Yes,No,No,Yes,Yes,Month-to-month,Yes,Credit card (automatic),64.81,4678.67,No
CLQS-BC3D5,Female,0,Yes,No,70,Yes,Yes,Fiber optic,No,No,No,No,No,No,Two year,No,Electronic check,51.42,3637.38,No
JUIB-BA92A,Female,0,Yes,No,70,Yes,No,Fiber optic,No,Yes,Yes,Yes,No,Yes,Two year,No,Bank transfer (automatic),63.09,4487.4,No
FONU-F318F,Male,0,No,No,42,Yes,Yes,Fiber optic,Yes,No,No,No,No,No,Month-to-month,No,Electronic check,57.49,2452.49,No
EMKI-A47D6,Male,0,No,Yes,44,Yes,No,DSL,No,Yes,No,Yes,No,No,Two year,No,Electronic check,38.33,1708.96,No
AXHU-C81FA,Male,0,No,Yes,9,Yes,No,DSL,No,Yes,No,No,No,Yes,Two year,No,Bank transfer (automatic),47.15,367.89,No
LWUT-2A415,Male,0,Yes,No,50,Yes,Yes,Fiber optic,No,Yes,No,No,Yes,Yes,Two year,No,Bank transfer (automatic),82.18,4083.73,No
CCSN-63CA9,Female,0,No,No,46,Yes,No,Fiber optic,Yes,Yes,Yes,Yes,No,Yes,One year,Yes,Bank transfer (automatic),65.55,3033.85,No
EDDA-F5AFE,Female,1,Yes,No,2,Yes,No,Fiber optic,No,No,Yes,No,Yes,Yes,Month-to-month,Yes,Mailed check,66.51,158.08,Yes
IMMA-C958B,Male,0,No,No,63,No,No phone service,Fiber optic,No,No,No,No,No,Yes,Month-to-month,Yes,Electronic check,53.89,3337.92,No
AQWS-91BC7,Male,0,No,No,61,Yes,No,Fiber optic,No,No,No,No,No,No,Month-to-month,No,Mailed check,48.26,3001.4,No
PQDG-CF46E,Female,0,Yes,No,58,Yes,No,Fiber optic,No,No,No,No,No,No,Month-to-month,Yes,Electronic check,53.33,3016.4,No
EGBG-A5FEE,Male,0,Yes,Yes,25,No,No phone service,Fiber optic,No,No,No,No,Yes,No,Two year,No,Electronic check,53.59,1221.51,No
SSNZ-1B254,Female,0,No,No,8,Yes,No,Fiber optic,No,Yes,Yes,No,No,Yes,Month-to-month,Yes,Electronic check,59.32,390.03,No
PUCP-31693,Male,0,Yes,No,64,Yes,No,DSL,No,Yes,Yes,No,Yes,No,Month-to-month,No,Electronic check,45.9,2838.75,No
KYJZ-D59B7,Male,0,Yes,Yes,6,Yes,No,No,No internet service,No internet service,No internet service,No internet service,No internet service,No internet service,One year,Yes,Electronic check,22.25,100.59,Yes
KIDA-5C325,Male,0,Yes,No,65,Yes,No,DSL,No,Yes,No,No,No,No,Two year,Yes,Electronic check,31.15,2000.87,No
PFFC-53DE5,Male,0,Yes,No,63,Yes,Yes,No,No internet service,No internet service,No internet service,No internet service,No internet service,No internet service,Month-to-month,Yes,Mailed check,25.49,1601.64,No
CCIM-84548,Male,0,No,No,49,No,No phone service,Fiber optic,No,No,No,Yes,No,No,Month-to-month,Yes,Credit card (automatic),46.83,2237.4,No
SBMQ-A98A6,Male,0,No,No,11,Yes,No,Fiber optic,No,No,Yes,No,No,No,Month-to-month,Yes,Credit card (automatic),45.16,439.53,No
OILD-52368,Male,0,No,No,41,Yes,No,DSL,No,No,No,No,Yes,No,Month-to-month,Yes,Mailed check,52.49,2245.87,No
YAXI-BAF1F,Female,0,Yes,No,28,Yes,No,Fiber optic,No,No,No,No,Yes,No,Two year,No,Bank transfer (automatic),46.69,1359.86,No
BWQM-61CBE,Female,0,No,No,12,Yes,Yes,No,No internet service,No internet service,No internet service,No internet service,No internet service,No internet service,Month-to-month,Yes,Electronic check,37.43,402.6,No
SYXL-B4C97,Female,0,No,Yes,9,Yes,No,DSL,No,No,No,Yes,No,No,Month-to-month,Yes,Mailed check,33.95,298.24,Yes
QHQM-5F1C3,Female,0,Yes,No,1,Yes,Yes,Fiber optic,Yes,Yes,No,No,No,Yes,Month-to-month,Yes,Credit card (automatic),61.9,74.79,Yes
FECD-DE90D,Female,0,Yes,No,59,No,No phone service,Fiber optic,No,No,No,No,Yes,No,Month-to-month,Yes,Electronic check,63.19,3743.2,Yes
PNYK-5C8BB,Male,0,No,No,7,No,No phone service,DSL,No,Yes,No,Yes,No,No,Month-to-month,Yes,Bank transfer (automatic),42.26,227.58,No
VIBM-AD4BD,Male,1,Yes,No,64,Yes,Yes,Fiber optic,No,Yes,No,Yes,No,No,Two year,Yes,Mailed check,70.36,4617.14,No
VVZR-56B39,Female,0,Yes,No,70,Yes,Yes,No,No internet service,No internet service,No internet service,No internet service,No internet service,No internet service,Month-to-month,No,Electronic check,24.84,1762.85,No
ORKT-1BCEE,Male,0,Yes,Yes,51,Yes,No,DSL,No,No,No,Yes,Yes,No,Month-to-month,Yes,Electronic check,51.34,2646.6,No
JBQC-4B99C,Female,0,Yes,No,35,Yes,Yes,Fiber optic,No,No,No,No,Yes,No,One year,Yes,Credit card (automatic),70.73,2394.83,No
EUPK-78853,Female,0,Yes,No,65,Yes,Yes,DSL,Yes,No,No,No,Yes,Yes,Month-to-month,No,Electronic check,53.87,3555.5,No
EIGN-E140F,Male,1,Yes,No,62,Yes,No,No,No internet service,No internet service,No internet service,No internet service,No internet service,No internet service,Month-to-month,No,Credit card (automatic),18.8,1133.58,Yes
SGKS-F94BA,Male,0,No,No,7,Yes,Yes,Fiber optic,Yes,No,No,No,No,Yes,One year,No,Mailed check,69.65,495.98,No
QBSA-EE9A1,Male,0,Yes,No,37,Yes,Yes,No,No internet service,No internet service,No internet service,No internet service,No internet service,No internet service,Month-to-month,Yes,Credit card (automatic),30.64,1123.56,No
WHGS-F7884,Female,0,No,No,2,Yes,No,DSL,Yes,No,Yes,No,No,Yes,Month-to-month,No,Credit card (automatic),43.49,121.31,No
PYJU-CDBEB,Male,0,Yes,No,18,Yes,Yes,No,No internet service,No internet service,No internet service,No internet service,No internet service,No internet service,Two year,Yes,Electronic check,30.86,585.68,No
ZSVX-F9BF6,Female,1,No,No,5,Yes,Yes,Fiber optic,No,Yes,No,No,Yes,No,One year,Yes,Credit card (automatic),70.87,334.12,Yes
DWQL-B0744,Female,0,No,No,31,Yes,Yes,DSL,No,No,No,No,Yes,No,Two year,Yes,Mailed check,47.79,1548.71,No
ZODJ-3E455,Female,1,No,No,60,Yes,Yes,Fiber optic,No,No,No,Yes,Yes,No,Month-to-month,Yes,Credit card (automatic),84.12,5020.2,No
EUOL-6A1E9,Male,0,No,No,24,Yes,No,Fiber optic,Yes,Yes,No,Yes,No,No,One year,Yes,Credit card (automatic),61.03,1424.76,No
FNWE-89C9B,Male,0,No,Yes,30,Yes,No,No,No internet service,No internet service,No internet service,No internet service,No internet service,No internet service,Two year,No,Electronic check,23.04,703.43,No
UXJS-3DF48,Female,0,No,No,68,Yes,Yes,DSL,No,No,No,No,No,Yes,One year,No,Bank transfer (automatic),50.81,3415.06,No
VASV-D3CC0,Male,0,Yes,Yes,9,Yes,No,No,No internet service,No internet service,No internet service,No internet service,No internet service,No internet service,Month-to-month,Yes,Electronic check,18.8,203.42,No
SQZB-F946C,Male,0,Yes,Yes,4,Yes,Yes,Fiber optic,No,No,No,No,Yes,Yes,Month-to-month,No,Bank transfer (automatic),74.3,315.3,Yes
ZIZQ-39C01,Male,0,No,No,23,Yes,No,Fiber optic,No,No,Yes,No,No,No,Month-to-month,Yes,Mailed check,42.72,971.53,Yes
AOBY-214CE,Female,0,Yes,Yes,1,Yes,No,DSL,No,No,No,Yes,Yes,No,Month-to-month,Yes,Electronic check,50.29,107.55,No
GNUU-2DDB8,Female,0,No,No,50,Yes,Yes,Fiber optic,No,No,No,No,No,No,Two year,No,Electronic check,60.9,3025.63,No
KXWN-B6B1E,Male,0,No,Yes,35,Yes,Yes,No,No internet service,No internet service,No internet service,No internet service,No internet service,No internet service,Month-to-month,Yes,Electronic check,23.56,762.71,Yes
NPEN-0EB7D,Female,0,Yes,No,3,Yes,No,No,No internet service,No internet service,No internet service,No internet service,No internet service,No internet service,Two year,Yes,Credit card (automatic),22.12,40.13,No
VDBG-09881,Male,0,No,Yes,53,Yes,No,Fiber optic,No,No,Yes,No,No,No,Month-to-month,No,Bank transfer (automatic),47.04,2475.93,Yes
XZPA-6BB3D,Male,0,Yes,Yes,8,Yes,No,No,No internet service,No internet service,No internet service,No internet service,No internet service,No internet service,Two year,No,Electronic check,18.8,84.29,Yes
ZNJN-08008,Male,0,Yes,No,19,Yes,No,No,No internet service,No internet service,No internet service,No internet service,No internet service,No internet service,Month-to-month,No,Mailed check,28.11,463.11,Yes
NZNZ-C5E79,Male,0,No,No,27,Yes,No,No,No internet service,No internet service,No internet service,No internet service,No internet service,No internet service,One year,Yes,Bank transfer (automatic),20.21,508.05,No
CFNH-914A9,Female,1,Yes,No,5,Yes,Yes,Fiber optic,Yes,No,No,No,No,Yes,Two year,No,Credit card (automatic),63.37,268.81,Yes
ZXVA-93437,Female,0,No,Yes,2,Yes,No,No,No internet service,No internet service,No internet service,No internet service,No internet service,No internet service,Month-to-month,No,Bank transfer (automatic),18.8,19.1,No
DNEN-A21CB,Female,0,No,No,0,No,No phone service,DSL,Yes,No,No,No,Yes,No,One year,Yes,Electronic check,42.06,42.06,No
GXFY-1A036,Male,0,Yes,No,2,Yes,No,Fiber optic,No,No,No,No,No,Yes,Month-to-month,No,Credit card (automatic),57.24,102.54,No
CLGC-FFF26,Male,0,No,Yes,49,Yes,Yes,DSL,Yes,Yes,Yes,No,No,No,Month-to-month,Yes,Mailed check,49.87,2449.12,No
IIKN-74FF5,Male,1,No,No,10,Yes,Yes,DSL,Yes,Yes,Yes,No,Yes,No,Month-to-month,No,Bank transfer (automatic),59.36,596.13,No
FNJZ-60216,Female,0,Yes,No,53,Yes,No,Fiber optic,Yes,No,No,No,No,Yes,Month-to-month,Yes,Electronic check,62.78,3359.71,No
IWXD-F9467,Male,0,Yes,No,31,No,No phone service,No,No internet service,No internet service,No internet service,No internet service,No internet service,No internet service,One year,Yes,Bank transfer (automatic),18.8,533.4,No
EWAB-42066,Female,0,No,No,12,Yes,No,DSL,No,Yes,No,Yes,No,Yes,Month-to-month,Yes,Mailed check,52.41,601.43,No
DVWS-8F560,Female,0,No,No,30,Yes,No,DSL,No,No,Yes,No,Yes,No,Two year,No,Electronic check,39.93,1200.3,No
SCRU-39468,Female,0,Yes,No,34,Yes,No,DSL,No,Yes,No,No,No,No,Month-to-month,Yes,Credit card (automatic),27.1,913.08,No
GUKM-D37F6,Female,0,Yes,No,10,Yes,Yes,Fiber optic,Yes,No,No,No,No,No,Month-to-month,No,Bank transfer (automatic),54.9,571.25,Yes
DHYT-C4D6C,Female,0,No,No,2,Yes,No,DSL,No,Yes,No,No,Yes,Yes,Month-to-month,Yes,Electronic check,63.03,96.04,No
WFYQ-BC2B3,Female,1,No,No,49,Yes,No,DSL,No,No,No,Yes,Yes,No,Month-to-month,No,Bank transfer (automatic),50.15,2487.07,Yes
HDEZ-567B9,Male,0,Yes,No,45,Yes,Yes,DSL,Yes,No,No,Yes,Yes,Yes,One year,Yes,Credit card (automatic),66.03,3052.9,No
NVMT-EA049,Male,0,No,No,3,Yes,Yes,DSL,No,No,No,No,Yes,Yes,One year,Yes,Mailed check,57.31,130.29,Yes
MHIC-3C0D5,Female,0,Yes,No,64,Yes,Yes,Fiber optic,Yes,Yes,No,Yes,Yes,No,One year,Yes,Mailed check,75.37,4856.1,No
VGVO-D0C45,Female,0,No,No,58,Yes,No,DSL,Yes,No,No,No,No,No,Two year,Yes,Bank transfer (automatic),35.02,2048.87,No
BYQZ-92572,Male,1,Yes,Yes,20,Yes,No,Fiber optic,No,No,No,No,No,Yes,Month-to-month,Yes,Mailed check,59.7,1155.13,Yes
YYOP-BA18C,Female,0,Yes,No,53,Yes,No,Fiber optic,Yes,Yes,No,No,No,No,Month-to-month,No,Mailed check,51.74,2805.33,No
UPXP-67BE3,Female,0,Yes,No,17,Yes,No,DSL,Yes,Yes,No,No,No,No,Month-to-month,Yes,Mailed check,35.26,682.04,No
HQTK-A04F9,Male,0,No,No,44,Yes,Yes,Fiber optic,No,No,No,No,Yes,No,One year,Yes,Electronic check,65.69,2825.59,No
WFHZ-FE5C7,Female,0,No,No,9,Yes,No,DSL,No,No,No,No,Yes,Yes,Two year,No,Electronic check,48.26,357.97,No
VWLH-F76AE,Female,1,No,No,55,Yes,No,No,No internet service,No internet service,No internet service,No internet service,No internet service,No internet service,Two year,Yes,Mailed check,18.8,1033.3,No
DZKA-47A92,Female,0,No,No,7,Yes,No,No,No internet service,No internet service,No internet service,No internet service,No internet service,No internet service,Two year,Yes,Electronic check,22.57,226.5,No
MGHS-C2965,Male,0,Yes,No,36,Yes,Yes,Fiber optic,Yes,No,Yes,Yes,No,No,One year,No,Bank transfer (automatic),62.57,2102.52,No
SGTK-1CD9B,Male,1,No,No,7,No,No phone service,Fiber optic,Yes,No,No,No,No,Yes,One year,No,Credit card (automatic),68.94,431.37,No
DIJT-5B493,Male,1,Yes,No,30,Yes,Yes,Fiber optic,No,No,No,No,Yes,No,Month-to-month,No,Mailed check,62.41,1879.06,No
OCTA-FD9EC,Female,0,No,Yes,35,Yes,Yes,Fiber optic,No,No,Yes,Yes,No,Yes,One year,Yes,Credit card (automatic),76.9,2612.14,No
DTJW-DF732,Female,0,Yes,No,26,Yes,No,DSL,No,No,No,No,Yes,Yes,Month-to-month,Yes,Credit card (automatic),50.47,1315.48,No
EZPJ-7296C,Male,0,Yes,No,7,Yes,No,Fiber optic,No,No,Yes,No,Yes,No,Month-to-month,No,Bank transfer (automatic),55.65,402.86,Yes
AYBK-5BA37,Female,0,No,No,25,Yes,No,Fiber optic,No,Yes,No,Yes,Yes,Yes,Month-to-month,No,Bank transfer (automatic),66.56,1724.26,No
NMAE-8482B,Female,1,No,No,6,Yes,No,DSL,No,No,Yes,No,Yes,No,Month-to-month,No,Bank transfer (automatic),46.1,259.76,No
EQVJ-2051E,Female,0,No,Yes,40,Yes,No,Fiber optic,No,No,No,Yes,No,Yes,Month-to-month,Yes,Electronic check,60.75,2486.1,No
ZZXP-574D6,Female,0,No,No,38,Yes,Yes,Fiber optic,No,No,Yes,No,No,No,Two year,Yes,Bank transfer (automatic),63.22,2363.47,No
KRJJ-3106F,Female,0,Yes,No,8,No,No phone service,Fiber optic,No,Yes,Yes,Yes,Yes,No,Two year,No,Mailed check,66.27,429.24,No
GQIH-29A58,Male,0,No,No,23,Yes,Yes,Fiber optic,Yes,No,No,No,No,Yes,One year,No,Electronic check,71.1,1711.02,No
MHRO-176C4,Female,0,Yes,Yes,6,Yes,Yes,No,No internet service,No internet service,No internet service,No internet service,No internet service,No internet service,Two year,Yes,Bank transfer (automatic),36.74,214.71,No
YPDK-E4BCB,Male,0,No,No,11,Yes,Yes,DSL,No,Yes,No,No,No,Yes,Month-to-month,Yes,Credit card (automatic),56.92,632.2,Yes
CJJI-E08FE,Female,0,No,Yes,70,Yes,No,DSL,No,No,No,No,Yes,Yes,Two year,Yes,Electronic check,53.16,3629.72,No
PZKP-800E2,Male,0,Yes,No,10,No,No phone service,Fiber optic,Yes,No,No,No,Yes,No,Two year,Yes,Electronic check,60.03,589.91,No
JQON-FCFAF,Female,0,Yes,No,6,Yes,Yes,DSL,No,Yes,No,No,Yes,No,Month-to-month,Yes,Mailed check,45.35,315.19,Yes
POVW-1EBEB,Male,0,Yes,Yes,11,Yes,No,Fiber optic,No,No,No,No,Yes,No,Month-to-month,Yes,Electronic check,58.29,614.26,Yes
YHEF-43732,Female,0,Yes,No,3,Yes,Yes,Fiber optic,Yes,No,Yes,No,No,No,One year,No,Electronic check,62.14,204.72,Yes
NUDN-AB1B0,Male,0,Yes,No,42,Yes,Yes,Fiber optic,No,Yes,Yes,No,No,Yes,Month-to-month,No,Mailed check,73.67,3079.21,No
GIWE-CFF41,Female,0,Yes,No,54,No,No phone service,DSL,Yes,No,No,Yes,Yes,Yes,Month-to-month,Yes,Mailed check,51.16,2731.4,No
FTFQ-5C99C,Male,0,Yes,No,64,Yes,No,DSL,No,No,No,Yes,No,Yes,Two year,Yes,Bank transfer (automatic),56.73,3576.55,No
YJNQ-D75DF,Female,0,No,No,4,Yes,No,No,No internet service,No internet service,No internet service,No internet service,No internet service,No internet service,Month-to-month,No,Mailed check,18.8,0.0,No
OCHM-BAD07,Male,0,No,No,70,Yes,Yes,Fiber optic,No,Yes,Yes,No,No,Yes,One year,No,Electronic check,66.29,4686.81,No
SZDW-03DCF,Male,0,Yes,No,6,Yes,No,DSL,Yes,Yes,No,No,Yes,No,Month-to-month,Yes,Electronic check,53.65,336.36,Yes
PQNN-84D59,Female,1,Yes,No,2,Yes,No,No,No internet service,No internet service,No internet service,No internet service,No internet service,No internet service,Month-to-month,Yes,Mailed check,18.8,22.4,Yes
RNPB-576EE,Female,0,Yes,No,6,Yes,Yes,DSL,Yes,Yes,No,No,Yes,No,Two year,Yes,Bank transfer (automatic),50.29,316.21,Yes
SJBT-E7DE8,Male,0,No,Yes,22,No,No phone service,No,No internet service,No internet service,No internet service,No internet service,No internet service,No internet service,Month-to-month,No,Bank transfer (automatic),18.8,456.43,Yes
FATO-20F55,Female,1,No,No,42,Yes,No,No,No internet service,No internet service,No internet service,No internet service,No internet service,No internet service,Month-to-month,Yes,Mailed check,18.8,829.37,No
QJXR-54D9E,Male,0,No,No,15,Yes,Yes,No,No internet service,No internet service,No internet service,No internet service,No internet service,No internet service,One year,Yes,Electronic check,25.6,350.09,No
IAXG-DB3C1,Male,0,No,No,39,Yes,Yes,Fiber optic,No,No,Yes,No,Yes,Yes,Month-to-month,Yes,Mailed check,69.4,2656.99,No
KJRN-97B2B,Male,0,No,Yes,4,Yes,No,Fiber optic,No,No,No,No,No,Yes,Month-to-month,No,Bank transfer (automatic),60.38,155.78,No
BCSE-C22E2,Female,1,No,No,4,Yes,Yes,DSL,No,No,No,No,No,Yes,One year,Yes,Credit card (automatic),48.2,189.38,No
XJUY-159D2,Male,0,Yes,Yes,33,No,No phone service,Fiber optic,No,No,No,No,Yes,No,One year,Yes,Electronic check,59.45,1942.12,No
EJFG-2DC28,Male,0,No,No,56,Yes,No,Fiber optic,No,No,No,No,No,No,One year,No,Bank transfer (automatic),57.3,3242.97,No
QQZQ-A019E,Female,0,No,No,8,Yes,Yes,DSL,No,No,Yes,No,No,Yes,One year,No,Bank transfer (automatic),49.47,358.55,No
KQFL-CA1EE,Female,0,No,No,54,Yes,No,Fiber optic,Yes,No,No,No,Yes,Yes,Two year,Yes,Electronic check,69.6,3772.72,No
MINU-701CC,Female,0,No,No,16,Yes,Yes,No,No internet service,No internet service,No internet service,No internet service,No internet service,No internet service,Month-to-month,No,Mailed check,26.92,400.36,No
UDEK-36841,Female,0,Yes,No,70,Yes,Yes,Fiber optic,No,No,No,No,No,Yes,Month-to-month,Yes,Bank transfer (automatic),77.52,5422.89,No
KSQI-492DD,Male,0,No,No,72,No,No phone service,DSL,No,No,Yes,No,No,No,Two year,No,Credit card (automatic),33.17,2389.71,No
AZAL-A530B,Male,0,Yes,Yes,16,Yes,No,DSL,No,No,No,No,No,No,One year,No,Bank transfer (automatic),31.49,483.65,No
AMKZ-EDB85,Male,0,Yes,No,5,Yes,No,Fiber optic,No,Yes,No,Yes,No,No,Two year,Yes,Credit card (automatic),66.29,298.28,No
EZKL-24A69,Male,0,Yes,No,28,Yes,No,Fiber optic,No,No,No,No,No,Yes,Month-to-month,No,Credit card (automatic),54.34,1503.68,No
FCXL-54A96,Female,1,No,No,46,Yes,No,DSL,No,No,No,No,No,No,Month-to-month,No,Mailed check,28.09,1367.46,Yes
YXFQ-F702A,Male,0,No,No,72,Yes,No,Fiber optic,No,No,No,No,Yes,No,Month-to-month,No,Credit card (automatic),62.94,4534.09,No
XDOM-4AE30,Male,0,No,No,4,Yes,No,Fiber optic,No,No,Yes,No,Yes,Yes,Month-to-month,No,Electronic check,70.04,292.19,Yes
JISN-05B79,Female,0,No,No,29,Yes,Yes,Fiber optic,No,No,No,No,Yes,No,Month-to-month,Yes,Bank transfer (automatic),72.32,2114.19,No
GIDC-0929F,Male,0,Yes,Yes,58,Yes,No,No,No internet service,No internet service,No internet service,No internet service,No internet service,No internet service,One year,Yes,Electronic check,19.91,1191.38,No
SODM-E6DB4,Male,0,No,No,11,Yes,No,Fiber optic,No,No,No,No,No,Yes,Two year,Yes,Credit card (automatic),59.52,661.5,Yes
DAHI-A97BC,Male,0,No,Yes,52,Yes,Yes,DSL,No,Yes,Yes,Yes,No,No,Month-to-month,Yes,Bank transfer (automatic),48.81,2632.67,No
SXJV-6221F,Male,0,No,No,26,Yes,Yes,No,No internet service,No internet service,No internet service,No internet service,No internet service,No internet service,Month-to-month,No,Bank transfer (automatic),22.54,559.42,Yes
EVUL-EEE74,Male,0,Yes,No,7,Yes,No,DSL,Yes,Yes,Yes,Yes,No,No,One year,Yes,Bank transfer (automatic),38.76,247.7,No
BVWN-1D48A,Male,0,No,No,71,No,No phone service,No,No internet service,No internet service,No internet service,No internet service,No internet service,No internet service,Month-to-month,Yes,Mailed check,18.8,1262.19,No
DBCY-F6665,Female,1,No,No,71,No,No phone service,No,No internet service,No internet service,No internet service,No internet service,No internet service,No internet service,One year,Yes,Mailed check,26.71,1877.68,No
OJQJ-AF318,Female,1,No,No,7,Yes,No,No,No internet service,No internet service,No internet service,No internet service,No internet service,No internet service,Two year,Yes,Electronic check,22.46,154.12,No
DGUK-8C270,Male,0,No,No,35,Yes,No,No,No internet service,No internet service,No internet service,No internet service,No internet service,No internet service,One year,Yes,Credit card (automatic),18.8,632.53,No
MFXG-30233,Male,0,No,No,24,Yes,Yes,DSL,No,No,Yes,No,No,No,Month-to-month,Yes,Electronic check,43.58,971.58,No
TXWY-E76A5,Female,0,No,No,1,Yes,Yes,DSL,No,No,Yes,No,No,No,One year,No,Credit card (automatic),40.52,80.91,Yes
PZFU-E8542,Male,1,No,Yes,13,Yes,No,DSL,Yes,No,No,No,No,No,Month-to-month,No,Bank transfer (automatic),29.59,377.29,No
ITNF-8C00F,Male,0,No,Yes,7,Yes,Yes,No,No internet service,No internet service,No internet service,No internet service,No internet service,No internet service,Month-to-month,Yes,Mailed check,21.55,149.82,Yes
TOXP-83CC4,Male,1,Yes,No,1,Yes,Yes,DSL,No,No,No,No,No,Yes,Two year,Yes,Bank transfer (automatic),63.2,126.41,Yes
TSCE-99A5D,Female,0,No,No,25,Yes,Yes,Fiber optic,No,No,No,No,Yes,No,One year,No,Credit card (automatic),63.84,1541.65,No
LFCW-B7312,Male,1,No,No,4,No,No phone service,DSL,Yes,No,No,No,No,No,Two year,Yes,Electronic check,34.71,206.37,Yes
CNFD-4B72B,Female,0,No,No,11,Yes,Yes,Fiber optic,No,Yes,No,Yes,No,Yes,Two year,No,Electronic check,69.55,739.56,Yes
MERZ-8249F,Male,0,No,Yes,29,Yes,Yes,DSL,Yes,Yes,No,No,No,No,Month-to-month,Yes,Credit card (automatic),34.42,974.24,No
YYVO-ABBA2,Female,0,Yes,No,2,Yes,Yes,Fiber optic,No,No,No,No,No,Yes,Month-to-month,Yes,Mailed check,67.81,133.5,No
WALL-F1751,Female,0,Yes,No,70,No,No phone service,No,No internet service,No internet service,No internet service,No internet service,No internet service,No internet service,Month-to-month,No,Bank transfer (automatic),24.33,1666.0,No
FKXK-EBDDB,Male,0,No,No,16,No,No phone service,Fiber optic,Yes,No,No,No,No,No,Month-to-month,Yes,Electronic check,54.89,856.71,Yes
TESB-BACA5,Female,0,No,No,17,Yes,Yes,DSL,No,Yes,Yes,Yes,Yes,Yes,One year,No,Mailed check,71.76,1237.56,No
JPMI-783A5,Male,0,Yes,No,71,Yes,Yes,No,No internet service,No internet service,No internet service,No internet service,No internet service,No internet service,Two year,Yes,Credit card (automatic),30.35,2149.61,No
GKCP-BF488,Female,0,Yes,No,68,Yes,Yes,DSL,No,Yes,No,Yes,No,No,One year,No,Mailed check,48.56,3391.79,No
TQUW-15A87,Male,0,Yes,Yes,2,Yes,Yes,Fiber optic,Yes,No,No,No,No,No,Month-to-month,No,Credit card (automatic),55.57,166.83,No
EOTA-9E9F5,Male,0,Yes,No,11,Yes,No,Fiber optic,No,Yes,No,No,No,No,One year,No,Electronic check,52.67,538.78,No
ARFA-2EC49,Female,0,Yes,Yes,66,Yes,No,Fiber optic,Yes,Yes,No,No,Yes,No,Month-to-month,Yes,Mailed check,59.13,4006.47,No
IEZV-55D76,Male,0,Yes,Yes,1,Yes,No,Fiber optic,No,No,Yes,Yes,Yes,No,Month-to-month,Yes,Credit card (automatic),62.18,0.0,Yes
KLNB-77456,Male,1,Yes,Yes,71,Yes,No,Fiber optic,No,Yes,No,No,No,Yes,Month-to-month,Yes,Mailed check,58.87,4209.56,No
JXNN-4E082,Female,0,Yes,Yes,15,Yes,No,DSL,Yes,No,Yes,No,No,No,Month-to-month,Yes,Electronic check,35.45,488.62,No
TJHB-C64D0,Male,0,Yes,No,0,Yes,Yes,Fiber optic,Yes,No,No,No,Yes,No,Two year,No,Electronic check,64.5,64.5,Yes
MEDA-2F7F4,Male,0,No,Yes,70,Yes,No,DSL,No,Yes,No,No,No,No,Month-to-month,No,Mailed check,23.63,1634.39,No
TCCA-EABE5,Female,0,Yes,Yes,47,Yes,No,Fiber optic,No,Yes,Yes,Yes,No,Yes,Month-to-month,Yes,Bank transfer (automatic),62.66,2978.42,Yes
SNOR-70189,Female,0,Yes,No,72,Yes,Yes,Fiber optic,No,Yes,No,No,No,No,Two year,Yes,Electronic check,57.76,4057.28,No
TOEJ-7F8AB,Male,0,Yes,No,43,Yes,No,No,No internet service,No internet service,No internet service,No internet service,No internet service,No internet service,Month-to-month,Yes,Bank transfer (automatic),18.8,803.54,No
JZRW-B9092,Male,0,Yes,No,54,Yes,No,Fiber optic,No,No,Yes,No,No,No,One year,Yes,Electronic check,40.66,2182.83,No
PSOI-0AB7B,Female,0,Yes,No,38,Yes,No,No,No internet service,No internet service,No internet service,No internet service,No internet service,No internet service,Two year,Yes,Electronic check,18.93,787.49,No
UNBW-7AE59,Female,0,Yes,No,15,Yes,No,Fiber optic,No,No,No,No,No,No,Month-to-month,No,Electronic check,50.16,871.1,No
AXBO-507E2,Male,1,No,No,59,Yes,Yes,Fiber optic,No,Yes,No,No,No,Yes,Month-to-month,Yes,Mailed check,66.68,3927.95,No
HEDF-9CBCB,Female,1,No,Yes,38,Yes,Yes,Fiber optic,No,No,No,No,No,Yes,Two year,Yes,Bank transfer (automatic),67.39,2580.79,No
JXES-1C136,Male,0,No,No,58,Yes,Yes,Fiber optic,Yes,No,No,No,No,Yes,One year,Yes,Electronic check,69.83,4163.88,No
SBGI-BF985,Male,0,No,Yes,59,No,No phone service,Fiber optic,Yes,No,No,No,Yes,No,Month-to-month,Yes,Bank transfer (automatic),59.76,3531.72,No
VCDF-47FA6,Male,0,Yes,Yes,38,No,No phone service,No,No internet service,No internet service,No internet service,No internet service,No internet service,No internet service,One year,No,Bank transfer (automatic),21.2,874.86,Yes
FQGZ-78E47,Male,0,No,No,59,No,No phone service,Fiber optic,No,No,No,No,Yes,No,Two year,Yes,Credit card (automatic),48.21,2960.82,No
NHBH-1A05E,Male,0,Yes,No,48,Yes,No,DSL,Yes,No,Yes,No,No,Yes,Two year,No,Electronic check,38.31,1817.68,No
ORRH-A3AAE,Female,0,No,No,63,Yes,Yes,DSL,No,No,No,Yes,No,No,Two year,Yes,Electronic check,61.1,3835.94,No
XAHO-59D4E,Female,1,Yes,No,17,Yes,Yes,Fiber optic,No,Yes,No,No,Yes,No,One year,No,Bank transfer (automatic),67.25,1207.23,No
WXBH-11071,Female,1,No,No,40,Yes,No,DSL,Yes,No,No,No,No,Yes,Two year,Yes,Mailed check,39.3,1546.32,No
HZWY-0AA2E,Female,0,No,No,5,Yes,No,No,No internet service,No internet service,No internet service,No internet service,No internet service,No internet service,Month-to-month,No,Bank transfer (automatic),21.66,64.4,Yes
KZCQ-2F913,Male,0,Yes,Yes,15,Yes,No,DSL,No,No,Yes,No,No,No,Month-to-month,Yes,Electronic check,33.33,521.6,No
JAAY-F8EA0,Male,0,No,No,6,Yes,No,DSL,No,Yes,No,No,Yes,No,Two year,Yes,Electronic check,39.95,177.28,Yes
SAVJ-24AD9,Male,0,Yes,No,10,Yes,Yes,Fiber optic,No,No,No,No,Yes,No,Two year,Yes,Bank transfer (automatic),76.67,749.69,Yes
EXUK-8F602,Male,0,No,Yes,50,Yes,No,DSL,No,Yes,No,No,No,No,Month-to-month,No,Electronic check,39.83,2027.4,No
PZTQ-57059,Female,0,No,No,68,Yes,No,No,No internet service,No internet service,No internet service,No internet service,No internet service,No internet service,Two year,No,Credit card (automatic),25.46,1804.44,No
XXVA-C39FE,Male,1,Yes,No,2,Yes,Yes,No,No internet service,No internet service,No internet service,No internet service,No internet service,No internet service,Month-to-month,Yes,Bank transfer (automatic),24.18,67.52,No
RHNS-86690,Male,0,Yes,Yes,3,Yes,Yes,Fiber optic,No,Yes,No,Yes,Yes,Yes,Month-to-month,Yes,Credit card (automatic),80.95,214.3,No
ZCZA-8696E,Female,0,Yes,No,37,No,No phone service,No,No internet service,No internet service,No internet service,No internet service,No internet service,No internet service,Month-to-month,Yes,Bank transfer (automatic),18.8,768.45,No
AZRU-2165C,Female,0,No,No,25,Yes,Yes,DSL,No,No,No,No,No,Yes,Month-to-month,Yes,Bank transfer (automatic),58.79,1497.07,Yes
XLTB-B1A66,Female,0,Yes,Yes,34,Yes,No,DSL,No,No,No,No,Yes,No,Two year,Yes,Mailed check,54.24,1818.84,Yes
HKWV-548A2,Female,0,No,No,27,Yes,No,No,No internet service,No internet service,No internet service,No internet service,No internet service,No internet service,Month-to-month,No,Credit card (automatic),27.89,729.93,No
SYVO-55B71,Male,0,No,No,5,Yes,Yes,DSL,No,No,No,Yes,No,No,Month-to-month,Yes,Electronic check,54.91,241.45,No
RDZK-502F8,Male,0,Yes,No,58,Yes,Yes,Fiber optic,No,No,Yes,No,No,Yes,Month-to-month,Yes,Electronic check,72.06,4177.3,Yes
XYBJ-D789B,Female,0,No,Yes,10,No,No phone service,Fiber optic,No,No,No,Yes,Yes,No,Month-to-month,Yes,Credit card (automatic),60.22,645.24,Yes
YXQP-51B0B,Male,0,No,No,6,Yes,No,DSL,No,No,Yes,Yes,Yes,No,Two year,No,Mailed check,44.78,346.91,No
MUYO-97510,Male,1,Yes,No,37,Yes,Yes,Fiber optic,Yes,Yes,Yes,No,No,No,Month-to-month,Yes,Mailed check,62.91,2356.88,Yes
SXBI-9BBB1,Male,0,Yes,No,43,Yes,No,Fiber optic,No,No,Yes,No,Yes,No,Month-to-month,Yes,Electronic check,55.35,2353.0,No
GMBI-6F5FB,Female,0,No,No,71,Yes,No,Fiber optic,No,No,No,No,No,No,One year,Yes,Credit card (automatic),45.03,3139.18,No
RVVF-68F07,Male,0,Yes,No,4,Yes,Yes,No,No internet service,No internet service,No internet service,No internet service,No internet service,No internet service,Month-to-month,Yes,Credit card (automatic),30.58,139.48,Yes
FFTF-CFC22,Female,0,Yes,Yes,69,Yes,No,Fiber optic,Yes,No,Yes,No,No,Yes,Two year,Yes,Credit card (automatic),60.87,4320.17,No
LOUK-2FEAB,Male,0,Yes,Yes,7,Yes,No,DSL,Yes,No,Yes,No,No,No,Month-to-month,Yes,Bank transfer (automatic),37.57,222.94,Yes
YMDP-7CC75,Male,1,No,No,3,Yes,Yes,DSL,No,No,No,No,No,No,Two year,Yes,Electronic check,61.33,114.39,No
KQQN-8F42C,Male,1,No,No,8,Yes,No,No,No internet service,No internet service,No internet service,No internet service,No internet service,No internet service,Month-to-month,Yes,Credit card (automatic),21.01,199.4,No
YPKJ-70844,Female,0,No,No,57,Yes,No,Fiber optic,No,No,Yes,No,No,Yes,Month-to-month,No,Credit card (automatic),57.88,3264.9,Yes
OZFX-8F6FA,Male,0,Yes,No,29,Yes,Yes,DSL,Yes,No,No,No,No,Yes,Month-to-month,Yes,Electronic check,45.02,1291.71,Yes
ROLN-DC0BD,Female,0,No,No,52,Yes,Yes,Fiber optic,No,Yes,No,No,No,No,Month-to-month,Yes,Bank transfer (automatic),59.18,3014.6,No
TMIR-A5650,Female,0,No,Yes,67,Yes,No,DSL,No,No,No,Yes,Yes,No,Month-to-month,Yes,Electronic check,41.6,2717.98,No
ACLN-6F363,Female,0,Yes,No,3,Yes,Yes,DSL,No,No,Yes,No,Yes,Yes,Month-to-month,Yes,Bank transfer (automatic),64.63,154.22,No
HPII-AD313,Male,0,Yes,Yes,9,Yes,No,Fiber optic,No,Yes,No,No,No,No,One year,Yes,Bank transfer (automatic),51.17,451.29,No
PYEB-8F8EA,Male,0,No,Yes,35,Yes,No,No,No internet service,No internet service,No internet service,No internet service,No internet service,No internet service,Month-to-month,No,Electronic check,18.8,649.53,Yes
ALUN-32A79,Male,0,No,No,2,Yes,No,Fiber optic,No,Yes,Yes,No,No,No,Month-to-month,No,Electronic check,48.13,169.0,Yes
JIRA-65CB6,Male,0,No,No,6,Yes,No,No,No internet service,No internet service,No internet service,No internet service,No internet service,No internet service,Month-to-month,No,Mailed check,28.62,110.8,No
GGFH-C0083,Female,1,No,Yes,52,Yes,Yes,DSL,No,No,Yes,No,No,No,Two year,Yes,Bank transfer (automatic),40.56,2106.44,No
VTTL-7639D,Female,0,No,No,9,Yes,No,Fiber optic,Yes,No,Yes,No,No,Yes,One year,Yes,Bank transfer (automatic),55.72,511.39,No
GBOK-CDF6E,Female,0,Yes,Yes,0,Yes,No,DSL,No,No,No,No,Yes,No,Month-to-month,Yes,Electronic check,43.87,43.87,Yes
DJGY-952CA,Male,0,No,No,61,Yes,No,DSL,No,Yes,Yes,No,Yes,No,Two year,No,Electronic check,43.67,2643.23,No
WLDI-931D8,Female,0,No,Yes,23,Yes,No,Fiber optic,Yes,No,Yes,No,Yes,Yes,Month-to-month,No,Bank transfer (automatic),63.72,1463.16,No
KOTA-74107,Male,0,No,No,42,Yes,No,Fiber optic,No,No,No,No,No,No,Month-to-month,No,Electronic check,42.17,1797.06,No
ONUL-9DAE3,Female,0,Yes,No,43,Yes,Yes,DSL,No,No,No,Yes,Yes,No,Month-to-month,Yes,Mailed check,62.45,2674.88,No
USPA-8DA04,Male,1,No,No,52,Yes,No,DSL,No,No,No,No,No,Yes,Month-to-month,Yes,Electronic check,40.4,2063.06,No
OVLW-C43E9,Male,0,No,Yes,50,Yes,Yes,Fiber optic,No,Yes,No,No,No,Yes,One year,No,Mailed check,73.1,3654.99,No
WXLB-E9180,Female,0,Yes,Yes,34,Yes,Yes,DSL,Yes,Yes,Yes,No,No,Yes,One year,No,Electronic check,48.23,1594.98,No
HJLO-D5BFB,Female,0,Yes,No,4,Yes,Yes,Fiber optic,No,Yes,No,No,Yes,No,Month-to-month,No,Credit card (automatic),69.26,272.86,No
GRHM-A40DB,Female,0,No,No,18,Yes,Yes,No,No internet service,No internet service,No internet service,No internet service,No internet service,No internet service,Month-to-month,Yes,Electronic check,26.95,445.07,No
DJGZ-FB703,Female,0,Yes,Yes,56,Yes,No,No,No internet service,No internet service,No internet service,No internet service,No internet service,No internet service,Month-to-month,Yes,Credit card (automatic),18.8,1059.45,No
CUCR-F4AE6,Male,1,No,No,45,Yes,Yes,DSL,No,No,Yes,No,Yes,No,Month-to-month,Yes,Mailed check,51.1,2361.29,No
LFLW-A38B1,Female,0,No,No,6,Yes,No,No,No internet service,No internet service,No internet service,No internet service,No internet service,No internet service,Month-to-month,Yes,Electronic check,18.8,67.81,Yes
TFHK-8E346,Female,0,Yes,No,1,Yes,No,Fiber optic,No,Yes,No,Yes,Yes,Yes,Month-to-month,No,Electronic check,72.9,0.0,No
WZLS-EDA8F,Female,0,No,Yes,54,Yes,No,DSL,No,Yes,No,No,No,Yes,Two year,Yes,Credit card (automatic),38.0,2097.96,No
GJSA-8D2C6,Male,0,No,No,57,Yes,No,Fiber optic,No,No,Yes,No,Yes,No,Month-to-month,Yes,Electronic check,50.66,2929.39,Yes
WQET-03EE0,Male,1,No,No,55,Yes,No,No,No internet service,No internet service,No internet service,No internet service,No internet service,No internet service,Month-to-month,No,Bank transfer (automatic),18.8,1044.51,No
JCHZ-3ACE5,Female,1,Yes,Yes,0,Yes,Yes,DSL,Yes,No,No,Yes,No,No,Month-to-month,Yes,Electronic check,54.53,54.53,Yes
SMCF-BA8CB,Male,0,No,No,51,Yes,No,DSL,No,No,No,No,Yes,No,One year,Yes,Credit card (automatic),44.31,2336.47,No
IHYZ-0C2D9,Female,0,Yes,No,52,Yes,Yes,Fiber optic,No,Yes,No,Yes,No,Yes,One year,Yes,Bank transfer (automatic),75.72,3965.91,No
RSPG-C8850,Male,0,Yes,No,69,Yes,No,DSL,No,No,No,No,No,No,Month-to-month,No,Credit card (automatic),34.78,2346.09,No
OIRJ-FA7BA,Male,0,Yes,No,39,Yes,No,DSL,No,No,Yes,Yes,Yes,No,One year,No,Electronic check,47.14,1804.43,No
QPYI-649F9,Male,1,Yes,Yes,2,Yes,No,Fiber optic,Yes,Yes,No,No,Yes,No,Month-to-month,Yes,Bank transfer (automatic),51.05,89.09,Yes
FXUL-26C92,Male,0,Yes,No,6,Yes,Yes,Fiber optic,No,Yes,Yes,No,No,Yes,Two year,Yes,Credit card (automatic),64.89,451.6,Yes
EZLR-516B5,Female,0,No,Yes,55,Yes,No,Fiber optic,No,No,Yes,No,No,Yes,Month-to-month,No,Mailed check,55.46,3032.92,No
PLIG-44B5B,Female,0,No,Yes,69,Yes,Yes,Fiber optic,Yes,Yes,No,No,No,Yes,Month-to-month,Yes,Credit card (automatic),68.49,4628.69,No
IIYW-64B17,Female,0,Yes,No,7,Yes,No,Fiber optic,Yes,No,No,No,No,Yes,One year,No,Mailed check,64.25,378.02,Yes
PRCA-418E4,Male,0,Yes,No,4,Yes,No,No,No internet service,No internet service,No internet service,No internet service,No internet service,No internet service,Month-to-month,No,Credit card (automatic),30.51,94.82,No
LFBS-48AD2,Female,0,No,No,60,Yes,Yes,Fiber optic,Yes,Yes,No,Yes,Yes,No,Two year,No,Electronic check,74.92,4480.21,No
PXMB-4CC53,Female,0,Yes,Yes,53,Yes,No,Fiber optic,Yes,No,No,Yes,Yes,No,Month-to-month,Yes,Credit card (automatic),72.52,3787.75,No
HGTV-0BC9D,Female,0,No,No,58,Yes,Yes,Fiber optic,No,No,No,No,Yes,No,Two year,Yes,Bank transfer (automatic),68.46,4126.41,No
BSDX-71BB7,Male,0,No,Yes,8,Yes,No,No,No internet service,No internet service,No internet service,No internet service,No internet service,No internet service,Month-to-month,No,Credit card (automatic),19.84,236.83,Yes
IAXE-D9ABD,Male,0,No,Yes,3,Yes,No,Fiber optic,No,Yes,Yes,Yes,No,No,Month-to-month,No,Electronic check,56.97,250.68,No
AZBZ-4D178,Male,0,Yes,No,52,Yes,Yes,No,No internet service,No internet service,No internet service,No internet service,No internet service,No internet service,Two year,Yes,Credit card (automatic),27.03,1435.5,No
YDAQ-0C0F8,Female,0,Yes,No,62,Yes,No,Fiber optic,Yes,No,Yes,Yes,No,No,One year,Yes,Mailed check,57.71,3518.62,No
YDHL-015BB,Female,0,Yes,Yes,52,Yes,Yes,Fiber optic,No,No,Yes,No,No,Yes,Month-to-month,Yes,Mailed check,70.02,3696.76,No
CBRJ-C4534,Female,1,Yes,Yes,60,Yes,Yes,DSL,No,No,No,No,Yes,Yes,One year,No,Mailed check,61.36,3713.46,No
SMRC-87E61,Male,0,Yes,Yes,63,Yes,No,No,No internet service,No internet service,No internet service,No internet service,No internet service,No internet service,Month-to-month,No,Credit card (automatic),18.8,1214.56,No
SDXJ-CA792,Male,0,No,No,65,Yes,Yes,DSL,Yes,Yes,No,No,No,No,Two year,Yes,Credit card (automatic),41.25,2773.01,No
BTYW-455B9,Female,0,No,No,50,No,No phone service,Fiber optic,No,No,No,No,No,No,Month-to-month,No,Electronic check,57.24,2739.77,Yes
UYKR-8F536,Male,0,No,Yes,9,Yes,No,Fiber optic,Yes,No,No,No,Yes,No,Month-to-month,No,Electronic check,59.96,513.24,No
QYVA-825FF,Male,0,No,No,58,Yes,Yes,No,No internet service,No internet service,No internet service,No internet service,No internet service,No internet service,Month-to-month,Yes,Mailed check,29.76,1729.68,No
DDSK-6DEEC,Male,0,Yes,Yes,1,Yes,No,Fiber optic,No,No,No,No,Yes,No,One year,Yes,Credit card (automatic),59.78,117.22,No
ZSXO-0DE46,Male,0,No,Yes,72,Yes,No,DSL,Yes,Yes,Yes,No,No,No,One year,No,Mailed check,35.97,2573.75,No
OQRK-DDF91,Female,0,Yes,No,66,Yes,No,No,No internet service,No internet service,No internet service,No internet service,No internet service,No internet service,Two year,Yes,Electronic check,18.8,1262.34,No
VCFH-2B730,Male,0,Yes,No,16,No,No phone service,Fiber optic,No,No,No,No,No,No,Month-to-month,No,Mailed check,36.88,588.35,No
FSUH-18C1C,Male,0,No,Yes,33,Yes,No,DSL,No,No,No,No,Yes,No,Month-to-month,No,Mailed check,42.66,1415.46,Yes
EGQB-423C3,Male,0,No,Yes,0,Yes,No,No,No internet service,No internet service,No internet service,No internet service,No internet service,No internet service,One year,Yes,Credit card (automatic),22.22,22.22,No
BFCQ-F2B51,Male,0,No,Yes,55,Yes,No,No,No internet service,No internet service,No internet service,No internet service,No internet service,No internet service,Two year,No,Credit card (automatic),28.37,1557.09,No
RFNN-924BE,Female,0,Yes,No,10,Yes,No,Fiber optic,No,Yes,Yes,No,Yes,No,One year,Yes,Electronic check,54.27,552.59,No
AKWH-7EFAB,Female,0,Yes,Yes,25,Yes,No,DSL,Yes,No,No,No,No,No,One year,No,Electronic check,34.64,915.65,No
PHXA-09DDA,Male,0,Yes,No,59,Yes,No,No,No internet service,No internet service,No internet service,No internet service,No internet service,No internet service,One year,No,Mailed check,18.8,1120.33,No
JJLG-615FB,Male,1,Yes,No,62,Yes,No,DSL,No,No,No,Yes,Yes,No,Month-to-month,No,Mailed check,44.55,2695.84,No
DHGH-BEB72,Male,0,Yes,Yes,56,Yes,No,Fiber optic,No,Yes,No,No,No,No,Two year,No,Electronic check,59.79,3319.06,No
DVRN-9DD16,Male,0,No,No,62,No,No phone service,Fiber optic,Yes,No,Yes,No,No,Yes,One year,Yes,Bank transfer (automatic),49.3,3135.0,No
BKQF-278B0,Male,0,No,Yes,40,Yes,Yes,No,No internet service,No internet service,No internet service,No internet service,No internet service,No internet service,Month-to-month,No,Electronic check,30.39,1252.88,No
GURX-DD8F6,Male,0,Yes,No,22,Yes,Yes,No,No internet service,No internet service,No internet service,No internet service,No internet service,No internet service,One year,No,Mailed check,26.69,684.92,No
XKLR-62E7E,Female,0,No,No,2,Yes,No,No,No internet service,No internet service,No internet service,No internet service,No internet service,No internet service,Two year,No,Mailed check,18.8,135.58,No
KZPT-C3DFA,Male,0,Yes,No,23,Yes,No,DSL,No,Yes,No,Yes,No,No,Two year,No,Credit card (automatic),38.71,896.15,No
YVRM-D28DF,Female,0,No,Yes,57,Yes,No,Fiber optic,No,No,Yes,Yes,No,No,Month-to-month,No,Electronic check,57.14,3262.89,No
GCIW-80155,Female,1,Yes,No,5,Yes,No,Fiber optic,No,No,Yes,No,Yes,Yes,Month-to-month,Yes,Credit card (automatic),75.0,406.07,Yes
DMMF-3AFF8,Male,0,No,Yes,5,Yes,Yes,DSL,No,No,No,Yes,No,Yes,Month-to-month,Yes,Electronic check,56.73,231.78,Yes
BXYH-60CC0,Female,0,No,No,19,Yes,Yes,No,No internet service,No internet service,No internet service,No internet service,No internet service,No internet service,One year,Yes,Electronic check,25.7,509.87,No
SKOF-D6D29,Female,0,No,No,40,Yes,No,DSL,Yes,No,No,No,Yes,No,Month-to-month,No,Electronic check,48.49,1987.92,No
IZOS-1A153,Female,0,Yes,No,63,Yes,Yes,Fiber optic,No,Yes,No,No,No,Yes,Month-to-month,Yes,Mailed check,64.32,4054.84,No
APGN-C2B45,Female,0,No,No,2,Yes,No,Fiber optic,No,No,No,Yes,Yes,No,Month-to-month,No,Mailed check,56.17,62.97,No
PQRF-944F1,Female,0,Yes,No,53,Yes,Yes,No,No internet service,No internet service,No internet service,No internet service,No internet service,No internet service,Month-to-month,Yes,Mailed check,30.53,1602.6,No
KLGU-7B6EB,Female,0,Yes,No,13,Yes,No,Fiber optic,Yes,Yes,No,No,Yes,Yes,Month-to-month,No,Bank transfer (automatic),61.35,804.29,No
IZWP-09B52,Male,1,Yes,No,12,Yes,Yes,Fiber optic,No,No,No,No,Yes,Yes,One year,Yes,Credit card (automatic),71.53,784.93,No
OUIL-0BDC6,Female,0,No,No,71,Yes,Yes,Fiber optic,No,No,Yes,No,Yes,No,One year,Yes,Credit card (automatic),71.9,5088.46,No
BMYC-3D920,Female,0,No,No,66,Yes,Yes,Fiber optic,No,No,No,Yes,No,No,Month-to-month,No,Credit card (automatic),59.54,3959.95,No
KPVW-76EC3,Female,1,Yes,No,4,Yes,No,DSL,No,Yes,No,No,No,Yes,Two year,Yes,Electronic check,41.84,204.16,No
RSGZ-487BE,Male,0,No,Yes,11,Yes,No,DSL,Yes,No,Yes,No,No,No,Two year,No,Bank transfer (automatic),31.81,327.76,Yes
KJTY-ECBCE,Female,0,No,Yes,40,Yes,Yes,Fiber optic,No,No,No,Yes,No,Yes,Month-to-month,Yes,Bank transfer (automatic),74.51,2954.54,Yes
APAP-64EB9,Male,1,No,No,49,Yes,Yes,DSL,No,Yes,Yes,No,No,No,Two year,Yes,Mailed check,39.89,1960.14,No
WCQE-328AC,Female,0,Yes,No,28,Yes,No,DSL,No,No,No,No,No,No,Two year,Yes,Credit card (automatic),38.47,1079.56,No
LYJE-0276D,Male,1,No,No,15,Yes,No,No,No internet service,No internet service,No internet service,No internet service,No internet service,No internet service,Month-to-month,Yes,Bank transfer (automatic),25.63,442.19,No
DGZA-638F3,Male,0,No,Yes,56,Yes,Yes,DSL,Yes,Yes,No,Yes,No,Yes,Month-to-month,No,Mailed check,58.14,3269.09,No
JLUZ-17C0C,Female,0,Yes,No,35,Yes,No,DSL,No,Yes,No,Yes,No,Yes,Month-to-month,No,Mailed check,43.76,1513.99,No
GNZQ-F93B9,Female,1,No,Yes,13,No,No phone service,Fiber optic,No,No,Yes,No,Yes,No,Month-to-month,Yes,Mailed check,62.4,637.35,No
IBQP-C28DE,Male,0,Yes,No,57,Yes,No,Fiber optic,No,No,No,No,No,No,Month-to-month,Yes,Mailed check,52.11,2990.19,No
YFEO-73125,Female,0,Yes,No,0,Yes,Yes,Fiber optic,No,No,Yes,No,No,Yes,One year,Yes,Bank transfer (automatic),73.59,73.59,No
TBCG-DF700,Male,0,Yes,Yes,11,Yes,No,DSL,Yes,Yes,No,No,Yes,Yes,Month-to-month,No,Electronic check,56.83,610.55,Yes
WLCV-8573E,Male,1,Yes,No,9,Yes,Yes,Fiber optic,No,Yes,No,Yes,No,No,One year,Yes,Electronic check,61.97,588.03,No
UFTE-7B0B3,Male,0,No,No,30,Yes,No,DSL,Yes,No,No,No,Yes,Yes,Month-to-month,Yes,Electronic check,58.38,1711.93,No
SMAT-4FD39,Male,0,Yes,No,36,Yes,No,Fiber optic,No,Yes,No,No,No,No,Month-to-month,No,Credit card (automatic),45.4,1539.79,No
JPOH-A4EF2,Male,0,No,Yes,42,Yes,Yes,Fiber optic,No,No,No,No,No,No,Month-to-month,Yes,Mailed check,70.63,2963.5,No
SYDT-F39C5,Female,0,Yes,Yes,8,Yes,Yes,No,No internet service,No internet service,No internet service,No internet service,No internet service,No internet service,Month-to-month,No,Bank transfer (automatic),39.35,256.58,Yes
GKIS-56F9E,Male,0,No,Yes,41,Yes,Yes,DSL,Yes,Yes,Yes,No,No,No,Month-to-month,No,Electronic check,47.24,1950.05,Yes
SXFY-F0566,Male,0,No,Yes,71,No,No phone service,Fiber optic,No,Yes,No,No,Yes,No,Month-to-month,No,Mailed check,58.15,4116.54,No
USFP-F7EAE,Female,0,No,Yes,5,Yes,No,No,No internet service,No internet service,No internet service,No internet service,No internet service,No internet service,Two year,Yes,Mailed check,19.37,38.22,No
XAUE-DC416,Male,0,No,Yes,31,No,No phone service,No,No internet service,No internet service,No internet service,No internet service,No internet service,No internet service,Month-to-month,Yes,Mailed check,24.58,731.07,No
HOCB-6C552,Female,0,No,No,23,Yes,No,No,No internet service,No internet service,No internet service,No internet service,No internet service,No internet service,Month-to-month,No,Credit card (automatic),20.84,503.58,No
HHGI-4A5C9,Female,0,Yes,No,1,Yes,Yes,DSL,No,No,No,No,No,Yes,Two year,Yes,Electronic check,55.41,10.76,No
QPXG-F32DE,Female,0,No,No,65,Yes,Yes,Fiber optic,No,No,No,No,No,No,Month-to-month,No,Mailed check,61.85,3951.47,No
CPNF-8A98E,Male,1,No,No,44,Yes,Yes,DSL,No,Yes,No,No,No,Yes,Month-to-month,No,Credit card (automatic),55.0,2446.98,No
FQIZ-4DA3C,Male,0,No,No,10,Yes,Yes,No,No internet service,No internet service,No internet service,No internet service,No internet service,No internet service,Two year,No,Bank transfer (automatic),31.39,362.81,No
GGIR-69833,Male,0,No,No,44,Yes,Yes,DSL,No,No,No,No,Yes,Yes,One year,Yes,Credit card (automatic),61.63,2666.22,No
HFXJ-6ACB8,Female,0,No,Yes,10,Yes,No,No,No internet service,No internet service,No internet service,No internet service,No internet service,No internet service,Two year,Yes,Bank transfer (automatic),20.07,229.56,No
ZXFE-6DFBB,Male,0,Yes,Yes,10,Yes,No,Fiber optic,No,No,No,Yes,No,No,Month-to-month,No,Electronic check,58.78,639.76,No
GPEO-31FEA,Female,0,No,No,10,Yes,No,No,No internet service,No internet service,No internet service,No internet service,No internet service,No internet service,Two year,Yes,Mailed check,18.8,155.99,No
QGOT-846D4,Male,0,Yes,No,44,Yes,No,DSL,No,Yes,No,Yes,No,Yes,One year,Yes,Electronic check,47.37,2089.3,No
YTXN-30861,Female,0,Yes,No,1,Yes,No,Fiber optic,No,No,No,No,No,Yes,Month-to-month,Yes,Mailed check,54.67,70.31,Yes
YZJR-6796C,Male,1,No,No,46,No,No phone service,DSL,No,No,Yes,No,Yes,No,One year,Yes,Bank transfer (automatic),46.62,2160.62,No
ERZW-01AED,Male,0,Yes,Yes,12,Yes,No,Fiber optic,No,Yes,No,No,No,Yes,One year,Yes,Electronic check,55.77,649.88,Yes
XDNS-9C377,Male,0,Yes,No,58,Yes,No,No,No internet service,No internet service,No internet service,No internet service,No internet service,No internet service,Two year,No,Bank transfer (automatic),18.8,1052.41,No
YFIA-2FD4B,Female,0,No,No,17,Yes,No,Fiber optic,Yes,No,Yes,Yes,No,Yes,Month-to-month,Yes,Electronic check,66.66,1174.55,No
PXHZ-5B6A5,Female,1,No,No,5,Yes,No,Fiber optic,No,No,No,No,No,No,Month-to-month,Yes,Electronic check,45.5,338.86,No
VQHY-B62FC,Male,0,No,No,7,Yes,No,DSL,No,No,No,Yes,No,No,Month-to-month,No,Mailed check,46.14,310.86,No
RVPG-311BD,Male,0,No,No,4,Yes,No,Fiber optic,Yes,No,Yes,No,No,Yes,Month-to-month,Yes,Mailed check,54.89,212.5,No
EODK-CCF4F,Female,0,No,Yes,71,Yes,Yes,Fiber optic,No,No,Yes,No,No,No,Two year,No,Mailed check,61.76,4339.49,No
UIIC-E3462,Female,0,Yes,Yes,3,Yes,No,Fiber optic,Yes,No,No,No,No,No,One year,Yes,Mailed check,56.24,152.2,No
USEE-0F6A2,Female,0,No,No,11,Yes,Yes,DSL,No,No,No,No,No,No,One year,No,Mailed check,37.73,348.32,Yes
GOFP-E49EE,Male,0,Yes,No,8,Yes,Yes,Fiber optic,Yes,Yes,Yes,No,Yes,Yes,Two year,Yes,Bank transfer (automatic),80.16,778.24,No
ACZY-589AC,Female,1,Yes,Yes,3,No,No phone service,Fiber optic,No,No,Yes,Yes,No,Yes,One year,No,Credit card (automatic),63.57,126.12,Yes
JXBA-F2F45,Male,1,No,Yes,51,No,No phone service,No,No internet service,No internet service,No internet service,No internet service,No internet service,No internet service,One year,Yes,Bank transfer (automatic),31.1,1557.4,No
AYJE-72C17,Female,0,No,No,9,Yes,No,Fiber optic,No,No,Yes,Yes,Yes,No,Month-to-month,No,Credit card (automatic),68.17,585.24,No
KABN-622CB,Male,1,Yes,No,67,Yes,No,Fiber optic,No,Yes,Yes,No,No,Yes,Month-to-month,No,Mailed check,64.15,4234.7,Yes
PVBR-C38C9,Female,0,Yes,No,32,Yes,Yes,No,No internet service,No internet service,No internet service,No internet service,No internet service,No internet service,Two year,Yes,Bank transfer (automatic),34.06,1161.17,No
GRTA-98501,Female,0,No,No,2,Yes,No,DSL,No,No,Yes,No,No,No,Month-to-month,No,Electronic check,37.23,84.92,No
TVKY-EA9F9,Female,0,No,No,11,No,No phone service,DSL,No,Yes,No,No,Yes,Yes,Two year,Yes,Credit card (automatic),57.94,649.66,No
YZFR-BD5D7,Female,0,No,Yes,43,Yes,No,No,No internet service,No internet service,No internet service,No internet service,No internet service,No internet service,Month-to-month,Yes,Credit card (automatic),22.25,936.55,Yes
KEIZ-BBE4A,Female,1,Yes,Yes,0,Yes,No,Fiber optic,No,No,No,No,No,No,Month-to-month,No,Credit card (automatic),55.34,55.34,Yes
JWKW-BCEC5,Male,0,No,No,12,Yes,No,DSL,No,No,No,No,No,Yes,Month-to-month,Yes,Electronic check,39.84,458.29,No
NMBP-66189,Female,0,Yes,No,38,Yes,No,Fiber optic,No,No,No,No,No,Yes,Month-to-month,No,Credit card (automatic),52.77,2049.03,No
CQED-66E15,Female,0,Yes,No,32,Yes,Yes,Fiber optic,No,Yes,No,No,Yes,No,Two year,Yes,Mailed check,60.91,1885.48,No
TGZT-FF17B,Female,0,No,No,72,Yes,No,Fiber optic,Yes,No,No,No,No,No,Two year,Yes,Credit card (automatic),48.2,3531.31,No
ALRU-6DA04,Male,0,No,No,31,Yes,No,Fiber optic,No,Yes,No,No,No,Yes,Two year,Yes,Bank transfer (automatic),60.71,1856.4,No
YACI-FB26F,Female,0,Yes,No,65,Yes,Yes,Fiber optic,Yes,Yes,Yes,Yes,Yes,Yes,Month-to-month,Yes,Credit card (automatic),76.68,5035.68,No
FOMT-CD17B,Male,0,Yes,Yes,52,Yes,No,No,No internet service,No internet service,No internet service,No internet service,No internet service,No internet service,Two year,No,Bank transfer (automatic),23.86,1199.67,No
KRQJ-1FDE4,Female,1,No,No,39,Yes,No,DSL,Yes,No,No,No,No,Yes,Month-to-month,Yes,Electronic check,45.85,1808.01,No
IIAE-4F388,Female,0,Yes,No,26,Yes,Yes,Fiber optic,No,No,No,No,Yes,No,Two year,Yes,Bank transfer (automatic),60.89,1619.98,Yes
JXCW-B4C6F,Male,0,Yes,No,27,Yes,No,Fiber optic,Yes,No,No,Yes,Yes,Yes,One year,Yes,Electronic check,71.47,1966.86,No
AAOY-1CF7D,Female,1,Yes,No,5,No,No phone service,DSL,Yes,No,Yes,No,No,No,One year,Yes,Electronic check,33.53,150.38,No
TFWS-09ACC,Male,0,Yes,No,60,Yes,Yes,No,No internet service,No internet service,No internet service,No internet service,No internet service,No internet service,Two year,No,Electronic check,31.87,1958.31,No
MHEC-AF1B9,Male,0,Yes,Yes,17,Yes,No,Fiber optic,No,No,No,No,Yes,No,One year,Yes,Electronic check,59.07,955.64,No
EFHR-4D511,Female,0,No,No,38,No,No phone service,DSL,No,Yes,No,No,No,No,Month-to-month,Yes,Credit card (automatic),38.21,1450.62,No
KKTM-2395A,Male,0,No,No,18,Yes,No,Fiber optic,No,Yes,Yes,No,No,No,Month-to-month,No,Electronic check,52.36,1002.53,No
XJOV-384AB,Female,0,No,No,41,Yes,No,No,No internet service,No internet service,No internet service,No internet service,No internet service,No internet service,Month-to-month,Yes,Mailed check,18.8,805.16,No
DEAA-0BE6E,Female,0,No,No,68,No,No phone service,No,No internet service,No internet service,No internet service,No internet service,No internet service,No internet service,Month-to-month,Yes,Bank transfer (automatic),18.8,1243.88,No
SUTF-88AC1,Male,0,No,No,55,Yes,No,Fiber optic,No,No,No,No,Yes,No,Two year,No,Electronic check,58.74,3371.49,No
RVDK-E02C2,Male,0,No,No,68,Yes,Yes,Fiber optic,No,No,Yes,No,Yes,Yes,Month-to-month,Yes,Electronic check,78.76,5393.68,No
SXMM-6568E,Male,0,No,No,38,Yes,No,Fiber optic,No,No,No,No,No,Yes,Two year,Yes,Credit card (automatic),64.05,2502.71,No
ZWDH-C8541,Male,0,Yes,No,2,Yes,Yes,DSL,No,No,No,No,Yes,Yes,Month-to-month,No,Electronic check,66.99,101.91,Yes
IKKO-43E64,Female,0,No,Yes,15,Yes,No,Fiber optic,Yes,Yes,No,No,Yes,Yes,Two year,No,Electronic check,67.22,1052.37,No
QOOF-B3D66,Female,0,Yes,No,6,Yes,No,No,No internet service,No internet service,No internet service,No internet service,No internet service,No internet service,Month-to-month,No,Credit card (automatic),20.77,80.29,No
KKRM-2941D,Male,0,No,No,49,Yes,Yes,Fiber optic,No,Yes,No,Yes,No,Yes,Month-to-month,No,Bank transfer (automatic),77.68,3836.68,Yes
IPEI-62F49,Female,0,No,No,60,Yes,Yes,Fiber optic,No,Yes,Yes,No,No,Yes,Month-to-month,No,Credit card (automatic),65.28,3942.11,No
OLPO-1A165,Female,0,No,No,5,Yes,No,No,No internet service,No internet service,No internet service,No internet service,No internet service,No internet service,One year,Yes,Electronic check,21.34,140.24,No
LBSK-008A8,Female,1,No,Yes,28,Yes,No,DSL,No,Yes,No,No,No,Yes,Two year,No,Electronic check,42.82,1138.57,No
STWZ-EC689,Female,0,Yes,No,62,Yes,Yes,DSL,No,Yes,Yes,No,Yes,Yes,Month-to-month,Yes,Mailed check,56.9,3579.19,No
ERPN-DAEFD,Male,0,Yes,No,12,No,No phone service,DSL,No,No,Yes,No,No,No,Two year,No,Bank transfer (automatic),32.15,412.88,Yes
HEHS-DEAAF,Male,0,Yes,No,8,Yes,No,Fiber optic,No,No,No,No,No,No,Month-to-month,No,Electronic check,58.32,449.91,Yes
RDNJ-AA441,Female,1,Yes,No,9,Yes,No,No,No internet service,No internet service,No internet service,No internet service,No internet service,No internet service,Month-to-month,Yes,Electronic check,18.8,273.61,Yes
HVRY-ED250,Male,0,Yes,No,3,No,No phone service,Fiber optic,Yes,No,No,Yes,No,Yes,Month-to-month,Yes,Credit card (automatic),63.25,151.35,No
CGHA-D8AAF,Male,0,Yes,No,10,Yes,No,DSL,No,No,Yes,No,No,Yes,Two year,Yes,Mailed check,39.81,401.51,Yes
DIIO-8C839,Male,1,Yes,Yes,21,Yes,No,DSL,No,No,No,No,No,Yes,One year,Yes,Bank transfer (automatic),55.89,1147.73,No
ZPPE-0307E,Female,0,No,No,7,Yes,No,No,No internet service,No internet service,No internet service,No internet service,No internet service,No internet service,Month-to-month,Yes,Mailed check,18.8,136.93,Yes
LQWT-AC466,Female,0,Yes,No,65,Yes,Yes,Fiber optic,Yes,Yes,No,No,No,No,One year,No,Electronic check,52.21,3331.88,No
UKYE-2BCA4,Female,0,Yes,No,5,Yes,No,No,No internet service,No internet service,No internet service,No internet service,No internet service,No internet service,Two year,Yes,Credit card (automatic),23.86,206.77,No
AIMK-EDC02,Male,0,Yes,Yes,49,No,No phone service,No,No internet service,No internet service,No internet service,No internet service,No internet service,No internet service,Month-to-month,No,Mailed check,18.8,856.77,No
LQRH-15CFF,Female,0,No,Yes,0,No,No phone service,Fiber optic,Yes,Yes,Yes,No,Yes,Yes,One year,Yes,Mailed check,56.98,56.98,No
PCZD-4F838,Female,0,Yes,Yes,66,Yes,No,Fiber optic,No,No,No,Yes,No,Yes,Month-to-month,No,Bank transfer (automatic),63.35,4242.13,No
CIYH-E8AB8,Male,0,No,No,40,Yes,No,Fiber optic,Yes,No,No,No,No,Yes,Month-to-month,No,Bank transfer (automatic),59.69,2413.44,No
AXMR-8A5D3,Female,0,Yes,Yes,31,Yes,Yes,Fiber optic,No,Yes,No,No,No,No,Two year,Yes,Bank transfer (automatic),58.42,1765.27,Yes
QPNA-608B8,Female,0,No,No,4,Yes,Yes,DSL,No,No,No,No,No,No,Two year,Yes,Credit card (automatic),43.42,177.81,No
TJHL-3CC6C,Male,0,No,No,7,No,No phone service,DSL,Yes,No,No,No,Yes,No,Two year,Yes,Electronic check,41.16,279.42,Yes
AEHK-38C77,Male,0,Yes,No,1,Yes,Yes,Fiber optic,No,Yes,No,No,No,Yes,Month-to-month,Yes,Electronic check,77.61,172.54,No
BHUV-10D29,Male,0,Yes,No,25,Yes,Yes,No,No internet service,No internet service,No internet service,No internet service,No internet service,No internet service,Month-to-month,Yes,Mailed check,29.53,815.71,No
VUOJ-CBD8F,Female,0,Yes,No,40,Yes,No,Fiber optic,No,Yes,Yes,Yes,No,No,Two year,Yes,Electronic check,60.81,2442.47,No
UBHU-1B538,Female,1,No,No,7,Yes,No,DSL,No,No,Yes,No,No,Yes,One year,Yes,Electronic check,43.18,320.88,Yes
YXKA-EE9A8,Female,0,Yes,Yes,25,Yes,No,No,No internet service,No internet service,No internet service,No internet service,No internet service,No internet service,Month-to-month,Yes,Electronic check,19.4,447.74,Yes
AEDX-0850E,Male,0,No,No,14,Yes,No,Fiber optic,No,No,Yes,No,Yes,Yes,Month-to-month,Yes,Bank transfer (automatic),60.74,870.56,Yes
AWUU-2E96A,Male,0,No,No,0,Yes,No,Fiber optic,Yes,No,No,No,No,No,Month-to-month,Yes,Bank transfer (automatic),52.4,52.4,No
IHHO-933F8,Female,0,No,Yes,14,Yes,Yes,Fiber optic,Yes,No,No,No,Yes,No,Month-to-month,No,Electronic check,68.7,1000.84,Yes
WIHH-8C84F,Female,0,Yes,No,2,Yes,No,No,No internet service,No internet service,No internet service,No internet service,No internet service,No internet service,Two year,Yes,Electronic check,29.44,175.56,No
OKAO-9E32F,Male,0,Yes,No,3,Yes,No,Fiber optic,No,Yes,No,No,No,Yes,Month-to-month,Yes,Bank transfer (automatic),56.58,74.26,No
OACM-935BF,Male,0,No,No,43,Yes,No,DSL,No,No,Yes,No,No,Yes,Month-to-month,Yes,Electronic check,37.83,1617.19,No
MKJD-0D0D3,Male,0,No,No,68,Yes,No,DSL,Yes,No,Yes,No,No,Yes,Month-to-month,No,Mailed check,53.17,3616.86,No
SYTS-49A60,Male,0,No,No,57,Yes,Yes,DSL,Yes,No,No,Yes,No,No,Month-to-month,No,Mailed check,59.23,3324.29,No
XFZY-0BA3D,Female,0,No,No,31,Yes,No,No,No internet service,No internet service,No internet service,No internet service,No internet service,No internet service,Two year,Yes,Electronic check,28.72,800.06,No
CGYT-12412,Male,1,No,No,5,Yes,No,Fiber optic,Yes,No,No,No,No,No,Month-to-month,Yes,Electronic check,49.63,316.65,Yes
OAHI-FFD58,Female,0,No,No,19,Yes,Yes,No,No internet service,No internet service,No internet service,No internet service,No internet service,No internet service,Month-to-month,No,Electronic check,36.51,675.13,Yes
NWTX-8EBBA,Female,0,No,No,63,Yes,No,DSL,No,No,No,No,No,Yes,Month-to-month,Yes,Bank transfer (automatic),35.43,2255.06,Yes
IPJQ-4C9B3,Female,0,Yes,No,3,Yes,No,DSL,Yes,No,No,No,No,No,One year,Yes,Electronic check,37.73,155.35,No
UUDJ-ADB74,Male,0,No,No,71,Yes,No,Fiber optic,No,No,Yes,No,No,No,One year,Yes,Bank transfer (automatic),48.03,3365.47,No
XWXH-63FD2,Male,0,Yes,Yes,65,Yes,Yes,DSL,Yes,No,Yes,No,Yes,No,One year,No,Mailed check,56.49,3570.94,No
GOKL-5AEE7,Male,0,Yes,No,12,Yes,No,Fiber optic,No,Yes,Yes,No,No,No,Month-to-month,Yes,Electronic check,45.98,613.84,No
VSFU-5ABFF,Male,0,No,No,7,Yes,Yes,Fiber optic,No,No,No,No,Yes,Yes,Month-to-month,Yes,Electronic check,81.82,643.35,Yes
UNKL-F38A0,Female,0,Yes,Yes,42,Yes,Yes,DSL,Yes,No,No,Yes,Yes,Yes,One year,Yes,Electronic check,71.04,3032.47,No
QGHQ-02791,Male,0,Yes,Yes,10,Yes,No,No,No internet service,No internet service,No internet service,No internet service,No internet service,No internet service,Two year,Yes,Credit card (automatic),20.61,128.18,No
JHNH-08D95,Male,0,Yes,Yes,39,Yes,No,Fiber optic,No,No,No,No,No,Yes,Month-to-month,Yes,Credit card (automatic),53.73,2143.35,No
MDGL-97FA0,Female,1,No,No,11,Yes,No,Fiber optic,Yes,Yes,No,No,Yes,Yes,Two year,No,Electronic check,60.07,588.58,No
NPBK-D5731,Male,0,No,No,59,Yes,No,Fiber optic,Yes,No,No,No,Yes,Yes,Two year,No,Mailed check,71.7,4377.35,No
IUZR-DAA60,Female,0,No,Yes,66,No,No phone service,Fiber optic,No,No,No,No,Yes,Yes,One year,Yes,Bank transfer (automatic),61.81,4026.6,No
KWNT-0345F,Female,0,Yes,No,71,Yes,No,DSL,No,No,Yes,Yes,No,No,Month-to-month,Yes,Mailed check,48.22,3485.7,No
MRQK-F30BA,Female,0,Yes,No,6,Yes,No,DSL,No,No,No,No,No,No,One year,No,Bank transfer (automatic),40.39,194.42,No
GWEG-22BBA,Female,1,Yes,Yes,65,Yes,Yes,Fiber optic,No,No,No,Yes,No,No,Month-to-month,Yes,Electronic check,61.78,3994.16,No
WBQC-FAC96,Female,0,Yes,Yes,9,Yes,No,DSL,No,No,No,No,No,No,Month-to-month,Yes,Credit card (automatic),35.14,269.12,No
RVEW-B1E29,Female,0,No,No,54,Yes,Yes,No,No internet service,No internet service,No internet service,No internet service,No internet service,No internet service,One year,Yes,Electronic check,30.09,1647.89,No
DFQR-A5D0D,Female,0,Yes,Yes,26,Yes,Yes,DSL,Yes,No,Yes,No,No,Yes,Month-to-month,Yes,Bank transfer (automatic),44.86,1147.96,Yes
HQXG-6DD38,Female,0,Yes,Yes,54,Yes,Yes,Fiber optic,Yes,No,Yes,No,No,No,One year,Yes,Credit card (automatic),52.69,2824.42,No
INJA-EA711,Male,0,Yes,No,16,Yes,No,DSL,No,Yes,Yes,No,No,Yes,One year,Yes,Bank transfer (automatic),42.48,662.38,No
MQGT-60820,Male,0,Yes,No,7,Yes,Yes,Fiber optic,Yes,No,Yes,Yes,No,No,Month-to-month,Yes,Bank transfer (automatic),65.32,489.17,Yes
DHNZ-30353,Male,1,Yes,No,21,Yes,Yes,DSL,No,No,No,No,Yes,No,One year,No,Credit card (automatic),55.3,1132.99,No
IZJQ-A2367,Male,0,No,No,41,Yes,No,No,No internet service,No internet service,No internet service,No internet service,No internet service,No internet service,Two year,Yes,Bank transfer (automatic),18.8,725.12,No
AQHI-9FDF6,Female,0,No,No,3,Yes,No,DSL,No,No,No,No,Yes,No,Month-to-month,No,Mailed check,42.06,125.31,No
DFIH-322A7,Male,0,No,Yes,33,Yes,No,No,No internet service,No internet service,No internet service,No internet service,No internet service,No internet service,Two year,Yes,Mailed check,23.51,789.15,No
AOVL-5464E,Female,0,No,Yes,1,Yes,No,DSL,No,Yes,No,No,Yes,Yes,Month-to-month,Yes,Electronic check,47.0,59.38,No
ZIYW-17A67,Male,0,Yes,No,39,Yes,No,Fiber optic,Yes,Yes,No,No,Yes,Yes,Two year,No,Electronic check,74.65,2816.06,No
MRHP-3E110,Male,0,No,No,70,Yes,No,Fiber optic,Yes,No,Yes,No,Yes,Yes,Month-to-month,Yes,Mailed check,64.6,4618.74,No
JPZL-2527B,Male,1,No,No,22,Yes,Yes,Fiber optic,No,No,No,No,No,Yes,One year,Yes,Mailed check,65.48,1460.06,Yes
AUFR-DCAB3,Female,0,Yes,Yes,61,Yes,No,Fiber optic,Yes,No,No,No,Yes,Yes,One year,Yes,Mailed check,76.21,4681.09,No
DJPQ-C4D73,Male,0,No,Yes,23,Yes,Yes,No,No internet service,No internet service,No internet service,No internet service,No internet service,No internet service,One year,Yes,Electronic check,28.46,595.04,No
TDKU-C4201,Female,0,No,Yes,3,Yes,No,Fiber optic,No,No,Yes,No,No,No,One year,No,Credit card (automatic),53.69,157.09,No
VUNO-530A0,Female,0,Yes,No,26,No,No phone service,DSL,Yes,No,Yes,No,No,No,Two year,No,Credit card (automatic),29.28,686.35,No
CUPM-32758,Male,0,No,Yes,24,No,No phone service,Fiber optic,No,No,No,No,No,No,Month-to-month,Yes,Electronic check,50.02,1061.04,No
EGCL-43873,Male,0,No,No,20,Yes,No,No,No internet service,No internet service,No internet service,No internet service,No internet service,No internet service,Two year,No,Mailed check,21.08,369.74,No
SIIM-26929,Male,0,No,No,53,Yes,No,Fiber optic,No,No,No,No,No,No,Month-to-month,Yes,Mailed check,54.42,2902.34,No
BPAE-59B72,Female,0,No,Yes,21,Yes,No,DSL,Yes,No,Yes,No,No,No,Two year,No,Electronic check,38.48,927.11,No
KUCS-60B05,Male,1,Yes,Yes,17,No,No phone service,Fiber optic,No,No,Yes,Yes,No,Yes,Month-to-month,No,Electronic check,57.81,995.72,Yes
FPBC-8F07C,Female,1,Yes,No,5,Yes,No,Fiber optic,No,No,Yes,No,Yes,No,Month-to-month,No,Credit card (automatic),69.12,372.85,No
HMVS-4CA87,Female,0,No,Yes,40,Yes,Yes,DSL,No,No,Yes,No,Yes,No,Month-to-month,Yes,Bank transfer (automatic),54.52,2145.56,No
YWZR-512F5,Male,0,No,Yes,41,Yes,No,Fiber optic,Yes,Yes,No,No,No,Yes,Month-to-month,Yes,Credit card (automatic),63.94,2596.66,No
CFAN-96B7F,Male,0,No,Yes,68,Yes,No,DSL,No,No,No,No,No,Yes,Month-to-month,No,Bank transfer (automatic),34.54,2270.26,No
TBHT-8C50C,Female,0,Yes,No,9,Yes,No,DSL,No,Yes,No,No,Yes,Yes,Two year,Yes,Credit card (automatic),52.66,499.68,No
UQKA-BAA2B,Female,0,Yes,No,71,No,No phone service,No,No internet service,No internet service,No internet service,No internet service,No internet service,No internet service,Month-to-month,Yes,Mailed check,18.8,1393.62,No
SWOT-6BBCD,Female,0,Yes,Yes,8,Yes,No,Fiber optic,No,Yes,Yes,No,No,Yes,Month-to-month,No,Bank transfer (automatic),59.16,469.04,Yes
AUUO-8B76C,Male,0,Yes,No,37,Yes,No,DSL,No,Yes,No,Yes,No,No,Month-to-month,No,Mailed check,42.53,1592.54,No
UFVI-2E334,Female,0,Yes,No,19,Yes,No,DSL,Yes,No,No,Yes,No,No,Month-to-month,No,Credit card (automatic),39.38,744.84,No
MEEK-33E90,Male,0,Yes,No,17,Yes,Yes,DSL,No,No,Yes,No,No,No,Month-to-month,No,Bank transfer (automatic),50.29,947.32,No
CVHD-AD6B6,Female,0,Yes,Yes,21,Yes,No,No,No internet service,No internet service,No internet service,No internet service,No internet service,No internet service,Two year,No,Bank transfer (automatic),19.91,400.28,No
CUXZ-1991F,Female,0,Yes,No,4,Yes,No,Fiber optic,No,No,No,No,Yes,No,Month-to-month,No,Electronic check,55.16,211.64,Yes
CGZO-A7C1A,Male,0,Yes,No,29,Yes,Yes,DSL,No,No,No,No,No,No,One year,Yes,Credit card (automatic),46.03,1300.72,No
BENL-2C4D0,Female,0,No,No,7,Yes,No,No,No internet service,No internet service,No internet service,No internet service,No internet service,No internet service,Month-to-month,Yes,Credit card (automatic),22.42,179.43,No
GHPK-29F24,Male,0,No,No,14,Yes,Yes,Fiber optic,No,No,No,Yes,Yes,No,Month-to-month,Yes,Credit card (automatic),76.1,1109.31,No
MSDG-391A6,Male,1,Yes,No,29,Yes,Yes,Fiber optic,Yes,Yes,No,Yes,No,No,Month-to-month,Yes,Mailed check,66.54,1936.46,Yes
IWVU-E3D25,Female,0,No,No,39,Yes,Yes,DSL,No,Yes,No,No,Yes,No,Month-to-month,Yes,Electronic check,57.51,2253.12,No
OTPO-69779,Male,0,No,No,6,Yes,Yes,Fiber optic,Yes,No,No,No,No,No,One year,No,Electronic check,63.5,347.27,Yes
PIDH-622F4,Male,0,No,No,47,Yes,No,No,No internet service,No internet service,No internet service,No internet service,No internet service,No internet service,Two year,No,Mailed check,19.01,806.38,No
TDZF-6C38C,Female,1,Yes,No,2,Yes,No,Fiber optic,No,No,Yes,No,No,Yes,Month-to-month,Yes,Electronic check,55.15,203.81,Yes
AAUG-EEEFD,Male,0,Yes,Yes,62,Yes,No,Fiber optic,No,No,No,No,No,No,Month-to-month,Yes,Mailed check,45.98,2901.82,No
JZIP-0F9F5,Male,0,No,Yes,34,Yes,No,DSL,No,No,Yes,No,Yes,No,Month-to-month,Yes,Electronic check,39.62,1317.28,No
INWO-C3CBE,Male,1,Yes,No,62,Yes,No,No,No internet service,No internet service,No internet service,No internet service,No internet service,No internet service,Two year,No,Electronic check,23.27,1472.4,No
BJCK-CACBF,Female,0,No,No,60,Yes,Yes,No,No internet service,No internet service,No internet service,No internet service,No internet service,No internet service,Month-to-month,Yes,Credit card (automatic),28.6,1752.69,No
WPWB-B8F82,Male,1,No,No,15,Yes,No,Fiber optic,No,Yes,Yes,Yes,Yes,No,One year,Yes,Electronic check,62.23,941.03,No
SYAB-A8819,Female,1,No,No,65,Yes,No,Fiber optic,Yes,No,Yes,No,No,Yes,Month-to-month,Yes,Electronic check,50.92,3385.92,No
OWKJ-19A4B,Female,1,Yes,Yes,69,No,No phone service,Fiber optic,No,No,No,No,No,Yes,One year,Yes,Bank transfer (automatic),66.31,4463.6,No
YEOS-02625,Male,0,Yes,No,6,Yes,Yes,No,No internet service,No internet service,No internet service,No internet service,No internet service,No internet service,One year,Yes,Credit card (automatic),30.82,208.12,No
DXPI-C09AC,Male,0,Yes,Yes,17,Yes,No,Fiber optic,Yes,Yes,No,No,Yes,Yes,Two year,Yes,Electronic check,58.34,925.68,No
FPTU-2F463,Male,0,No,No,53,Yes,No,DSL,No,No,No,No,No,Yes,Month-to-month,Yes,Credit card (automatic),36.28,1935.9,No
DGDT-96892,Female,0,Yes,No,29,Yes,Yes,DSL,No,Yes,No,Yes,No,No,One year,Yes,Electronic check,50.93,1512.72,No
HWAY-F4538,Male,0,No,Yes,5,Yes,No,No,No internet service,No internet service,No internet service,No internet service,No internet service,No internet service,Month-to-month,Yes,Credit card (automatic),21.12,59.89,No
FUKZ-D6901,Male,0,Yes,Yes,45,Yes,Yes,No,No internet service,No internet service,No internet service,No internet service,No internet service,No internet service,Month-to-month,Yes,Credit card (automatic),28.89,1333.38,No
NMKC-D6767,Male,0,Yes,Yes,35,Yes,No,Fiber optic,Yes,Yes,Yes,No,No,No,One year,Yes,Bank transfer (automatic),60.84,2057.39,Yes
QTOE-D400C,Male,0,Yes,Yes,71,Yes,No,DSL,No,Yes,No,No,No,Yes,One year,Yes,Bank transfer (automatic),40.68,2871.72,No
KAVH-FE0B9,Male,0,No,No,41,Yes,No,Fiber optic,No,Yes,No,Yes,Yes,Yes,Month-to-month,Yes,Bank transfer (automatic),79.65,3238.28,No
EIMD-B4ECA,Female,0,No,Yes,4,Yes,No,Fiber optic,Yes,Yes,No,No,Yes,Yes,Two year,Yes,Electronic check,62.73,293.68,Yes
DADM-C2B04,Female,0,Yes,Yes,3,Yes,Yes,DSL,No,Yes,No,Yes,No,No,One year,Yes,Mailed check,45.59,211.13,No
PVUN-04C1B,Male,0,No,Yes,6,Yes,No,No,No internet service,No internet service,No internet service,No internet service,No internet service,No internet service,Month-to-month,Yes,Electronic check,18.8,135.61,No
STFG-36819,Male,0,No,No,62,Yes,Yes,Fiber optic,No,Yes,Yes,No,No,Yes,One year,Yes,Electronic check,61.37,3694.8,No
GOHY-5D213,Male,0,No,No,6,Yes,Yes,Fiber optic,Yes,No,No,No,No,No,Month-to-month,Yes,Credit card (automatic),48.55,355.65,No
KXEU-B55FB,Male,0,No,Yes,60,Yes,No,Fiber optic,No,Yes,No,No,Yes,No,Month-to-month,Yes,Bank transfer (automatic),59.94,3568.87,Yes
GXKC-DD7B3,Female,0,Yes,No,55,Yes,Yes,Fiber optic,No,Yes,Yes,Yes,No,No,Month-to-month,No,Mailed check,63.54,3580.75,No
WJGN-49B6C,Male,0,Yes,No,48,Yes,No,DSL,No,Yes,No,No,No,Yes,Month-to-month,No,Mailed check,47.4,2215.9,No
LZGS-8F33D,Female,0,No,No,4,Yes,No,Fiber optic,No,No,No,No,No,Yes,Month-to-month,No,Bank transfer (automatic),56.09,226.69,No
XTMK-AB401,Female,0,Yes,No,38,Yes,Yes,DSL,Yes,No,No,Yes,Yes,Yes,One year,Yes,Bank transfer (automatic),56.06,2038.75,No
IRLQ-74BBF,Male,1,Yes,Yes,54,Yes,Yes,No,No internet service,No internet service,No internet service,No internet service,No internet service,No internet service,Month-to-month,Yes,Mailed check,25.56,1317.76,Yes
VJSJ-D9D40,Female,0,Yes,No,36,Yes,No,No,No internet service,No internet service,No internet service,No internet service,No internet service,No internet service,One year,Yes,Bank transfer (automatic),18.8,611.77,Yes
DNZQ-C7FF3,Female,0,No,No,9,Yes,Yes,DSL,Yes,No,Yes,No,Yes,No,Month-to-month,Yes,Electronic check,55.63,443.93,No
WAPL-4EA22,Female,0,Yes,No,12,Yes,No,DSL,No,No,Yes,Yes,Yes,No,One year,No,Electronic check,47.64,529.97,No
DHBG-CDC7B,Female,0,No,Yes,54,Yes,Yes,Fiber optic,No,No,No,No,No,No,Month-to-month,Yes,Electronic check,59.41,3320.92,No
YBXS-67723,Male,0,Yes,No,27,Yes,Yes,Fiber optic,No,No,No,No,No,Yes,Month-to-month,Yes,Bank transfer (automatic),67.81,1840.32,No
HANM-52FA7,Male,0,No,No,7,Yes,No,No,No internet service,No internet service,No internet service,No internet service,No internet service,No internet service,Month-to-month,Yes,Bank transfer (automatic),18.8,227.78,Yes
SJFR-CA90A,Female,0,Yes,Yes,32,Yes,No,Fiber optic,No,No,No,No,No,No,Two year,Yes,Mailed check,44.15,1402.53,No
QKGZ-64B78,Male,0,No,Yes,5,Yes,No,No,No internet service,No internet service,No internet service,No internet service,No internet service,No internet service,Month-to-month,No,Mailed check,26.99,217.65,Yes
QJDE-F865B,Male,0,No,No,36,Yes,No,DSL,No,Yes,No,No,No,No,One year,No,Electronic check,32.14,1170.45,No
XTNM-DD6FD,Male,0,No,No,5,Yes,No,Fiber optic,No,No,Yes,No,No,Yes,Month-to-month,No,Mailed check,53.46,231.87,Yes
WBDH-C1103,Male,0,Yes,No,48,Yes,No,Fiber optic,No,Yes,No,No,Yes,Yes,Month-to-month,No,Electronic check,62.34,3111.67,Yes
XSSH-AC8D9,Male,1,No,No,5,Yes,No,Fiber optic,No,Yes,No,No,No,No,One year,Yes,Mailed check,46.25,148.7,No
IQYV-79FB8,Female,0,Yes,No,54,Yes,Yes,No,No internet service,No internet service,No internet service,No internet service,No internet service,No internet service,Two year,No,Electronic check,30.86,1672.23,No
HXZB-0162E,Male,0,Yes,Yes,31,Yes,No,No,No internet service,No internet service,No internet service,No internet service,No internet service,No internet service,One year,No,Electronic check,18.8,471.34,No
XEVD-C506D,Male,0,No,No,36,Yes,Yes,No,No internet service,No internet service,No internet service,No internet service,No internet service,No internet service,Month-to-month,Yes,Credit card (automatic),29.92,1101.7,No
YDVH-71FCA,Male,0,No,No,15,Yes,No,Fiber optic,Yes,Yes,No,No,Yes,Yes,Month-to-month,No,Electronic check,74.98,1015.91,No
SWDG-0770A,Male,0,No,No,17,Yes,No,Fiber optic,Yes,No,Yes,No,Yes,No,Month-to-month,Yes,Credit card (automatic),49.19,883.27,No
AUSV-1D8DB,Female,0,No,Yes,43,Yes,No,DSL,No,Yes,Yes,No,No,No,Month-to-month,No,Credit card (automatic),39.07,1738.95,Yes
RARL-DA1E1,Female,0,Yes,Yes,60,Yes,No,DSL,No,No,Yes,Yes,Yes,Yes,Month-to-month,Yes,Bank transfer (automatic),59.99,3621.89,No
HFZD-D3A16,Female,0,No,Yes,31,Yes,No,Fiber optic,No,No,Yes,No,No,Yes,Month-to-month,Yes,Credit card (automatic),55.95,1711.61,No
QSWV-844F9,Female,0,Yes,No,71,Yes,No,DSL,No,Yes,No,No,No,No,One year,Yes,Bank transfer (automatic),24.91,1784.5,No
XLMV-B383C,Male,0,No,No,35,Yes,No,DSL,Yes,No,No,Yes,No,Yes,One year,No,Electronic check,49.71,1758.7,No
AVYA-A1558,Female,1,No,Yes,39,Yes,Yes,Fiber optic,No,Yes,Yes,Yes,Yes,Yes,Month-to-month,No,Mailed check,81.03,3160.12,No
XMKC-E5714,Male,0,No,No,2,Yes,Yes,DSL,Yes,Yes,No,Yes,Yes,Yes,Month-to-month,No,Bank transfer (automatic),73.83,181.66,Yes
OXIO-E540E,Male,0,Yes,No,11,Yes,No,Fiber optic,No,Yes,Yes,No,No,No,Month-to-month,No,Bank transfer (automatic),49.19,594.77,No
CFDS-5B904,Male,0,No,No,60,Yes,No,Fiber optic,No,No,No,No,Yes,No,Month-to-month,No,Mailed check,56.29,3455.37,Yes
ABMG-167FA,Male,0,Yes,No,56,Yes,No,Fiber optic,Yes,No,No,No,No,No,Month-to-month,Yes,Electronic check,50.18,2810.55,No
KMCK-90E8C,Male,1,Yes,Yes,27,Yes,No,Fiber optic,No,No,No,No,Yes,Yes,Month-to-month,Yes,Credit card (automatic),68.93,1937.98,Yes
HVJY-8A3F3,Female,0,Yes,Yes,29,Yes,Yes,Fiber optic,Yes,No,Yes,No,No,No,One year,No,Credit card (automatic),57.49,1683.87,No
ALVX-D8E77,Female,0,No,No,34,Yes,No,Fiber optic,No,No,No,No,Yes,No,One year,Yes,Credit card (automatic),60.92,2034.95,No
EUIF-59455,Female,0,Yes,No,9,Yes,No,DSL,Yes,No,No,Yes,No,Yes,Month-to-month,Yes,Mailed check,50.52,490.66,No
PSRD-5A315,Female,0,Yes,Yes,2,Yes,Yes,Fiber optic,No,No,Yes,No,Yes,No,One year,Yes,Mailed check,70.59,138.94,No
RRDR-3B925,Male,0,Yes,No,7,No,No phone service,Fiber optic,Yes,Yes,No,No,Yes,No,Month-to-month,Yes,Credit card (automatic),61.89,366.42,No
VLRT-0E5C7,Female,0,Yes,No,6,No,No phone service,DSL,No,No,Yes,No,No,Yes,Two year,No,Credit card (automatic),36.24,269.49,No
PJWD-E3E00,Male,0,No,No,19,Yes,No,Fiber optic,No,No,Yes,Yes,Yes,No,Month-to-month,Yes,Bank transfer (automatic),57.43,1137.36,No
COGP-D08B6,Female,1,No,Yes,10,Yes,No,No,No internet service,No internet service,No internet service,No internet service,No internet service,No internet service,Month-to-month,Yes,Electronic check,18.8,298.5,Yes
YRAO-62F31,Male,0,Yes,No,29,Yes,Yes,Fiber optic,Yes,No,Yes,No,No,No,Month-to-month,Yes,Mailed check,62.58,1844.28,No
FVPV-71638,Male,0,No,No,67,Yes,Yes,DSL,No,Yes,No,No,Yes,No,One year,Yes,Bank transfer (automatic),59.67,4018.99,No
HZJI-F8274,Female,0,No,No,71,Yes,No,DSL,No,Yes,No,Yes,No,No,Month-to-month,No,Electronic check,42.5,3034.56,No
SOSY-B5387,Male,0,No,No,72,Yes,No,DSL,No,No,No,No,Yes,No,Two year,Yes,Credit card (automatic),39.69,2794.18,No
IVXJ-AF05B,Male,0,No,No,3,No,No phone service,DSL,No,No,Yes,Yes,No,No,One year,Yes,Electronic check,42.87,128.68,Yes
MUMB-66D22,Female,0,Yes,No,9,Yes,No,DSL,Yes,No,No,No,Yes,Yes,Month-to-month,Yes,Electronic check,49.74,400.09,No
DOZQ-DD993,Male,0,No,No,11,Yes,No,Fiber optic,Yes,No,No,No,No,No,Two year,Yes,Electronic check,51.8,598.02,No
YUWZ-52D7F,Female,0,Yes,No,49,Yes,No,Fiber optic,Yes,Yes,No,No,Yes,No,Two year,Yes,Bank transfer (automatic),56.97,2825.52,No
SGJP-643A0,Female,1,Yes,No,51,Yes,No,Fiber optic,No,No,No,No,No,No,Month-to-month,No,Mailed check,54.3,2735.81,No
CBTA-61900,Female,0,No,Yes,9,Yes,Yes,Fiber optic,No,No,No,No,No,No,Month-to-month,Yes,Mailed check,56.91,392.51,Yes
KSCM-CAC5F,Male,0,No,No,2,Yes,No,DSL,Yes,No,No,No,No,No,Month-to-month,No,Mailed check,27.62,30.15,No
DPLA-FB30A,Male,0,Yes,No,3,Yes,Yes,DSL,Yes,No,Yes,Yes,No,Yes,Two year,Yes,Electronic check,60.97,248.94,No
OBZS-73470,Male,1,Yes,No,45,Yes,Yes,Fiber optic,No,Yes,Yes,Yes,No,No,One year,No,Mailed check,69.66,3101.92,No
JFCD-565B8,Female,0,No,No,23,Yes,No,Fiber optic,No,Yes,No,Yes,No,Yes,Two year,No,Electronic check,59.18,1305.07,Yes
FZSM-0EB72,Male,0,No,Yes,71,Yes,No,DSL,No,Yes,No,No,No,No,Month-to-month,No,Electronic check,36.01,2444.81,No
CHFF-605DD,Female,0,No,No,45,No,No phone service,DSL,Yes,No,No,Yes,No,Yes,Two year,Yes,Credit card (automatic),45.14,2060.45,No
ARZP-6736E,Female,1,Yes,No,3,Yes,No,DSL,Yes,Yes,No,No,Yes,Yes,Month-to-month,No,Credit card (automatic),57.94,92.83,Yes
PLDX-2B442,Male,1,No,No,24,Yes,Yes,Fiber optic,No,No,No,Yes,No,No,Two year,Yes,Bank transfer (automatic),65.67,1533.06,No
JRKA-426EF,Female,0,Yes,No,47,Yes,No,Fiber optic,Yes,No,No,Yes,Yes,Yes,Month-to-month,Yes,Credit card (automatic),70.07,3350.03,Yes
ZCMB-79C50,Male,0,Yes,No,16,Yes,Yes,Fiber optic,Yes,Yes,No,Yes,Yes,Yes,Month-to-month,No,Mailed check,78.76,1242.04,No
LLQC-96BF3,Male,0,Yes,No,54,Yes,Yes,No,No internet service,No internet service,No internet service,No internet service,No internet service,No internet service,Two year,No,Electronic check,32.37,1795.17,No
TDZM-BC96C,Male,0,No,No,31,Yes,Yes,No,No internet service,No internet service,No internet service,No internet service,No internet service,No internet service,Two year,No,Mailed check,23.94,752.15,No
MRPM-14F8A,Male,0,No,No,57,Yes,No,DSL,No,No,Yes,No,Yes,No,Two year,Yes,Credit card (automatic),34.12,1911.84,No
GSMF-26943,Male,0,No,No,9,Yes,No,Fiber optic,No,Yes,Yes,Yes,No,Yes,Month-to-month,No,Electronic check,69.84,588.17,Yes
HHTM-728FB,Female,1,No,No,2,Yes,No,DSL,Yes,No,Yes,No,No,Yes,One year,Yes,Bank transfer (automatic),45.26,70.26,Yes
LHJA-0CDFA,Female,0,Yes,No,71,Yes,No,Fiber optic,No,No,No,Yes,No,Yes,Month-to-month,No,Bank transfer (automatic),69.75,4909.48,No
YKGG-3B0FC,Female,0,Yes,No,23,Yes,No,Fiber optic,No,No,No,Yes,No,Yes,Month-to-month,Yes,Electronic check,71.36,1650.78,Yes
JSDL-110CB,Male,0,Yes,No,55,Yes,No,Fiber optic,Yes,No,No,No,No,Yes,Two year,Yes,Credit card (automatic),59.68,3308.48,No
XZZZ-0CB22,Male,0,No,Yes,24,Yes,No,DSL,Yes,No,Yes,Yes,No,Yes,Month-to-month,No,Bank transfer (automatic),51.21,1226.21,No
ZWIB-50A60,Male,0,No,Yes,15,Yes,No,Fiber optic,No,No,No,No,No,No,Month-to-month,Yes,Electronic check,59.49,804.71,No
ZVXZ-0CCC4,Female,0,No,No,32,Yes,No,No,No internet service,No internet service,No internet service,No internet service,No internet service,No internet service,Month-to-month,Yes,Bank transfer (automatic),28.65,1038.57,Yes
KYBQ-CC9CE,Male,0,No,No,57,Yes,No,DSL,No,Yes,No,No,No,Yes,Two year,Yes,Credit card (automatic),40.99,2341.07,No
TDGH-553A1,Female,1,No,No,3,Yes,Yes,Fiber optic,No,Yes,No,No,No,No,Month-to-month,Yes,Credit card (automatic),57.88,157.83,No
URYA-4E780,Female,0,No,No,41,Yes,Yes,No,No internet service,No internet service,No internet service,No internet service,No internet service,No internet service,Two year,No,Credit card (automatic),34.66,1482.54,No
TGZJ-3977F,Male,0,No,No,1,Yes,No,DSL,No,No,No,Yes,Yes,Yes,Month-to-month,Yes,Electronic check,53.8,5.34,Yes
JKQE-D3305,Male,0,No,No,11,Yes,Yes,DSL,Yes,Yes,Yes,No,Yes,No,Month-to-month,Yes,Electronic check,52.82,577.38,No
PSXU-5D335,Female,0,No,No,0,Yes,Yes,Fiber optic,No,Yes,No,No,Yes,Yes,One year,Yes,Electronic check,75.69,75.69,No
OFXH-6966F,Male,0,No,No,67,Yes,No,DSL,No,No,No,Yes,Yes,No,Month-to-month,No,Electronic check,51.38,3485.44,No
LCSS-3D622,Female,0,No,No,35,Yes,No,No,No internet service,No internet service,No internet service,No internet service,No internet service,No internet service,Two year,No,Bank transfer (automatic),27.16,1004.58,No
SFMT-D7E4D,Male,0,Yes,Yes,71,Yes,No,Fiber optic,No,No,No,No,No,No,Month-to-month,Yes,Mailed check,50.62,3635.88,Yes
GBST-EE19B,Male,0,Yes,No,8,Yes,Yes,Fiber optic,No,No,No,No,Yes,Yes,Month-to-month,Yes,Electronic check,72.87,616.5,No
PABR-D2065,Female,0,Yes,Yes,15,Yes,No,DSL,No,No,Yes,Yes,No,Yes,Two year,No,Credit card (automatic),45.09,699.48,No
ZYOY-3F770,Male,0,Yes,No,10,Yes,No,DSL,No,No,No,No,Yes,No,Month-to-month,Yes,Electronic check,39.08,337.72,Yes
EFME-19D18,Female,0,No,Yes,8,Yes,No,Fiber optic,No,No,No,Yes,No,Yes,One year,Yes,Credit card (automatic),68.56,474.27,No
YKEC-E61DC,Male,1,Yes,No,45,Yes,Yes,Fiber optic,Yes,Yes,Yes,No,Yes,No,Month-to-month,No,Electronic check,65.93,2985.09,No
SCCF-286C1,Female,0,Yes,Yes,12,Yes,No,Fiber optic,No,Yes,No,No,No,No,Month-to-month,No,Electronic check,61.59,687.25,Yes
SYDQ-814CD,Female,0,Yes,Yes,14,Yes,Yes,No,No internet service,No internet service,No internet service,No internet service,No internet service,No internet service,Month-to-month,Yes,Electronic check,22.74,282.48,No
JCGV-960C7,Male,1,No,No,50,Yes,Yes,Fiber optic,Yes,No,No,No,Yes,No,Month-to-month,Yes,Mailed check,62.63,3092.04,Yes
OVOY-85EAC,Female,0,Yes,Yes,20,Yes,Yes,DSL,Yes,No,No,No,No,No,Month-to-month,No,Mailed check,42.65,856.96,Yes
FROC-4E9C2,Male,0,Yes,Yes,24,Yes,Yes,No,No internet service,No internet service,No internet service,No internet service,No internet service,No internet service,One year,Yes,Mailed check,32.9,803.82,No
FYKX-C5FC2,Male,1,Yes,No,1,Yes,No,Fiber optic,Yes,No,No,Yes,Yes,Yes,Month-to-month,Yes,Bank transfer (automatic),69.16,48.99,No
CDTD-4625A,Male,0,Yes,Yes,11,Yes,No,No,No internet service,No internet service,No internet service,No internet service,No internet service,No internet service,Month-to-month,No,Electronic check,28.93,321.49,Yes
ZMTN-78F08,Female,1,No,Yes,37,Yes,Yes,DSL,Yes,No,No,No,Yes,No,One year,No,Electronic check,52.38,1884.81,No
BWPB-960F6,Female,1,Yes,Yes,35,Yes,No,DSL,No,No,No,No,Yes,No,Month-to-month,Yes,Mailed check,38.13,1328.8,Yes
APJR-2D66C,Male,0,No,No,5,Yes,Yes,Fiber optic,Yes,No,Yes,No,Yes,Yes,Month-to-month,No,Electronic check,71.97,365.77,Yes
OAPQ-420D0,Male,0,No,No,43,Yes,No,Fiber optic,No,No,No,No,No,No,Month-to-month,No,Credit card (automatic),45.06,1966.33,Yes
PVJF-BA090,Female,0,No,No,66,Yes,Yes,No,No internet service,No internet service,No internet service,No internet service,No internet service,No internet service,Month-to-month,No,Credit card (automatic),32.06,2031.69,Yes
KHVZ-BB01C,Male,0,Yes,No,70,Yes,Yes,DSL,No,No,No,No,No,No,Two year,No,Electronic check,46.71,3180.85,No
LNRJ-AB3A2,Male,0,Yes,Yes,4,No,No phone service,DSL,No,No,Yes,No,No,No,Month-to-month,No,Credit card (automatic),40.13,132.04,Yes
IUZB-A99C1,Female,0,Yes,No,51,Yes,No,Fiber optic,Yes,No,No,Yes,Yes,Yes,Month-to-month,No,Mailed check,71.98,3629.81,No
THEL-0A980,Male,0,Yes,No,12,Yes,Yes,DSL,Yes,No,No,Yes,No,No,Month-to-month,No,Mailed check,44.33,462.68,No
TAGK-B6DEC,Female,0,No,No,47,Yes,No,DSL,Yes,No,Yes,No,Yes,No,One year,Yes,Bank transfer (automatic),47.46,2322.95,No
BUFX-F11B2,Male,0,Yes,No,34,Yes,Yes,DSL,No,No,No,Yes,Yes,Yes,One year,Yes,Electronic check,55.82,1972.84,No
ZOOW-38F02,Female,0,Yes,No,49,Yes,No,DSL,Yes,No,No,No,No,Yes,Month-to-month,Yes,Electronic check,35.61,1757.36,Yes
DIDE-D756F,Male,0,No,Yes,10,Yes,Yes,Fiber optic,No,Yes,No,Yes,No,Yes,One year,No,Bank transfer (automatic),81.32,779.59,No
MMYA-7B8DE,Male,0,No,No,49,Yes,Yes,No,No internet service,No internet service,No internet service,No internet service,No internet service,No internet service,Month-to-month,Yes,Credit card (automatic),31.0,1505.88,No
IVGG-F05A6,Female,1,Yes,No,7,Yes,No,Fiber optic,Yes,Yes,No,No,Yes,No,Month-to-month,Yes,Bank transfer (automatic),59.88,422.56,No
VGOD-32B3A,Male,1,Yes,No,7,Yes,No,Fiber optic,Yes,No,Yes,No,No,Yes,Month-to-month,Yes,Bank transfer (automatic),54.72,313.85,No
IOWW-0CFA2,Female,0,Yes,No,46,Yes,No,Fiber optic,No,No,No,No,No,Yes,Month-to-month,No,Credit card (automatic),49.41,2301.49,No
RQRL-8A7CB,Male,1,No,Yes,44,No,No phone service,Fiber optic,No,No,No,No,No,No,Month-to-month,Yes,Credit card (automatic),48.58,2173.48,No
HPTM-B26BE,Female,0,No,No,57,Yes,Yes,No,No internet service,No internet service,No internet service,No internet service,No internet service,No internet service,Month-to-month,No,Electronic check,29.98,1744.64,No
QRIS-5039F,Female,0,No,Yes,16,Yes,Yes,Fiber optic,No,No,No,Yes,No,Yes,Month-to-month,No,Electronic check,79.94,1266.3,No
MWUO-C67BA,Female,0,No,Yes,4,Yes,No,DSL,No,No,No,No,Yes,Yes,One year,Yes,Bank transfer (automatic),47.73,285.07,No
NLZB-07059,Female,0,No,No,9,No,No phone service,No,No internet service,No internet service,No internet service,No internet service,No internet service,No internet service,Month-to-month,No,Electronic check,24.07,230.35,No
KFHP-FC823,Male,1,Yes,No,72,Yes,No,Fiber optic,No,Yes,Yes,No,No,No,Month-to-month,No,Mailed check,43.7,3168.69,No
LGRJ-D47B3,Male,0,Yes,No,57,Yes,No,DSL,No,No,No,Yes,No,No,Two year,Yes,Electronic check,46.34,2684.97,No
TPQL-EC38E,Female,0,No,No,54,Yes,No,Fiber optic,No,No,Yes,No,No,No,One year,Yes,Credit card (automatic),53.68,2893.16,No
HNTH-88229,Female,0,No,No,70,Yes,No,Fiber optic,Yes,No,No,No,No,No,Month-to-month,No,Mailed check,51.37,3557.69,No
EYNS-647B6,Female,0,Yes,Yes,72,Yes,Yes,DSL,No,No,No,No,Yes,No,One year,Yes,Electronic check,50.14,3609.28,No
HDOR-84365,Male,0,No,No,4,Yes,Yes,Fiber optic,No,No,Yes,No,No,No,Month-to-month,Yes,Bank transfer (automatic),53.34,291.42,Yes
FYIG-9C7A1,Male,0,No,No,69,Yes,Yes,Fiber optic,Yes,No,No,No,Yes,Yes,Two year,Yes,Electronic check,77.47,5310.48,No
NBDP-302C9,Male,0,Yes,No,71,Yes,No,No,No internet service,No internet service,No internet service,No internet service,No internet service,No internet service,Month-to-month,Yes,Credit card (automatic),18.8,1338.95,No
JZKW-50142,Male,0,No,No,18,Yes,No,No,No internet service,No internet service,No internet service,No internet service,No internet service,No internet service,Month-to-month,Yes,Credit card (automatic),26.06,413.93,Yes
EJZF-3F3D9,Female,0,Yes,No,40,Yes,No,DSL,Yes,No,No,No,No,No,Month-to-month,Yes,Electronic check,33.13,1344.05,No
YOPF-9AF12,Female,0,No,No,52,No,No phone service,Fiber optic,Yes,No,Yes,No,No,No,Month-to-month,No,Electronic check,44.12,2286.38,Yes
AUCX-54FB8,Female,0,Yes,No,61,Yes,No,No,No internet service,No internet service,No internet service,No internet service,No internet service,No internet service,Month-to-month,Yes,Electronic check,18.8,989.49,Yes
XTQI-FBFF8,Male,0,No,No,5,Yes,Yes,Fiber optic,Yes,No,No,No,No,Yes,Two year,Yes,Electronic check,63.66,307.82,No
JYZD-A9BF4,Male,0,No,No,18,Yes,Yes,Fiber optic,No,No,No,No,No,Yes,Month-to-month,No,Electronic check,75.59,1418.05,No
ZQCN-2FCE9,Male,0,Yes,No,24,Yes,Yes,DSL,No,No,No,No,Yes,Yes,Month-to-month,No,Electronic check,70.94,1754.64,Yes
KLYD-E69A1,Female,0,No,No,9,Yes,No,No,No internet service,No internet service,No internet service,No internet service,No internet service,No internet service,Two year,Yes,Credit card (automatic),29.63,297.02,No
DEUB-91CF6,Female,0,No,No,5,Yes,No,Fiber optic,No,No,No,No,No,No,Month-to-month,Yes,Credit card (automatic),53.32,276.97,No
FLRS-A9A33,Male,1,No,No,9,Yes,No,DSL,No,Yes,No,No,No,No,Month-to-month,Yes,Bank transfer (automatic),29.84,273.89,Yes
YPWQ-79B27,Female,0,Yes,No,20,Yes,No,No,No internet service,No internet service,No internet service,No internet service,No internet service,No internet service,Two year,Yes,Mailed check,31.46,660.65,No
SCBE-93624,Male,0,No,No,22,Yes,Yes,No,No internet service,No internet service,No internet service,No internet service,No internet service,No internet service,Two year,No,Mailed check,21.27,434.44,No
AUME-8EDE6,Male,1,Yes,No,39,No,No phone service,Fiber optic,Yes,Yes,No,No,No,No,Month-to-month,No,Bank transfer (automatic),50.32,1991.82,Yes
JIHX-2DEDA,Female,0,Yes,No,6,Yes,No,Fiber optic,No,No,Yes,No,Yes,No,Two year,Yes,Electronic check,58.14,335.8,No
WAVN-F1E91,Male,0,Yes,No,31,Yes,Yes,Fiber optic,No,Yes,No,Yes,No,Yes,Month-to-month,Yes,Bank transfer (automatic),75.27,2303.87,No
NACN-D1468,Female,0,Yes,No,64,Yes,No,Fiber optic,Yes,Yes,No,Yes,No,No,Two year,Yes,Electronic check,52.18,3236.33,No
AQMZ-471ED,Male,0,No,No,19,Yes,Yes,Fiber optic,No,No,No,No,Yes,No,Two year,No,Bank transfer (automatic),68.47,1286.15,No
JLWH-33B31,Female,0,Yes,Yes,45,Yes,Yes,No,No internet service,No internet service,No internet service,No internet service,No internet service,No internet service,One year,Yes,Mailed check,34.96,1639.08,No
EZWY-47780,Female,1,Yes,Yes,37,Yes,Yes,Fiber optic,No,Yes,Yes,No,Yes,Yes,Two year,Yes,Bank transfer (automatic),72.9,2569.04,No
PBHH-AEB68,Female,0,No,No,60,Yes,No,Fiber optic,No,No,No,Yes,Yes,Yes,One year,Yes,Bank transfer (automatic),70.78,4300.04,No
NDYX-312A0,Male,0,No,No,48,Yes,Yes,DSL,No,Yes,No,Yes,No,Yes,Month-to-month,Yes,Electronic check,53.23,2522.39,Yes
CQDB-0B54A,Male,1,No,No,0,Yes,Yes,DSL,No,No,Yes,Yes,Yes,No,One year,Yes,Mailed check,62.03,62.03,No
ENMR-9A328,Female,1,Yes,Yes,13,Yes,Yes,Fiber optic,Yes,Yes,No,Yes,Yes,Yes,One year,Yes,Bank transfer (automatic),83.01,1083.34,No
BLQV-AF873,Female,0,No,Yes,14,Yes,Yes,No,No internet service,No internet service,No internet service,No internet service,No internet service,No internet service,One year,No,Electronic check,28.7,384.22,No
RVIB-0AA10,Male,0,Yes,No,19,No,No phone service,Fiber optic,Yes,No,No,No,No,No,Two year,No,Credit card (automatic),50.37,918.98,No
RKKG-BB018,Male,0,No,Yes,14,Yes,No,Fiber optic,No,Yes,No,No,Yes,Yes,Month-to-month,No,Mailed check,78.17,1175.32,Yes
PDER-71913,Male,0,No,No,43,Yes,No,Fiber optic,No,Yes,Yes,No,No,Yes,One year,No,Electronic check,52.44,2289.99,No
SFBY-38DFC,Female,0,No,No,8,Yes,Yes,Fiber optic,No,No,No,No,Yes,No,One year,No,Bank transfer (automatic),63.54,529.54,No
IWAI-38ECF,Male,1,Yes,No,71,Yes,No,No,No internet service,No internet service,No internet service,No internet service,No internet service,No internet service,Month-to-month,No,Bank transfer (automatic),21.43,1611.94,No
DTSL-11E4A,Male,0,Yes,Yes,4,Yes,No,No,No internet service,No internet service,No internet service,No internet service,No internet service,No internet service,Month-to-month,Yes,Mailed check,24.23,0.0,Yes
YMFM-32C5A,Female,0,Yes,Yes,68,Yes,Yes,DSL,Yes,Yes,No,No,No,Yes,Month-to-month,Yes,Bank transfer (automatic),45.57,3088.9,No
SOOE-8C33B,Male,0,Yes,No,18,Yes,No,No,No internet service,No internet service,No internet service,No internet service,No internet service,No internet service,Month-to-month,Yes,Electronic check,18.8,349.79,No
ZKVE-9F782,Male,0,Yes,Yes,4,Yes,Yes,Fiber optic,No,No,No,No,No,Yes,Two year,Yes,Bank transfer (automatic),51.27,228.27,Yes
NPZF-5AF3B,Male,0,No,No,9,Yes,No,No,No internet service,No internet service,No internet service,No internet service,No internet service,No internet service,Month-to-month,No,Mailed check,20.07,220.0,Yes
WQLG-40272,Female,0,Yes,No,32,No,No phone service,No,No internet service,No internet service,No internet service,No internet service,No internet service,No internet service,Two year,Yes,Electronic check,21.03,681.97,No
ASBD-9EB02,Female,0,No,Yes,7,Yes,Yes,Fiber optic,No,Yes,No,Yes,No,No,Two year,Yes,Credit card (automatic),61.55,465.34,No
TTKY-EBBC2,Female,0,Yes,Yes,46,Yes,No,Fiber optic,No,Yes,No,No,No,Yes,Two year,No,Credit card (automatic),59.77,2776.15,No
SYFA-54F7A,Female,0,Yes,Yes,12,Yes,No,No,No internet service,No internet service,No internet service,No internet service,No internet service,No internet service,One year,No,Mailed check,23.79,292.19,No
ZUTZ-B3B55,Female,0,No,No,32,Yes,No,Fiber optic,No,No,No,Yes,No,Yes,One year,Yes,Mailed check,65.38,2124.85,No
QIAZ-9ACA9,Female,0,No,Yes,72,Yes,Yes,DSL,No,Yes,No,No,Yes,No,Month-to-month,No,Bank transfer (automatic),42.33,3066.86,Yes
UHVS-22EEF,Female,0,Yes,No,5,Yes,No,Fiber optic,No,No,No,No,Yes,No,One year,Yes,Credit card (automatic),55.46,246.38,No
CXWT-78608,Male,0,Yes,No,59,Yes,No,Fiber optic,Yes,Yes,No,No,No,No,Two year,No,Mailed check,48.47,2862.65,No
GFBL-0DEC4,Male,0,No,No,4,Yes,No,No,No internet service,No internet service,No internet service,No internet service,No internet service,No internet service,Month-to-month,No,Credit card (automatic),21.35,99.68,No
ENRA-D7D16,Female,0,Yes,Yes,11,Yes,No,DSL,No,No,No,Yes,Yes,No,Two year,Yes,Electronic check,45.07,483.63,Yes
LBSY-86A55,Male,0,Yes,No,6,No,No phone service,No,No internet service,No internet service,No internet service,No internet service,No internet service,No internet service,Month-to-month,No,Electronic check,29.36,223.87,Yes
TPGK-D81DB,Male,0,No,No,10,Yes,No,Fiber optic,No,No,Yes,Yes,No,No,Two year,No,Credit card (automatic),49.28,527.7,Yes
GZYZ-6ECD8,Female,0,Yes,No,66,Yes,No,Fiber optic,No,No,Yes,Yes,No,No,Month-to-month,Yes,Bank transfer (automatic),56.36,3722.3,No
HFZN-E8816,Male,1,Yes,No,0,Yes,Yes,No,No internet service,No internet service,No internet service,No internet service,No internet service,No internet service,Two year,No,Bank transfer (automatic),30.52,30.52,Yes
OCEP-3B761,Male,0,No,No,13,Yes,No,DSL,Yes,Yes,No,No,Yes,Yes,Two year,No,Bank transfer (automatic),45.25,557.19,No
KOOH-0EFE4,Male,0,No,No,61,No,No phone service,DSL,No,Yes,No,No,Yes,Yes,One year,No,Electronic check,48.27,2884.69,No
PDXA-7DBD7,Male,0,Yes,No,61,Yes,No,DSL,No,No,No,Yes,Yes,No,Month-to-month,Yes,Credit card (automatic),50.32,3034.97,No
CADB-7026B,Male,0,No,No,11,Yes,No,DSL,No,No,No,No,No,Yes,Month-to-month,Yes,Electronic check,38.79,367.0,No
RBXO-56D73,Female,1,Yes,No,25,Yes,No,Fiber optic,No,Yes,Yes,No,Yes,No,Month-to-month,Yes,Electronic check,63.11,1474.54,No
LBDI-35191,Female,0,No,Yes,44,Yes,No,DSL,No,No,No,Yes,Yes,Yes,Month-to-month,No,Bank transfer (automatic),55.03,2348.68,No
FZAH-84526,Female,0,No,No,10,Yes,No,No,No internet service,No internet service,No internet service,No internet service,No internet service,No internet service,Two year,Yes,Electronic check,19.27,173.95,Yes
TPYS-C699D,Male,0,Yes,No,10,No,No phone service,No,No internet service,No internet service,No internet service,No internet service,No internet service,No internet service,Month-to-month,No,Credit card (automatic),19.02,220.89,Yes
NKBW-6CA0A,Female,0,Yes,Yes,51,Yes,No,Fiber optic,No,No,Yes,Yes,No,No,Month-to-month,Yes,Bank transfer (automatic),51.26,2665.36,No
MGGQ-19D10,Male,0,Yes,No,41,Yes,Yes,DSL,No,No,No,No,Yes,No,Month-to-month,No,Bank transfer (automatic),60.43,2470.94,No
BSWZ-07054,Male,0,No,Yes,5,Yes,No,Fiber optic,No,No,Yes,Yes,Yes,Yes,Month-to-month,Yes,Mailed check,72.55,326.32,No
PXUB-34459,Male,0,No,Yes,29,Yes,No,No,No internet service,No internet service,No internet service,No internet service,No internet service,No internet service,Month-to-month,No,Mailed check,28.48,873.71,No
TYSH-26CF6,Male,0,Yes,No,8,No,No phone service,Fiber optic,No,No,No,Yes,Yes,Yes,Month-to-month,Yes,Mailed check,69.71,546.12,Yes
EACQ-9A062,Female,1,Yes,No,66,Yes,No,DSL,Yes,No,No,Yes,No,Yes,One year,No,Bank transfer (automatic),44.2,3001.63,No
IQHR-48762,Female,1,Yes,No,0,Yes,No,DSL,Yes,Yes,Yes,No,Yes,Yes,Two year,Yes,Electronic check,49.1,49.1,Yes
OZQT-C0C3A,Male,0,Yes,No,71,Yes,No,DSL,No,No,Yes,No,No,No,One year,No,Mailed check,39.47,2743.07,No
ZXKV-923FE,Female,0,Yes,Yes,64,Yes,No,DSL,No,No,No,No,No,Yes,Month-to-month,Yes,Credit card (automatic),39.5,2550.13,Yes
XJIU-0E9A7,Male,0,No,No,44,Yes,No,Fiber optic,Yes,No,Yes,Yes,No,No,Month-to-month,No,Electronic check,52.02,2244.09,No
ZTBN-D1B38,Female,0,No,Yes,71,Yes,Yes,No,No internet service,No internet service,No internet service,No internet service,No internet service,No internet service,One year,Yes,Mailed check,24.59,1760.57,No
WMAA-BE4E7,Female,1,No,No,17,Yes,Yes,DSL,No,No,Yes,No,No,No,One year,No,Electronic check,47.21,748.43,No
BNZG-FA6B6,Male,0,No,No,29,Yes,No,DSL,Yes,No,No,No,No,No,One year,Yes,Mailed check,34.51,967.93,No
CWJO-B1B58,Female,0,No,No,36,Yes,No,No,No internet service,No internet service,No internet service,No internet service,No internet service,No internet service,Two year,Yes,Electronic check,19.49,773.74,No
LUEC-613AD,Male,0,No,No,62,Yes,No,No,No internet service,No internet service,No internet service,No internet service,No internet service,No internet service,Month-to-month,Yes,Mailed check,24.98,1630.53,No
SIVK-2C85A,Female,0,No,No,48,No,No phone service,Fiber optic,No,Yes,No,No,No,No,Month-to-month,No,Mailed check,52.57,2472.75,No
SFDN-0A739,Male,1,Yes,No,1,Yes,Yes,No,No internet service,No internet service,No internet service,No internet service,No internet service,No internet service,One year,No,Credit card (automatic),32.12,13.13,Yes
JKFR-E93D1,Male,1,Yes,Yes,68,Yes,No,Fiber optic,No,Yes,Yes,No,Yes,No,Month-to-month,Yes,Electronic check,60.83,4121.53,No
HAWB-8339C,Female,0,Yes,No,28,Yes,Yes,No,No internet service,No internet service,No internet service,No internet service,No internet service,No internet service,Month-to-month,No,Electronic check,27.72,818.75,No
AEHY-02650,Female,0,No,Yes,39,Yes,No,No,No internet service,No internet service,No internet service,No internet service,No internet service,No internet service,Month-to-month,Yes,Electronic check,19.16,676.79,No
OPER-0B433,Male,1,No,No,39,Yes,No,No,No internet service,No internet service,No internet service,No internet service,No internet service,No internet service,Month-to-month,No,Electronic check,24.89,939.06,Yes
WNRF-0075C,Female,1,Yes,No,55,No,No phone service,DSL,No,No,Yes,Yes,Yes,Yes,One year,Yes,Credit card (automatic),58.56,3197.73,No
UILJ-AAA05,Female,0,No,No,66,Yes,Yes,Fiber optic,No,No,Yes,No,No,No,Month-to-month,Yes,Bank transfer (automatic),63.1,4176.4,Yes
ZIEF-0C096,Male,0,No,No,36,Yes,Yes,DSL,No,No,No,Yes,No,No,Two year,No,Electronic check,52.21,1922.54,No
CWTV-EEB8B,Male,0,Yes,No,20,Yes,Yes,Fiber optic,No,No,No,No,No,Yes,One year,Yes,Electronic check,73.83,1502.36,Yes
LEKM-0DE67,Female,0,Yes,Yes,69,Yes,Yes,DSL,Yes,No,No,Yes,Yes,Yes,Month-to-month,Yes,Electronic check,67.91,4798.1,No
VLRN-4C33B,Male,1,Yes,Yes,3,Yes,Yes,Fiber optic,No,No,No,No,Yes,No,Month-to-month,Yes,Electronic check,66.42,197.44,Yes
SYSA-D6092,Male,0,Yes,No,4,Yes,No,DSL,No,No,No,No,No,Yes,Month-to-month,Yes,Electronic check,43.23,154.45,Yes
KMBW-8F79C,Male,1,No,No,67,Yes,Yes,Fiber optic,No,No,Yes,Yes,Yes,No,Month-to-month,Yes,Electronic check,73.55,4859.45,No
FXEZ-A8398,Female,0,No,No,5,Yes,No,Fiber optic,No,Yes,No,No,Yes,Yes,Month-to-month,Yes,Mailed check,58.06,259.88,Yes
ZVMK-6600C,Female,0,No,No,63,Yes,Yes,DSL,Yes,No,No,No,Yes,No,Two year,Yes,Electronic check,54.49,3453.3,No
GKSP-5C271,Male,0,No,Yes,52,Yes,No,No,No internet service,No internet service,No internet service,No internet service,No internet service,No internet service,One year,No,Electronic check,18.8,1060.9,No
NCYR-39582,Female,0,No,No,32,Yes,Yes,DSL,No,Yes,Yes,No,No,No,Month-to-month,No,Bank transfer (automatic),44.59,1501.75,No
NCDP-8406E,Male,0,No,Yes,58,Yes,No,DSL,No,No,No,No,No,No,Month-to-month,Yes,Bank transfer (automatic),32.51,1849.97,Yes
SBYL-904C5,Female,0,No,Yes,10,Yes,No,Fiber optic,No,Yes,No,Yes,Yes,No,Two year,No,Credit card (automatic),58.98,623.94,No
ECYV-0ED5A,Male,0,No,Yes,0,Yes,Yes,Fiber optic,No,No,No,No,Yes,No,One year,Yes,Mailed check,70.59,70.59,No
GGSF-552DA,Male,0,No,No,72,Yes,No,DSL,No,No,Yes,No,No,Yes,Month-to-month,No,Mailed check,43.62,3125.12,No
WNEH-5F3B1,Female,0,Yes,No,39,No,No phone service,DSL,No,Yes,No,No,No,No,Month-to-month,Yes,Bank transfer (automatic),48.6,1932.03,Yes
YQLI-539D3,Male,0,No,Yes,50,Yes,No,Fiber optic,No,Yes,No,No,No,Yes,One year,Yes,Bank transfer (automatic),61.59,3064.67,No
TOUU-00E29,Female,0,Yes,No,11,No,No phone service,No,No internet service,No internet service,No internet service,No internet service,No internet service,No internet service,Month-to-month,No,Mailed check,22.63,206.7,No
TNAA-AE58E,Female,0,No,No,58,Yes,No,DSL,Yes,No,No,Yes,No,Yes,Month-to-month,Yes,Credit card (automatic),48.95,2818.15,No
VORY-C6B5E,Male,0,Yes,No,46,Yes,No,DSL,No,No,No,No,No,No,One year,Yes,Mailed check,34.87,1559.27,No
CFIF-9BE89,Male,0,Yes,No,60,Yes,No,Fiber optic,Yes,No,No,Yes,No,No,Month-to-month,No,Electronic check,60.47,3656.82,Yes
PASA-8FC85,Female,0,No,Yes,11,Yes,No,Fiber optic,No,No,Yes,Yes,No,Yes,Month-to-month,No,Bank transfer (automatic),62.67,638.49,No
VWJC-9AEE3,Male,0,Yes,No,66,Yes,Yes,DSL,No,No,No,Yes,Yes,No,Month-to-month,No,Mailed check,58.2,3848.8,No
GZIL-46946,Male,0,Yes,Yes,51,Yes,No,DSL,No,Yes,No,No,No,No,One year,Yes,Bank transfer (automatic),42.69,2265.13,No
JCUX-73A88,Male,0,Yes,No,42,Yes,No,Fiber optic,Yes,No,No,Yes,No,No,One year,Yes,Mailed check,47.2,2057.11,No
PSBC-12FBA,Male,1,No,No,9,Yes,No,Fiber optic,No,No,Yes,No,Yes,Yes,Month-to-month,Yes,Bank transfer (automatic),69.45,661.51,No
SAFU-78C1C,Male,0,No,Yes,6,Yes,Yes,DSL,No,Yes,No,Yes,No,No,Two year,Yes,Mailed check,47.01,287.91,Yes
RKMB-33E14,Female,0,No,No,6,Yes,No,Fiber optic,Yes,No,No,No,Yes,Yes,Month-to-month,No,Mailed check,79.31,474.85,Yes
DHAH-BC6B9,Female,0,No,Yes,1,Yes,Yes,DSL,No,No,Yes,No,No,No,Month-to-month,No,Electronic check,40.82,23.48,Yes
XUFP-C4964,Male,0,Yes,No,50,Yes,No,Fiber optic,No,No,No,No,No,No,Month-to-month,No,Electronic check,45.83,2332.87,No
FATV-A30A3,Male,0,Yes,Yes,10,Yes,No,Fiber optic,No,No,No,Yes,No,Yes,Two year,No,Electronic check,66.87,686.74,Yes
OZAP-F5DD7,Male,0,Yes,No,70,Yes,Yes,No,No internet service,No internet service,No internet service,No internet service,No internet service,No internet service,One year,No,Mailed check,24.3,1676.79,No
HRQM-3B321,Female,0,No,No,66,Yes,No,Fiber optic,No,Yes,No,No,No,No,Month-to-month,Yes,Mailed check,56.48,3783.03,No
LDIG-7C782,Male,0,No,Yes,62,Yes,No,Fiber optic,No,No,No,No,Yes,No,Month-to-month,No,Electronic check,56.56,3432.65,No
CZQA-9015A,Female,0,Yes,No,51,Yes,Yes,Fiber optic,No,No,No,No,No,Yes,Month-to-month,No,Mailed check,64.4,3212.14,No
QUEE-8DBA1,Female,0,Yes,No,64,Yes,No,Fiber optic,No,No,Yes,No,No,Yes,Month-to-month,Yes,Credit card (automatic),68.25,4288.11,No
WZPI-AAE18,Female,0,Yes,No,64,Yes,Yes,DSL,Yes,No,No,No,No,No,Month-to-month,No,Mailed check,50.06,3140.78,No
SJVB-1C264,Male,0,No,No,56,Yes,Yes,No,No internet service,No internet service,No internet service,No internet service,No internet service,No internet service,One year,Yes,Electronic check,32.39,1834.51,No
RAJZ-59F9C,Female,0,Yes,No,0,Yes,No,No,No internet service,No internet service,No internet service,No internet service,No internet service,No internet service,Two year,Yes,Mailed check,18.8,18.8,No
YQVN-DA585,Male,0,Yes,No,5,Yes,Yes,Fiber optic,No,Yes,Yes,Yes,No,No,Month-to-month,Yes,Credit card (automatic),69.33,306.1,No
KHMJ-A5726,Female,0,Yes,Yes,69,Yes,No,DSL,No,No,Yes,Yes,No,Yes,One year,Yes,Credit card (automatic),40.91,2868.65,No
JYLA-4B225,Male,0,No,No,7,No,No phone service,Fiber optic,No,No,Yes,No,Yes,Yes,One year,Yes,Credit card (automatic),74.66,459.1,Yes
JMAS-3B937,Female,0,No,Yes,54,No,No phone service,Fiber optic,No,No,No,Yes,No,No,Month-to-month,No,Mailed check,59.76,3231.57,No
ASHJ-2563F,Male,0,Yes,No,10,Yes,Yes,DSL,No,No,Yes,No,Yes,No,Two year,Yes,Mailed check,50.3,451.67,No
HEOI-7B180,Female,0,No,No,19,Yes,Yes,No,No internet service,No internet service,No internet service,No internet service,No internet service,No internet service,Month-to-month,No,Electronic check,35.44,702.24,No
BCEJ-EE1FA,Male,0,No,No,10,Yes,No,Fiber optic,Yes,Yes,No,No,No,No,Month-to-month,No,Electronic check,49.72,527.93,Yes
OUMG-8BA2F,Male,0,No,No,31,Yes,No,No,No internet service,No internet service,No internet service,No internet service,No internet service,No internet service,One year,Yes,Credit card (automatic),23.65,767.9,No
HVIB-F9302,Male,0,Yes,Yes,71,Yes,No,No,No internet service,No internet service,No internet service,No internet service,No internet service,No internet service,One year,No,Bank transfer (automatic),25.97,1864.97,No
EYEE-DE3A8,Male,0,No,Yes,15,Yes,No,Fiber optic,No,No,No,No,No,Yes,Two year,No,Credit card (automatic),53.79,868.52,No
OITW-BE1AF,Female,1,No,Yes,7,Yes,Yes,Fiber optic,No,No,No,No,No,Yes,Month-to-month,Yes,Electronic check,67.51,464.51,Yes
NYJX-F9B85,Female,0,Yes,No,6,Yes,Yes,DSL,No,Yes,Yes,No,No,Yes,One year,Yes,Electronic check,58.94,322.22,No
NZAF-7595A,Male,0,No,No,9,Yes,Yes,Fiber optic,No,No,No,Yes,No,Yes,One year,Yes,Electronic check,78.45,696.29,No
CISM-BA56F,Female,1,Yes,No,1,Yes,No,Fiber optic,Yes,No,No,No,No,Yes,Month-to-month,Yes,Mailed check,56.69,11.05,No
ZASM-0A05B,Male,0,Yes,No,71,Yes,No,Fiber optic,Yes,No,No,Yes,Yes,No,Two year,No,Mailed check,64.09,4534.6,No
VKVV-72A0E,Male,0,Yes,No,30,Yes,Yes,Fiber optic,No,No,Yes,Yes,No,No,Month-to-month,No,Credit card (automatic),61.54,1883.05,No
KTTM-FCE17,Female,0,Yes,No,65,Yes,No,Fiber optic,No,No,No,No,Yes,No,One year,No,Electronic check,57.36,3802.89,No
YVLB-49AE1,Male,0,Yes,Yes,24,Yes,No,Fiber optic,Yes,No,No,No,No,Yes,Month-to-month,No,Mailed check,57.2,1347.86,No
KHYE-341A8,Male,0,Yes,Yes,47,No,No phone service,Fiber optic,No,No,Yes,Yes,No,No,Two year,No,Bank transfer (automatic),44.0,2100.44,No
OXLI-6C82B,Female,0,No,No,5,Yes,Yes,DSL,No,No,Yes,No,Yes,No,Two year,Yes,Bank transfer (automatic),53.4,240.95,No
TGOO-20B9B,Male,0,No,No,7,Yes,Yes,Fiber optic,No,Yes,Yes,Yes,No,No,One year,No,Credit card (automatic),67.34,469.95,No
JNZF-A21F2,Male,0,Yes,No,6,Yes,Yes,No,No internet service,No internet service,No internet service,No internet service,No internet service,No internet service,Two year,Yes,Credit card (automatic),31.52,160.75,No
RNVO-BEDB2,Male,1,No,No,3,Yes,No,DSL,No,Yes,No,No,No,No,Month-to-month,Yes,Electronic check,33.03,188.18,No
EMRR-C1228,Male,1,No,No,25,Yes,Yes,No,No internet service,No internet service,No internet service,No internet service,No internet service,No internet service,Two year,Yes,Mailed check,32.96,787.58,No
QDWH-AC0DF,Female,0,Yes,No,15,Yes,No,DSL,Yes,No,Yes,No,No,Yes,Two year,Yes,Bank transfer (automatic),42.25,636.64,No
YDKG-7FCC6,Female,0,Yes,Yes,22,No,No phone service,No,No internet service,No internet service,No internet service,No internet service,No internet service,No internet service,Month-to-month,No,Mailed check,22.42,472.87,No
YXUV-A14C5,Female,0,No,Yes,27,Yes,No,No,No internet service,No internet service,No internet service,No internet service,No internet service,No internet service,One year,No,Mailed check,18.8,517.16,No
EYMW-45557,Male,1,No,Yes,58,Yes,No,Fiber optic,Yes,No,Yes,Yes,Yes,No,Two year,Yes,Electronic check,65.39,3762.16,No
HVIL-D6006,Male,0,Yes,Yes,62,Yes,Yes,DSL,Yes,No,No,No,Yes,Yes,One year,No,Electronic check,59.65,3801.27,No
QYDO-47740,Female,0,Yes,No,50,Yes,Yes,DSL,Yes,Yes,Yes,Yes,No,No,Two year,Yes,Bank transfer (automatic),44.95,2241.56,No
BNFI-10262,Male,0,No,No,47,Yes,Yes,DSL,No,Yes,Yes,Yes,No,No,One year,Yes,Credit card (automatic),56.56,2674.47,No
GHHA-1FA14,Male,0,No,No,2,Yes,Yes,No,No internet service,No internet service,No internet service,No internet service,No internet service,No internet service,Month-to-month,Yes,Credit card (automatic),31.32,27.65,Yes
JXWU-177AD,Male,0,Yes,No,4,Yes,No,DSL,No,No,Yes,Yes,No,No,Two year,No,Credit card (automatic),39.95,144.95,No
IOGF-5B7AB,Male,0,No,Yes,68,Yes,Yes,Fiber optic,No,Yes,No,No,Yes,Yes,Two year,Yes,Credit card (automatic),73.54,5044.63,No
JYBX-06DA5,Female,0,Yes,No,70,Yes,Yes,Fiber optic,No,No,Yes,No,Yes,Yes,Month-to-month,Yes,Electronic check,75.45,5283.83,No
XDRN-3EC01,Female,0,Yes,No,34,Yes,No,Fiber optic,No,No,No,No,No,Yes,Month-to-month,No,Mailed check,59.38,2060.44,No
BKKS-A07CE,Female,0,Yes,No,0,Yes,No,No,No internet service,No internet service,No internet service,No internet service,No internet service,No internet service,One year,Yes,Electronic check,31.34,31.34,No
HBDI-75154,Male,0,No,No,5,Yes,Yes,Fiber optic,No,No,No,No,No,Yes,One year,Yes,Mailed check,71.28,323.19,No
MCUK-5EB22,Female,1,Yes,No,7,Yes,No,Fiber optic,No,No,Yes,Yes,Yes,No,Two year,No,Electronic check,55.81,311.5,No
AOJJ-8801C,Female,1,Yes,No,9,Yes,Yes,Fiber optic,Yes,No,No,Yes,No,No,Month-to-month,No,Bank transfer (automatic),65.78,579.01,No
YVXM-DEE22,Male,1,No,Yes,72,Yes,Yes,No,No internet service,No internet service,No internet service,No internet service,No internet service,No internet service,Month-to-month,Yes,Mailed check,28.56,2038.4,Yes
KNYI-DEF33,Male,1,No,Yes,11,Yes,Yes,DSL,Yes,No,No,No,No,No,Two year,Yes,Credit card (automatic),43.06,488.87,No
FTRK-18B74,Female,0,Yes,No,60,Yes,No,Fiber optic,No,No,No,No,Yes,No,Two year,No,Electronic check,53.8,3234.95,No
PRPW-59D34,Female,0,Yes,No,4,Yes,No,No,No internet service,No internet service,No internet service,No internet service,No internet service,No internet service,Two year,No,Mailed check,20.95,80.89,No
BJBT-1B9F5,Female,0,No,No,27,Yes,No,DSL,No,Yes,No,No,Yes,No,Month-to-month,Yes,Electronic check,46.78,1246.78,No
IGNF-1FA19,Female,1,No,No,10,Yes,Yes,DSL,No,No,No,No,No,No,Month-to-month,Yes,Mailed check,40.02,410.12,Yes
HEMU-05E61,Male,0,Yes,No,37,Yes,No,Fiber optic,No,Yes,Yes,No,No,No,Month-to-month,Yes,Electronic check,52.01,1938.64,Yes
LRZQ-0CCAE,Female,0,No,Yes,51,Yes,Yes,No,No internet service,No internet service,No internet service,No internet service,No internet service,No internet service,Two year,Yes,Credit card (automatic),34.12,1779.35,No
UGKN-7AB19,Female,0,Yes,Yes,2,Yes,No,DSL,No,No,No,No,No,No,Month-to-month,Yes,Credit card (automatic),38.49,68.82,No
BNKF-F405C,Male,0,No,Yes,59,Yes,Yes,DSL,Yes,No,Yes,No,No,No,Month-to-month,Yes,Mailed check,45.58,2759.69,No
AMKW-0092B,Female,0,Yes,No,21,Yes,Yes,Fiber optic,No,No,Yes,No,Yes,Yes,One year,No,Mailed check,78.19,1653.6,No
HOAS-80400,Male,0,No,No,17,Yes,No,Fiber optic,No,No,No,No,Yes,No,Two year,Yes,Mailed check,59.2,958.68,No
SLUG-B9ADB,Male,0,Yes,No,21,Yes,Yes,DSL,No,Yes,No,No,No,No,Month-to-month,Yes,Mailed check,46.76,1009.8,No
TTLS-DB916,Male,0,No,No,1,Yes,No,No,No internet service,No internet service,No internet service,No internet service,No internet service,No internet service,Month-to-month,Yes,Mailed check,18.8,73.93,No
BCJM-8EC65,Female,0,No,Yes,71,Yes,No,Fiber optic,No,No,No,No,No,No,Two year,No,Mailed check,48.07,3436.62,No
SHWU-A39D1,Female,0,Yes,Yes,4,No,No phone service,Fiber optic,No,Yes,No,No,Yes,No,Month-to-month,No,Credit card (automatic),49.44,249.46,No
ENJS-6F450,Male,1,No,No,23,Yes,No,Fiber optic,No,No,No,No,Yes,Yes,Month-to-month,No,Mailed check,68.8,1600.99,No
GGTI-359CF,Female,0,Yes,No,61,Yes,Yes,No,No internet service,No internet service,No internet service,No internet service,No internet service,No internet service,Month-to-month,No,Bank transfer (automatic),32.02,1934.97,No
BVKV-0AE0C,Female,0,No,Yes,4,No,No phone service,DSL,Yes,Yes,No,No,No,No,Month-to-month,No,Bank transfer (automatic),39.01,192.94,Yes
CZTX-E56B2,Male,0,No,No,8,Yes,No,Fiber optic,No,Yes,No,No,Yes,No,One year,Yes,Credit card (automatic),50.19,273.43,Yes
HCXG-676CE,Male,0,No,No,61,Yes,No,DSL,No,No,No,No,No,No,Month-to-month,No,Electronic check,20.47,1219.32,Yes
OVCZ-1103D,Female,0,No,Yes,34,Yes,Yes,Fiber optic,No,No,No,No,No,Yes,Two year,No,Electronic check,67.29,2302.18,No
HULC-7348C,Male,0,No,No,0,Yes,No,Fiber optic,Yes,Yes,No,No,No,Yes,Two year,Yes,Bank transfer (automatic),60.7,60.7,Yes
PFSS-3DD94,Female,0,Yes,Yes,21,Yes,Yes,DSL,No,Yes,No,No,No,No,One year,Yes,Mailed check,37.92,769.92,Yes
JLEH-22B27,Female,0,Yes,No,10,Yes,No,DSL,No,No,Yes,Yes,Yes,No,One year,Yes,Bank transfer (automatic),40.74,433.84,No
LBVZ-AA3DC,Female,0,No,Yes,66,Yes,Yes,DSL,No,Yes,No,No,Yes,No,Two year,Yes,Mailed check,53.78,3473.06,No
LSYP-3525E,Female,0,No,No,36,Yes,Yes,No,No internet service,No internet service,No internet service,No internet service,No internet service,No internet service,One year,No,Bank transfer (automatic),32.87,1218.24,No
EXHM-82240,Male,0,No,No,7,Yes,Yes,Fiber optic,Yes,No,No,Yes,No,No,Month-to-month,Yes,Credit card (automatic),65.51,501.64,Yes
TOVW-5D06A,Male,0,No,No,34,Yes,No,Fiber optic,Yes,No,No,No,No,Yes,Month-to-month,Yes,Mailed check,64.54,2182.79,Yes
MTWL-49DFD,Male,0,Yes,Yes,37,Yes,No,Fiber optic,No,Yes,No,No,No,No,Month-to-month,No,Electronic check,44.66,1599.66,No
GFOK-9E85D,Male,1,Yes,Yes,7,No,No phone service,Fiber optic,No,Yes,No,No,No,Yes,One year,No,Electronic check,63.09,406.21,Yes
LPDN-613B2,Female,0,Yes,No,3,Yes,No,Fiber optic,No,No,No,No,No,No,Month-to-month,No,Electronic check,51.97,217.31,No
DBAL-7998F,Female,0,No,Yes,57,Yes,No,Fiber optic,Yes,Yes,No,No,No,No,Two year,No,Credit card (automatic),49.72,2817.53,No
GSCW-55286,Male,0,Yes,No,15,Yes,Yes,DSL,No,Yes,No,No,Yes,No,One year,Yes,Bank transfer (automatic),58.22,863.59,No
ZEKX-CC8D3,Female,0,Yes,No,9,Yes,No,DSL,No,No,No,No,Yes,No,Month-to-month,Yes,Mailed check,41.54,300.55,Yes
VPJF-80B36,Female,0,No,Yes,34,Yes,Yes,No,No internet service,No internet service,No internet service,No internet service,No internet service,No internet service,Two year,Yes,Mailed check,30.18,1049.39,No
FMJE-EC60D,Female,0,No,No,64,Yes,No,DSL,Yes,No,No,No,No,Yes,Month-to-month,Yes,Electronic check,36.76,2306.0,No
SOPA-73AE8,Male,0,No,No,9,Yes,No,Fiber optic,No,No,Yes,No,Yes,No,Month-to-month,Yes,Electronic check,65.05,479.8,No
PRYA-44B7C,Male,0,No,No,71,No,No phone service,Fiber optic,No,Yes,Yes,Yes,No,No,Month-to-month,No,Mailed check,51.53,3641.03,No
MZTA-FF06F,Male,0,No,No,64,Yes,No,Fiber optic,No,Yes,No,No,No,Yes,Month-to-month,No,Electronic check,62.5,4015.93,No
VMOA-9A54D,Female,0,Yes,No,23,Yes,No,Fiber optic,Yes,No,No,No,No,Yes,Month-to-month,Yes,Mailed check,54.6,1248.6,No
LGJM-48DB3,Male,0,No,Yes,25,Yes,No,DSL,Yes,No,Yes,No,Yes,No,Two year,No,Mailed check,40.86,973.11,No
MORT-75A2A,Male,0,Yes,Yes,45,No,No phone service,Fiber optic,No,No,No,Yes,No,No,Month-to-month,Yes,Credit card (automatic),54.34,2378.84,Yes
XSLV-88D3C,Male,1,No,No,3,Yes,No,Fiber optic,Yes,No,No,No,No,No,Month-to-month,No,Mailed check,49.05,155.03,No
RNCT-3EC56,Male,0,No,No,10,No,No phone service,DSL,No,No,Yes,Yes,Yes,No,Month-to-month,No,Bank transfer (automatic),50.51,538.9,No
AMBZ-A3C08,Male,0,No,Yes,63,Yes,No,Fiber optic,No,Yes,Yes,No,Yes,Yes,Month-to-month,Yes,Credit card (automatic),69.54,4501.4,No
CBGH-BECB9,Male,0,Yes,Yes,46,Yes,Yes,Fiber optic,No,No,No,Yes,No,Yes,Month-to-month,Yes,Credit card (automatic),72.35,3251.07,No
JGYN-907A7,Female,0,Yes,Yes,69,Yes,No,No,No internet service,No internet service,No internet service,No internet service,No internet service,No internet service,One year,No,Bank transfer (automatic),30.03,2050.07,No
PVAX-D6C14,Female,0,No,Yes,62,Yes,Yes,DSL,No,Yes,Yes,No,No,No,One year,Yes,Mailed check,43.72,2742.94,No
CQWP-B2E38,Male,0,Yes,Yes,8,Yes,Yes,No,No internet service,No internet service,No internet service,No internet service,No internet service,No internet service,Two year,Yes,Electronic check,35.57,278.11,Yes
RWYP-969AA,Male,0,No,No,45,Yes,No,No,No internet service,No internet service,No internet service,No internet service,No internet service,No internet service,Two year,No,Mailed check,20.08,977.38,No
PLFB-669EB,Female,0,No,No,53,Yes,No,DSL,No,No,No,No,No,Yes,One year,Yes,Electronic check,40.03,2095.63,No
UPYY-2A8F9,Female,1,No,Yes,8,Yes,Yes,Fiber optic,No,Yes,No,Yes,No,No,One year,Yes,Electronic check,62.84,541.02,No
AFDF-1C7AF,Male,0,No,Yes,10,No,No phone service,DSL,No,No,Yes,No,Yes,No,Month-to-month,Yes,Mailed check,46.16,401.25,No
QMGT-8C022,Male,0,No,No,0,Yes,Yes,DSL,No,No,No,No,No,No,Two year,Yes,Electronic check,51.03,51.03,No
RNII-9FF7A,Male,1,Yes,No,3,Yes,Yes,Fiber optic,Yes,No,No,Yes,No,No,One year,Yes,Bank transfer (automatic),72.82,264.92,No
CYAI-BF2A3,Male,0,Yes,Yes,13,Yes,No,Fiber optic,Yes,No,No,No,No,No,Month-to-month,Yes,Bank transfer (automatic),55.79,801.33,No
BLOG-F9777,Female,0,No,No,52,Yes,No,DSL,No,No,Yes,Yes,No,Yes,Month-to-month,Yes,Credit card (automatic),45.23,2334.64,No
CPUK-6E940,Male,0,No,No,64,Yes,Yes,Fiber optic,No,No,No,No,No,No,Month-to-month,No,Electronic check,52.79,3372.5,No
VQQH-27C48,Male,1,No,No,8,Yes,Yes,No,No internet service,No internet service,No internet service,No internet service,No internet service,No internet service,Month-to-month,No,Credit card (automatic),33.03,214.63,Yes
ZFGG-E8EF6,Male,0,No,No,60,Yes,No,Fiber optic,No,No,No,No,Yes,No,One year,No,Credit card (automatic),55.4,3290.0,No
BHOJ-0F49F,Male,0,Yes,No,38,No,No phone service,DSL,Yes,No,No,No,No,Yes,Month-to-month,No,Mailed check,44.79,1778.57,No
OSAS-DE130,Female,0,Yes,No,39,No,No phone service,DSL,No,Yes,No,No,No,No,Month-to-month,No,Mailed check,44.7,1728.27,No
XHNM-BE5C4,Female,0,Yes,No,36,Yes,Yes,Fiber optic,Yes,No,No,Yes,Yes,No,Month-to-month,Yes,Credit card (automatic),67.44,2315.62,No
FCJO-CD862,Female,0,No,Yes,0,Yes,Yes,Fiber optic,Yes,No,Yes,Yes,Yes,No,Month-to-month,No,Credit card (automatic),74.46,74.46,No
XKTQ-EFBA2,Male,0,Yes,No,46,Yes,Yes,Fiber optic,No,No,No,No,Yes,No,Month-to-month,No,Electronic check,62.25,2888.81,Yes
AOST-48D16,Male,0,Yes,Yes,5,Yes,Yes,DSL,No,No,No,No,No,No,Month-to-month,Yes,Bank transfer (automatic),53.21,282.76,Yes
YFIM-B4C35,Female,0,No,Yes,29,Yes,No,Fiber optic,No,Yes,No,Yes,Yes,No,Month-to-month,No,Mailed check,60.66,1738.58,Yes
OATR-D46E1,Male,0,Yes,No,4,Yes,No,Fiber optic,No,Yes,No,No,No,No,Month-to-month,Yes,Mailed check,49.12,217.72,No
MMLL-B3EE2,Male,1,No,No,61,Yes,No,Fiber optic,No,No,Yes,No,No,No,Month-to-month,No,Electronic check,55.12,3376.18,Yes
ZGBK-CDAC4,Female,1,No,No,11,Yes,No,Fiber optic,Yes,No,No,No,Yes,No,Two year,No,Mailed check,67.58,706.81,No
WQDD-414F3,Female,0,Yes,Yes,22,Yes,No,No,No internet service,No internet service,No internet service,No internet service,No internet service,No internet service,Month-to-month,No,Electronic check,19.7,423.25,No
QZGS-74FA7,Female,0,Yes,No,60,Yes,Yes,No,No internet service,No internet service,No internet service,No internet service,No internet service,No internet service,One year,Yes,Credit card (automatic),37.3,2267.11,No
VXUW-553BC,Female,0,No,No,11,Yes,No,Fiber optic,Yes,No,Yes,No,Yes,Yes,One year,No,Mailed check,67.68,777.21,Yes
RPUE-5B0E2,Male,0,Yes,Yes,0,No,No phone service,No,No internet service,No internet service,No internet service,No internet service,No internet service,No internet service,Month-to-month,No,Credit card (automatic),20.64,20.64,No
UQWU-8C59E,Male,0,Yes,No,10,Yes,No,DSL,No,No,No,No,No,No,Two year,Yes,Electronic check,31.28,429.68,No
CJAN-C086C,Female,0,Yes,No,11,Yes,Yes,DSL,No,Yes,No,No,Yes,Yes,One year,No,Credit card (automatic),48.52,547.19,Yes
FECK-7E72B,Male,1,Yes,Yes,63,Yes,No,DSL,No,Yes,No,No,No,Yes,One year,Yes,Electronic check,58.9,3703.81,No
BIQG-97F4E,Female,0,No,Yes,37,Yes,No,Fiber optic,No,No,Yes,No,Yes,No,One year,Yes,Electronic check,59.93,2192.81,No
QTEA-B74E5,Female,0,Yes,No,4,Yes,No,Fiber optic,Yes,No,Yes,No,Yes,Yes,Month-to-month,No,Credit card (automatic),61.92,334.03,No
LSZX-A11B8,Male,0,No,No,3,Yes,Yes,Fiber optic,Yes,No,No,Yes,Yes,Yes,Month-to-month,Yes,Electronic check,77.22,311.99,Yes
DSYB-D56B3,Female,0,Yes,Yes,35,Yes,Yes,No,No internet service,No internet service,No internet service,No internet service,No internet service,No internet service,Two year,Yes,Electronic check,35.02,1175.25,No
EZJE-B3C18,Male,0,No,No,20,Yes,No,Fiber optic,Yes,No,Yes,Yes,No,No,Two year,Yes,Electronic check,53.45,1001.83,No
KYNY-37D2E,Male,0,No,Yes,49,Yes,Yes,No,No internet service,No internet service,No internet service,No internet service,No internet service,No internet service,Two year,Yes,Electronic check,26.94,1292.79,Yes
URGV-D4906,Male,0,No,No,9,Yes,Yes,DSL,No,Yes,No,No,No,No,Month-to-month,No,Electronic check,49.57,529.25,Yes
DOON-AE333,Male,1,No,No,66,Yes,No,Fiber optic,Yes,Yes,No,No,Yes,No,Two year,No,Credit card (automatic),57.37,3793.82,No
YCAE-C9E36,Female,0,Yes,Yes,8,Yes,Yes,Fiber optic,No,No,No,No,Yes,Yes,Month-to-month,No,Electronic check,73.31,545.91,Yes
OBXU-2D75F,Male,1,No,No,67,Yes,Yes,DSL,No,Yes,Yes,Yes,No,Yes,Month-to-month,No,Credit card (automatic),56.89,3796.4,No
NFVS-3AA46,Female,0,Yes,No,3,Yes,No,No,No internet service,No internet service,No internet service,No internet service,No internet service,No internet service,Month-to-month,Yes,Credit card (automatic),18.8,76.42,No
VESV-E54E7,Female,0,Yes,No,23,Yes,Yes,Fiber optic,No,Yes,No,No,No,No,Month-to-month,No,Bank transfer (automatic),53.1,1270.1,Yes
ONNQ-666AD,Female,0,No,No,18,Yes,Yes,DSL,No,No,No,No,No,Yes,Month-to-month,Yes,Electronic check,51.69,994.8,Yes
ORKU-6604B,Female,0,Yes,No,67,No,No phone service,DSL,No,Yes,Yes,No,No,No,One year,Yes,Bank transfer (automatic),40.03,2668.85,No
CFUW-668C7,Male,0,No,No,65,Yes,Yes,DSL,No,No,No,No,No,No,Month-to-month,No,Mailed check,44.06,2873.05,Yes
ELGR-292FA,Male,0,Yes,Yes,38,Yes,Yes,No,No internet service,No internet service,No internet service,No internet service,No internet service,No internet service,Two year,No,Credit card (automatic),28.19,1016.16,Yes
DYOP-13C79,Female,0,No,No,71,No,No phone service,DSL,Yes,Yes,No,No,Yes,No,Two year,Yes,Mailed check,49.34,3499.71,No
ZLJU-17D34,Female,0,No,Yes,2,Yes,Yes,Fiber optic,Yes,No,No,Yes,No,No,Month-to-month,No,Electronic check,59.1,118.28,No
MBBG-E3B6C,Male,0,No,Yes,61,Yes,No,DSL,Yes,No,Yes,No,Yes,No,Month-to-month,No,Bank transfer (automatic),42.81,2587.52,No
IWJU-D6A17,Female,0,No,Yes,9,Yes,No,Fiber optic,Yes,No,Yes,Yes,Yes,No,Month-to-month,Yes,Mailed check,66.43,503.86,No
JYYU-FFC93,Male,0,No,No,39,Yes,Yes,DSL,No,Yes,No,Yes,Yes,No,Month-to-month,Yes,Bank transfer (automatic),55.36,2168.38,No
VFEW-12890,Female,0,No,No,31,No,No phone service,Fiber optic,No,Yes,Yes,Yes,Yes,No,Two year,Yes,Electronic check,62.33,1987.07,No
JFHE-A7F0C,Male,0,Yes,Yes,7,Yes,Yes,Fiber optic,No,No,No,No,No,No,Month-to-month,Yes,Credit card (automatic),59.53,377.58,Yes
XMSL-9E89F,Female,1,No,Yes,17,Yes,Yes,Fiber optic,No,Yes,Yes,No,Yes,No,One year,Yes,Bank transfer (automatic),73.39,1208.64,No
MERS-3B15D,Female,0,Yes,No,67,Yes,No,Fiber optic,No,No,No,Yes,No,No,One year,No,Mailed check,50.71,3396.71,No
QPQE-F4CF3,Male,0,Yes,No,0,Yes,No,No,No internet service,No internet service,No internet service,No internet service,No internet service,No internet service,Month-to-month,No,Bank transfer (automatic),18.8,18.8,No
QBQL-1AF1E,Female,0,Yes,No,10,No,No phone service,Fiber optic,No,Yes,No,No,No,No,Month-to-month,Yes,Mailed check,47.91,496.9,No
VOXI-BB9DE,Female,0,Yes,No,30,Yes,Yes,No,No internet service,No internet service,No internet service,No internet service,No internet service,No internet service,One year,Yes,Credit card (automatic),30.32,946.57,No
UPZO-A35E7,Male,0,No,No,49,Yes,Yes,DSL,No,Yes,No,No,No,No,Month-to-month,No,Credit card (automatic),49.72,2474.8,No
NVIG-038B5,Female,1,No,Yes,2,Yes,No,DSL,No,Yes,Yes,No,No,Yes,One year,No,Credit card (automatic),38.3,72.51,Yes
LFVN-295D4,Male,1,No,No,11,Yes,No,Fiber optic,No,Yes,No,No,No,No,Two year,Yes,Mailed check,61.06,684.56,No
WSDT-B7279,Male,0,No,No,11,Yes,Yes,No,No internet service,No internet service,No internet service,No internet service,No internet service,No internet service,Two year,Yes,Electronic check,22.24,207.35,Yes
DISO-F3C63,Female,0,Yes,No,14,Yes,No,DSL,No,No,Yes,No,No,No,Two year,Yes,Bank transfer (automatic),25.44,283.78,No
YQNH-E012A,Female,0,Yes,Yes,18,Yes,No,DSL,Yes,No,No,Yes,No,Yes,Month-to-month,Yes,Mailed check,42.47,743.62,No
CUFR-CE41C,Female,0,Yes,Yes,53,Yes,No,Fiber optic,No,No,Yes,No,No,No,Two year,Yes,Electronic check,43.81,2349.53,No
LYEO-170C9,Female,0,No,Yes,30,Yes,Yes,Fiber optic,No,No,No,Yes,Yes,Yes,Month-to-month,Yes,Credit card (automatic),79.86,2278.1,Yes
CMLR-77D8D,Female,0,Yes,No,9,Yes,Yes,Fiber optic,Yes,No,No,Yes,No,Yes,Month-to-month,Yes,Electronic check,71.46,546.97,No
XWYS-883DB,Female,0,No,No,72,Yes,Yes,Fiber optic,No,Yes,Yes,Yes,Yes,No,Month-to-month,Yes,Electronic check,77.22,5550.18,No
WSMH-FBD98,Female,0,No,Yes,12,Yes,No,Fiber optic,No,No,Yes,Yes,No,No,Month-to-month,No,Bank transfer (automatic),61.81,810.42,No
ABSF-1C917,Male,0,No,No,34,Yes,No,Fiber optic,No,No,Yes,No,No,No,Two year,Yes,Credit card (automatic),50.96,1675.02,No
MAPK-E1D0C,Female,0,No,No,10,Yes,No,No,No internet service,No internet service,No internet service,No internet service,No internet service,No internet service,One year,No,Bank transfer (automatic),18.8,312.11,No
UKHD-5AB20,Male,1,No,No,52,Yes,Yes,No,No internet service,No internet service,No internet service,No internet service,No internet service,No internet service,One year,Yes,Bank transfer (automatic),32.79,1722.25,No
OPZT-89A7A,Female,0,Yes,No,11,Yes,No,DSL,Yes,Yes,No,No,No,No,Two year,Yes,Credit card (automatic),35.62,369.0,No
FVWL-77D25,Female,1,Yes,No,61,Yes,No,Fiber optic,No,No,No,No,No,Yes,Two year,Yes,Electronic check,62.11,3753.55,No
PSHD-8AC00,Male,0,No,No,40,Yes,Yes,DSL,Yes,Yes,Yes,No,Yes,No,Month-to-month,Yes,Bank transfer (automatic),54.96,2153.59,No
KOAE-64B0E,Female,0,No,No,54,Yes,No,No,No internet service,No internet service,No internet service,No internet service,No internet service,No internet service,Month-to-month,Yes,Mailed check,22.46,1204.37,Yes
ELZR-F0B19,Female,1,No,No,37,No,No phone service,Fiber optic,Yes,No,Yes,No,No,Yes,Two year,Yes,Bank transfer (automatic),61.27,2260.54,No
IUDX-78904,Male,0,Yes,Yes,57,Yes,No,No,No internet service,No internet service,No internet service,No internet service,No internet service,No internet service,One year,No,Credit card (automatic),24.44,1421.25,No
SYZN-47765,Female,0,No,No,63,Yes,Yes,DSL,Yes,Yes,No,No,No,Yes,One year,Yes,Mailed check,51.44,3247.38,No
WKAS-A6AFE,Female,0,Yes,Yes,12,Yes,Yes,DSL,Yes,No,No,No,No,No,One year,Yes,Bank transfer (automatic),49.05,638.99,No
UPAN-DDCF8,Female,0,Yes,Yes,25,Yes,Yes,No,No internet service,No internet service,No internet service,No internet service,No internet service,No internet service,One year,No,Mailed check,34.57,866.82,No
CMIV-C6620,Male,0,Yes,Yes,36,No,No phone service,No,No internet service,No internet service,No internet service,No internet service,No internet service,No internet service,One year,No,Bank transfer (automatic),18.8,691.33,No
IGGZ-A82DA,Female,1,Yes,No,55,Yes,No,Fiber optic,Yes,No,No,No,Yes,Yes,Month-to-month,No,Electronic check,68.22,3762.91,No
NMOV-B7AE5,Female,1,Yes,No,19,Yes,No,DSL,Yes,Yes,Yes,No,Yes,Yes,Month-to-month,Yes,Electronic check,48.39,884.03,No
XPEZ-A63ED,Female,1,Yes,Yes,62,No,No phone service,DSL,No,No,No,No,No,Yes,Two year,Yes,Credit card (automatic),45.0,2861.56,No
BQCH-93869,Female,0,No,No,50,Yes,No,Fiber optic,No,Yes,Yes,Yes,No,Yes,Two year,Yes,Electronic check,64.16,3166.77,No
UEUF-07426,Male,0,No,No,41,Yes,Yes,Fiber optic,No,No,Yes,Yes,No,No,Month-to-month,Yes,Mailed check,57.66,2292.73,No
WPSD-15CE1,Male,0,No,No,17,Yes,No,No,No internet service,No internet service,No internet service,No internet service,No internet service,No internet service,One year,Yes,Credit card (automatic),18.95,264.29,No
MKTF-7D7C9,Female,1,Yes,Yes,8,Yes,Yes,DSL,Yes,No,No,Yes,Yes,Yes,Month-to-month,Yes,Electronic check,62.82,467.59,No
PGZG-EF8DB,Female,0,No,Yes,60,Yes,Yes,DSL,No,No,No,No,No,Yes,Month-to-month,Yes,Credit card (automatic),54.12,3261.56,Yes
TBDB-0D20F,Male,0,Yes,No,20,Yes,No,Fiber optic,No,No,Yes,Yes,No,Yes,Two year,No,Electronic check,62.09,1224.34,No
HVYN-EF225,Male,0,Yes,No,16,Yes,No,DSL,Yes,No,No,No,Yes,Yes,Month-to-month,Yes,Bank transfer (automatic),55.2,821.67,No
OUEF-44F6D,Female,0,No,No,3,Yes,Yes,Fiber optic,No,No,No,No,No,Yes,Month-to-month,No,Mailed check,61.58,268.73,Yes
BCUG-19206,Male,0,Yes,No,43,Yes,Yes,Fiber optic,Yes,No,No,No,Yes,No,One year,Yes,Electronic check,64.77,2806.69,No
ONPA-45483,Female,1,No,No,10,Yes,No,Fiber optic,No,Yes,Yes,No,No,No,One year,Yes,Bank transfer (automatic),52.09,478.66,No
QYRK-69B40,Male,1,No,Yes,5,Yes,No,Fiber optic,Yes,No,Yes,No,No,No,Two year,Yes,Electronic check,50.89,152.39,No
SRCQ-1AB0B,Male,0,No,No,67,Yes,No,No,No internet service,No internet service,No internet service,No internet service,No internet service,No internet service,Month-to-month,No,Bank transfer (automatic),18.8,1227.04,No
DGSJ-FFF12,Male,0,No,No,25,Yes,Yes,Fiber optic,No,No,No,No,No,No,Month-to-month,Yes,Mailed check,51.89,1285.33,Yes
EPLT-43A9B,Male,1,No,Yes,70,Yes,Yes,DSL,No,Yes,No,No,Yes,Yes,Month-to-month,No,Electronic check,65.67,4596.02,No
INYP-E60C7,Female,0,Yes,Yes,60,Yes,No,DSL,No,Yes,No,No,Yes,No,Month-to-month,Yes,Mailed check,33.39,2038.85,No
BDIE-A9511,Male,0,No,No,5,Yes,No,No,No internet service,No internet service,No internet service,No internet service,No internet service,No internet service,Month-to-month,No,Bank transfer (automatic),19.12,144.06,No
YICS-D1FB4,Male,0,Yes,No,6,Yes,Yes,Fiber optic,No,No,No,Yes,Yes,Yes,Month-to-month,No,Electronic check,79.42,324.26,Yes
UKQD-3CC03,Female,0,No,Yes,7,Yes,Yes,Fiber optic,Yes,No,No,No,No,No,Month-to-month,No,Credit card (automatic),61.49,422.93,Yes
PXRS-60CC7,Male,0,No,Yes,55,Yes,No,No,No internet service,No internet service,No internet service,No internet service,No internet service,No internet service,One year,No,Bank transfer (automatic),20.32,1197.08,No
NGLG-6293B,Male,0,Yes,Yes,7,No,No phone service,Fiber optic,No,No,No,Yes,Yes,No,Two year,Yes,Credit card (automatic),53.36,335.26,No
NXFH-3A1AD,Female,0,No,No,53,Yes,No,DSL,No,No,No,No,No,Yes,Month-to-month,Yes,Credit card (automatic),46.81,2481.43,No
RDMN-67CD4,Male,0,Yes,No,69,Yes,No,DSL,No,No,Yes,No,Yes,No,Two year,No,Credit card (automatic),40.89,2739.68,No
IFKO-B4301,Female,1,Yes,No,7,Yes,No,No,No internet service,No internet service,No internet service,No internet service,No internet service,No internet service,Two year,Yes,Mailed check,20.19,137.29,No
BFSU-F87E2,Female,0,No,No,16,Yes,Yes,Fiber optic,No,No,Yes,No,No,No,Month-to-month,Yes,Electronic check,60.25,1028.75,Yes
QVNG-9F390,Female,1,Yes,No,25,Yes,No,Fiber optic,Yes,Yes,Yes,Yes,Yes,No,Month-to-month,Yes,Credit card (automatic),62.12,1461.55,No
GTMF-51CF1,Female,0,Yes,Yes,35,No,No phone service,No,No internet service,No internet service,No internet service,No internet service,No internet service,No internet service,Two year,No,Bank transfer (automatic),24.86,953.8,No
GWWT-BD5EE,Male,0,Yes,No,8,Yes,Yes,Fiber optic,Yes,No,Yes,No,No,Yes,One year,Yes,Mailed check,78.83,575.83,Yes
FBNT-D26C0,Female,0,No,Yes,12,Yes,No,Fiber optic,Yes,No,Yes,No,No,No,Month-to-month,Yes,Credit card (automatic),53.17,649.79,Yes
SHAG-BD173,Male,1,Yes,Yes,51,Yes,Yes,Fiber optic,No,No,No,No,No,No,Two year,Yes,Electronic check,56.84,2904.2,No
RUZJ-44C70,Male,0,Yes,Yes,65,Yes,Yes,Fiber optic,No,No,No,Yes,No,No,Month-to-month,Yes,Credit card (automatic),70.9,4588.52,No
YCYE-84A65,Male,0,No,No,54,No,No phone service,Fiber optic,Yes,Yes,No,Yes,Yes,Yes,One year,No,Credit card (automatic),70.91,3857.95,No
MZGF-1BA90,Male,0,Yes,No,39,Yes,No,DSL,Yes,No,Yes,No,Yes,Yes,Month-to-month,Yes,Mailed check,58.79,2395.08,No
UVYY-4B695,Male,0,Yes,No,46,Yes,No,No,No internet service,No internet service,No internet service,No internet service,No internet service,No internet service,Two year,No,Mailed check,19.36,851.56,No
RYQX-E1FD6,Male,0,No,No,23,Yes,Yes,No,No internet service,No internet service,No internet service,No internet service,No internet service,No internet service,Month-to-month,Yes,Credit card (automatic),25.93,675.77,No
PQUU-1038D,Male,1,No,Yes,8,Yes,Yes,Fiber optic,No,No,No,No,No,No,One year,Yes,Mailed check,60.3,531.63,No
QDSM-5C492,Male,1,No,No,55,Yes,Yes,Fiber optic,No,No,No,No,No,No,Two year,No,Bank transfer (automatic),56.72,3132.2,No
JOQX-4ED52,Male,0,Yes,No,46,Yes,Yes,DSL,No,No,Yes,No,Yes,No,One year,No,Bank transfer (automatic),53.73,2516.9,Yes
GRUP-B18D6,Male,1,No,Yes,5,Yes,No,No,No internet service,No internet service,No internet service,No internet service,No internet service,No internet service,Two year,Yes,Electronic check,18.8,165.75,No
XDZU-A9E62,Female,0,No,No,4,Yes,No,Fiber optic,Yes,No,No,No,No,No,Two year,Yes,Credit card (automatic),48.44,217.37,No
XCRG-EF787,Female,0,Yes,No,39,Yes,No,Fiber optic,Yes,Yes,Yes,No,No,No,Month-to-month,Yes,Bank transfer (automatic),45.62,1814.98,Yes
LYHY-AF9D7,Female,0,Yes,Yes,22,Yes,No,Fiber optic,No,No,No,No,Yes,No,Two year,Yes,Electronic check,53.06,1250.57,No
MGFA-6FFB5,Male,0,No,Yes,7,Yes,No,DSL,No,No,No,No,No,Yes,One year,No,Mailed check,39.62,376.72,Yes
NTAX-DF1F9,Female,0,No,No,0,Yes,No,DSL,No,Yes,No,No,No,No,Two year,Yes,Electronic check,31.91,31.91,No
OEMJ-F53F3,Female,1,No,Yes,19,Yes,Yes,DSL,No,No,Yes,No,No,No,Month-to-month,Yes,Bank transfer (automatic),52.14,993.35,No
XZHR-C8B28,Female,0,No,No,16,No,No phone service,Fiber optic,No,No,Yes,No,No,No,Month-to-month,No,Electronic check,49.64,753.92,Yes
NOYV-96608,Male,0,No,No,46,Yes,No,Fiber optic,Yes,No,No,Yes,Yes,Yes,One year,No,Mailed check,79.82,3697.12,No
GXUX-F6696,Male,0,No,No,16,Yes,No,DSL,Yes,Yes,No,No,No,No,One year,No,Credit card (automatic),41.65,604.83,No
HSLY-378E9,Male,1,Yes,Yes,2,No,No phone service,DSL,No,Yes,No,No,Yes,Yes,Two year,Yes,Electronic check,50.25,0.0,No
BIXH-52B25,Male,0,Yes,No,9,Yes,No,DSL,No,No,No,No,No,Yes,Month-to-month,Yes,Bank transfer (automatic),39.58,447.96,No
SXFI-17F44,Female,0,No,No,3,Yes,No,DSL,No,Yes,Yes,Yes,No,Yes,Month-to-month,No,Electronic check,46.72,131.73,No
KXOP-CB988,Female,0,No,No,32,Yes,No,No,No internet service,No internet service,No internet service,No internet service,No internet service,No internet service,Month-to-month,Yes,Mailed check,21.27,694.76,No
EKWB-D951C,Female,0,No,No,52,Yes,Yes,Fiber optic,No,No,No,Yes,Yes,No,Two year,Yes,Bank transfer (automatic),79.97,4230.94,No
AOEX-2C90B,Female,0,No,No,1,Yes,No,DSL,No,No,No,No,No,Yes,Month-to-month,No,Credit card (automatic),36.96,25.97,Yes
WFZU-B516C,Male,0,No,No,64,Yes,No,Fiber optic,Yes,No,Yes,No,Yes,No,Month-to-month,No,Electronic check,54.47,3466.19,No
PQUI-0E999,Male,0,Yes,No,65,Yes,No,Fiber optic,No,No,No,No,No,No,Month-to-month,No,Electronic check,47.69,3076.98,No
WURU-4BF39,Male,0,No,No,6,Yes,No,No,No internet service,No internet service,No internet service,No internet service,No internet service,No internet service,One year,Yes,Bank transfer (automatic),24.09,170.93,Yes
RNZK-32DA9,Female,0,Yes,No,63,Yes,No,DSL,Yes,Yes,Yes,No,Yes,Yes,Two year,Yes,Mailed check,53.56,3370.6,No
LKYR-FCC83,Male,0,Yes,No,0,Yes,No,DSL,No,Yes,Yes,Yes,Yes,No,One year,Yes,Electronic check,47.4,47.4,No
QSNA-FD571,Male,0,Yes,No,35,Yes,Yes,Fiber optic,No,Yes,No,Yes,No,Yes,One year,Yes,Bank transfer (automatic),78.99,2758.34,No
YFJL-4AFD8,Female,1,No,No,5,Yes,Yes,No,No internet service,No internet service,No internet service,No internet service,No internet service,No internet service,Month-to-month,Yes,Bank transfer (automatic),38.2,321.54,No
DWGX-68672,Female,0,No,Yes,28,Yes,No,DSL,Yes,Yes,Yes,No,Yes,No,One year,No,Bank transfer (automatic),35.9,1042.1,Yes
OKWM-F450B,Male,1,Yes,No,46,Yes,No,DSL,No,No,No,No,No,No,Month-to-month,Yes,Credit card (automatic),31.49,1384.41,No
BHXP-8CCEA,Male,0,Yes,Yes,72,Yes,Yes,DSL,No,No,Yes,No,No,No,Month-to-month,No,Bank transfer (automatic),46.0,3288.74,No
LDJS-4A205,Male,0,No,No,9,Yes,No,Fiber optic,No,Yes,Yes,No,Yes,Yes,Month-to-month,Yes,Bank transfer (automatic),61.47,561.55,Yes
FWJK-65EB2,Male,0,No,Yes,31,Yes,Yes,Fiber optic,Yes,Yes,Yes,No,Yes,Yes,Month-to-month,No,Mailed check,75.4,2423.51,No
FCGR-E7106,Male,1,No,No,54,Yes,No,No,No internet service,No internet service,No internet service,No internet service,No internet service,No internet service,Two year,Yes,Bank transfer (automatic),18.8,1002.19,No
GODF-84530,Male,0,No,No,1,Yes,Yes,No,No internet service,No internet service,No internet service,No internet service,No internet service,No internet service,Month-to-month,No,Bank transfer (automatic),20.4,41.04,Yes
IIXX-64696,Female,0,No,No,58,Yes,Yes,Fiber optic,No,No,No,No,Yes,Yes,Month-to-month,Yes,Mailed check,71.61,4157.33,No
TZKD-1D659,Female,1,Yes,No,2,Yes,No,No,No internet service,No internet service,No internet service,No internet service,No internet service,No internet service,Month-to-month,Yes,Bank transfer (automatic),18.8,0.0,No
YLIW-1D803,Female,0,Yes,Yes,14,Yes,No,DSL,No,Yes,No,Yes,No,No,One year,No,Credit card (automatic),40.2,569.88,No
RTFR-FAB3A,Male,0,Yes,No,11,Yes,No,Fiber optic,No,Yes,No,No,No,Yes,One year,No,Mailed check,59.38,558.82,Yes
SCIW-F2B89,Female,0,No,No,11,Yes,Yes,No,No internet service,No internet service,No internet service,No internet service,No internet service,No internet service,Month-to-month,Yes,Mailed check,31.74,338.8,No
NWLP-A8E3F,Male,0,Yes,No,44,Yes,No,Fiber optic,No,No,No,No,Yes,Yes,Month-to-month,Yes,Bank transfer (automatic),70.32,3023.12,Yes
RYJM-0ED40,Male,0,No,Yes,5,Yes,No,DSL,No,No,No,No,Yes,No,One year,Yes,Electronic check,37.49,231.0,No
SRNE-E6BD8,Female,0,Yes,Yes,2,Yes,Yes,DSL,No,No,No,No,No,Yes,Two year,Yes,Electronic check,49.96,123.03,No
CXRX-9ED32,Male,0,Yes,No,56,Yes,No,Fiber optic,Yes,Yes,No,No,Yes,Yes,Month-to-month,Yes,Mailed check,61.39,3464.47,Yes
EUGL-C6051,Male,0,Yes,Yes,45,Yes,No,No,No internet service,No internet service,No internet service,No internet service,No internet service,No internet service,Month-to-month,No,Mailed check,18.8,932.29,Yes
KTNR-1C64A,Female,1,Yes,Yes,6,Yes,No,Fiber optic,No,No,No,No,Yes,No,Month-to-month,Yes,Electronic check,49.26,308.92,Yes
DMKE-F507F,Female,1,Yes,Yes,46,Yes,No,DSL,No,Yes,No,No,No,No,One year,No,Bank transfer (automatic),25.79,1207.59,No
RQXC-85AD1,Female,0,No,No,4,Yes,No,Fiber optic,Yes,No,No,No,No,No,One year,Yes,Mailed check,49.24,257.71,No
EYMI-25032,Male,0,Yes,Yes,16,Yes,No,No,No internet service,No internet service,No internet service,No internet service,No internet service,No internet service,Month-to-month,No,Electronic check,18.8,322.0,Yes
CZUY-34482,Female,0,No,No,8,Yes,Yes,Fiber optic,Yes,Yes,No,No,No,No,Month-to-month,No,Electronic check,61.18,477.6,No
GZJU-3EBD8,Female,0,Yes,No,61,Yes,No,DSL,No,No,No,No,Yes,Yes,Month-to-month,Yes,Bank transfer (automatic),50.35,3067.39,No
XJMB-2C514,Male,0,No,No,2,Yes,No,No,No internet service,No internet service,No internet service,No internet service,No internet service,No internet service,Month-to-month,Yes,Electronic check,18.8,57.62,Yes
JSCA-B26A8,Female,0,No,No,39,No,No phone service,No,No internet service,No internet service,No internet service,No internet service,No internet service,No internet service,Two year,Yes,Mailed check,18.8,720.55,No
DSBG-18BA2,Female,0,No,No,6,Yes,No,Fiber optic,No,No,No,No,No,No,One year,No,Electronic check,49.71,276.07,Yes
IDIF-BCD30,Female,0,Yes,Yes,72,Yes,No,DSL,Yes,No,No,Yes,No,No,Month-to-month,Yes,Electronic check,38.27,2799.4,No
AVXF-E8254,Male,0,Yes,Yes,68,Yes,No,Fiber optic,Yes,No,No,No,Yes,No,One year,No,Credit card (automatic),60.15,4105.47,No
TEES-44CE8,Male,1,No,Yes,67,Yes,No,No,No internet service,No internet service,No internet service,No internet service,No internet service,No internet service,Month-to-month,No,Electronic check,22.33,1537.36,Yes
VVPV-00E2B,Male,0,Yes,No,58,Yes,No,No,No internet service,No internet service,No internet service,No internet service,No internet service,No internet service,Two year,No,Credit card (automatic),18.8,1197.2,No
KURB-5BECE,Male,0,No,No,72,Yes,Yes,No,No internet service,No internet service,No internet service,No internet service,No internet service,No internet service,Month-to-month,Yes,Mailed check,27.38,1922.77,Yes
YXPI-8C6DB,Female,0,Yes,No,50,Yes,No,DSL,Yes,No,No,No,No,No,Month-to-month,Yes,Bank transfer (automatic),38.18,1869.43,No
FXWP-33D07,Male,0,No,No,28,Yes,No,No,No internet service,No internet service,No internet service,No internet service,No internet service,No internet service,Two year,No,Bank transfer (automatic),18.8,422.97,No
QGWN-1563F,Male,0,Yes,Yes,3,Yes,No,Fiber optic,No,No,Yes,No,Yes,Yes,One year,No,Mailed check,66.35,140.23,Yes
JNNF-95069,Female,0,No,No,14,Yes,No,No,No internet service,No internet service,No internet service,No internet service,No internet service,No internet service,Month-to-month,Yes,Credit card (automatic),23.75,272.91,No
DURI-94A29,Female,0,No,Yes,51,Yes,Yes,Fiber optic,No,No,No,No,Yes,Yes,Two year,No,Bank transfer (automatic),76.68,3874.45,No
BAGE-7231E,Female,0,Yes,No,37,Yes,Yes,No,No internet service,No internet service,No internet service,No internet service,No internet service,No internet service,Two year,No,Credit card (automatic),30.42,1058.96,No
TFDW-AE251,Male,0,Yes,Yes,7,Yes,No,DSL,No,No,Yes,No,Yes,Yes,One year,No,Mailed check,48.26,315.91,No
LEAN-FACCF,Male,0,Yes,No,9,Yes,No,Fiber optic,No,Yes,No,No,No,No,Month-to-month,Yes,Bank transfer (automatic),46.69,493.82,Yes
DGQV-CB451,Male,1,No,No,61,Yes,Yes,DSL,Yes,Yes,No,No,No,No,Month-to-month,No,Credit card (automatic),43.8,2727.08,No
IEYC-5EF67,Female,0,Yes,Yes,10,Yes,No,DSL,Yes,No,Yes,No,No,Yes,One year,Yes,Bank transfer (automatic),44.52,510.11,No
NVTN-55AD1,Female,0,Yes,No,51,Yes,Yes,Fiber optic,No,No,Yes,No,No,No,Month-to-month,Yes,Electronic check,59.01,3068.15,No
TMDC-5314D,Male,1,No,No,16,Yes,Yes,Fiber optic,Yes,No,No,Yes,Yes,No,Month-to-month,Yes,Credit card (automatic),68.28,1125.2,No
SFRL-B305F,Female,0,Yes,No,13,Yes,Yes,Fiber optic,No,Yes,No,No,No,Yes,Month-to-month,Yes,Mailed check,65.71,829.74,No
OBZV-8B29E,Female,0,Yes,No,14,Yes,Yes,DSL,Yes,No,Yes,No,No,No,One year,Yes,Bank transfer (automatic),37.27,602.43,No
LBTS-BA21C,Female,0,Yes,No,23,Yes,Yes,DSL,No,No,No,No,No,No,Month-to-month,Yes,Electronic check,39.88,931.43,No
WCPN-5AED2,Male,0,No,No,69,Yes,No,DSL,No,Yes,No,Yes,No,No,Month-to-month,Yes,Mailed check,33.96,2256.52,No
MYGW-784E8,Female,0,No,No,11,Yes,No,DSL,No,Yes,No,Yes,No,Yes,Month-to-month,Yes,Bank transfer (automatic),51.78,504.62,No
OMCU-53C3A,Female,0,Yes,No,64,Yes,No,Fiber optic,No,Yes,No,Yes,No,Yes,Month-to-month,Yes,Bank transfer (automatic),55.59,3509.17,No
MUBU-3D507,Male,1,No,No,68,Yes,No,Fiber optic,No,No,No,Yes,Yes,Yes,One year,Yes,Mailed check,71.06,4818.97,No
BHSO-BE780,Male,1,Yes,No,60,Yes,Yes,No,No internet service,No internet service,No internet service,No internet service,No internet service,No internet service,One year,No,Electronic check,23.61,1271.37,No
HSBJ-2D8AA,Female,0,Yes,No,4,Yes,No,DSL,No,No,No,No,No,No,Month-to-month,Yes,Credit card (automatic),23.59,128.65,Yes
FBKE-55C52,Female,0,No,Yes,52,Yes,No,DSL,No,No,Yes,No,No,Yes,Two year,Yes,Bank transfer (automatic),43.02,2204.08,No
YBFJ-1E5C2,Male,0,Yes,No,39,Yes,No,Fiber optic,No,No,Yes,No,No,Yes,Month-to-month,Yes,Electronic check,59.62,2341.41,No
NDGK-D4C14,Male,0,No,No,16,Yes,No,No,No internet service,No internet service,No internet service,No internet service,No internet service,No internet service,One year,Yes,Credit card (automatic),28.4,435.48,No
PMNR-1BDC4,Female,0,No,Yes,58,Yes,No,DSL,No,No,Yes,No,Yes,No,Month-to-month,Yes,Bank transfer (automatic),40.91,2383.07,No
JYUY-E6234,Female,0,No,No,5,Yes,No,No,No internet service,No internet service,No internet service,No internet service,No internet service,No internet service,One year,Yes,Credit card (automatic),18.8,28.96,Yes
VHJW-2A8F7,Female,1,Yes,Yes,4,Yes,No,Fiber optic,No,Yes,No,No,Yes,No,Month-to-month,Yes,Credit card (automatic),55.62,244.31,Yes
NWZS-BEFB4,Female,1,Yes,No,53,Yes,Yes,No,No internet service,No internet service,No internet service,No internet service,No internet service,No internet service,Month-to-month,No,Bank transfer (automatic),34.35,1787.86,No
QGNL-F8FCD,Male,0,No,No,7,Yes,No,No,No internet service,No internet service,No internet service,No internet service,No internet service,No internet service,Month-to-month,Yes,Electronic check,23.98,144.61,No
EUGP-74FE9,Female,0,Yes,No,55,Yes,No,DSL,No,Yes,No,No,No,No,One year,No,Bank transfer (automatic),41.19,2363.67,No
AEFZ-609F8,Female,0,No,No,3,Yes,Yes,Fiber optic,Yes,Yes,No,No,No,Yes,Month-to-month,Yes,Electronic check,69.84,182.01,No
LEWC-E3250,Male,0,Yes,No,26,Yes,Yes,No,No internet service,No internet service,No internet service,No internet service,No internet service,No internet service,Month-to-month,No,Mailed check,29.84,834.08,No
AESV-3A565,Female,0,Yes,Yes,42,Yes,No,No,No internet service,No internet service,No internet service,No internet service,No internet service,No internet service,One year,No,Bank transfer (automatic),30.47,1228.27,No
XNNW-A2351,Male,0,Yes,No,62,Yes,Yes,Fiber optic,No,No,No,Yes,No,No,Month-to-month,No,Credit card (automatic),56.0,3420.49,No
RMBK-DEFE9,Female,0,No,No,70,No,No phone service,No,No internet service,No internet service,No internet service,No internet service,No internet service,No internet service,Month-to-month,Yes,Mailed check,23.05,1516.41,No
YYQK-F6219,Female,0,No,No,61,Yes,Yes,Fiber optic,No,No,No,Yes,No,No,Month-to-month,Yes,Mailed check,68.59,4102.85,No
ADGN-788F3,Male,0,Yes,No,10,Yes,No,Fiber optic,No,No,Yes,No,No,No,One year,No,Electronic check,49.57,531.11,No
MPHE-05434,Male,0,No,No,41,Yes,Yes,DSL,No,Yes,Yes,Yes,No,Yes,Two year,Yes,Bank transfer (automatic),53.96,2188.95,No
SVNB-B2096,Female,0,Yes,No,2,Yes,No,Fiber optic,No,Yes,No,No,Yes,No,Two year,Yes,Electronic check,61.63,141.47,No
IZCB-96C06,Female,0,Yes,No,7,No,No phone service,Fiber optic,No,No,No,Yes,No,No,Month-to-month,Yes,Credit card (automatic),56.15,421.69,No
DBMT-2D87E,Female,0,No,No,8,Yes,No,DSL,No,No,Yes,Yes,No,Yes,Month-to-month,Yes,Electronic check,49.2,448.28,Yes
IFUC-DDF79,Male,1,No,Yes,11,Yes,Yes,No,No internet service,No internet service,No internet service,No internet service,No internet service,No internet service,Two year,Yes,Mailed check,20.78,144.47,No
WDHM-AAE72,Female,0,Yes,No,60,Yes,Yes,No,No internet service,No internet service,No internet service,No internet service,No internet service,No internet service,Two year,Yes,Credit card (automatic),25.89,1559.51,No
EULQ-9D32B,Male,0,Yes,No,47,Yes,Yes,DSL,No,Yes,No,No,Yes,No,Month-to-month,No,Electronic check,51.71,2364.17,No
LVDH-FD1D1,Male,0,No,No,25,Yes,No,Fiber optic,No,Yes,No,Yes,No,No,Month-to-month,No,Mailed check,53.41,1325.67,Yes
DXDH-29045,Female,0,No,No,29,Yes,Yes,Fiber optic,No,No,Yes,No,No,No,Month-to-month,Yes,Electronic check,67.75,1952.93,No
QMFM-75855,Male,0,No,No,10,Yes,No,No,No internet service,No internet service,No internet service,No internet service,No internet service,No internet service,Two year,No,Electronic check,23.59,222.84,Yes
UGID-BBA27,Female,0,Yes,No,54,No,No phone service,DSL,No,Yes,No,No,Yes,Yes,Month-to-month,Yes,Bank transfer (automatic),44.94,2547.7,No
HTIK-7CBD6,Female,0,No,No,3,Yes,No,Fiber optic,No,Yes,Yes,No,No,Yes,Month-to-month,No,Credit card (automatic),59.3,190.14,No
VWNR-ED4B7,Female,0,Yes,No,5,Yes,Yes,No,No internet service,No internet service,No internet service,No internet service,No internet service,No internet service,Two year,Yes,Electronic check,35.65,189.64,Yes
DJZY-CF9C2,Female,0,No,No,45,Yes,No,Fiber optic,Yes,No,No,Yes,No,Yes,Month-to-month,Yes,Electronic check,57.82,2604.43,No
HEYP-E66A9,Female,0,Yes,No,5,Yes,No,Fiber optic,No,No,No,No,Yes,Yes,Month-to-month,Yes,Mailed check,67.22,379.02,Yes
JINB-30231,Male,0,Yes,No,62,Yes,Yes,Fiber optic,No,No,No,Yes,No,No,Month-to-month,No,Credit card (automatic),62.22,3849.83,No
BVEO-1F3BA,Male,0,Yes,No,7,Yes,Yes,Fiber optic,No,No,No,Yes,Yes,No,Month-to-month,Yes,Electronic check,74.85,599.1,Yes
TQNU-D6FFB,Female,0,No,Yes,9,Yes,Yes,No,No internet service,No internet service,No internet service,No internet service,No internet service,No internet service,Month-to-month,No,Bank transfer (automatic),32.24,296.83,No
YCOQ-E1C15,Female,0,No,No,0,Yes,No,No,No internet service,No internet service,No internet service,No internet service,No internet service,No internet service,One year,Yes,Bank transfer (automatic),24.6,24.6,No
SHVY-241BE,Male,0,Yes,Yes,54,Yes,No,Fiber optic,Yes,No,Yes,No,Yes,Yes,Two year,No,Mailed check,66.88,3515.14,No
PDEA-7B2D4,Male,1,No,Yes,44,Yes,Yes,DSL,No,No,Yes,Yes,No,No,One year,Yes,Electronic check,50.24,2127.21,No
NROM-5634C,Male,0,No,No,65,Yes,Yes,DSL,No,No,No,No,No,Yes,One year,No,Mailed check,49.54,3148.67,No
WWII-0494B,Male,1,Yes,No,68,No,No phone service,DSL,No,Yes,No,No,No,No,Month-to-month,No,Mailed check,33.83,2308.11,No
BKHM-06CD4,Female,1,No,Yes,10,Yes,Yes,DSL,No,No,No,Yes,No,Yes,One year,Yes,Credit card (automatic),65.63,615.46,No
LRMO-5DAFC,Female,0,No,No,69,Yes,Yes,No,No internet service,No internet service,No internet service,No internet service,No internet service,No internet service,Month-to-month,No,Credit card (automatic),33.65,2251.65,No
JICQ-B50D3,Male,0,Yes,No,68,Yes,Yes,Fiber optic,No,Yes,Yes,Yes,No,No,Month-to-month,Yes,Credit card (automatic),63.44,4309.53,No
PBBX-A017A,Female,0,Yes,No,49,No,No phone service,DSL,No,No,Yes,No,Yes,No,Month-to-month,No,Electronic check,42.21,2063.83,No
LWQP-4AD0B,Male,1,Yes,Yes,55,Yes,No,No,No internet service,No internet service,No internet service,No internet service,No internet service,No internet service,Two year,Yes,Electronic check,18.8,1030.24,No
WLTJ-3D4C5,Female,0,Yes,No,53,Yes,No,No,No internet service,No internet service,No internet service,No internet service,No internet service,No internet service,Two year,Yes,Electronic check,19.97,1064.98,No
KRIV-00140,Male,0,Yes,No,14,Yes,Yes,No,No internet service,No internet service,No internet service,No internet service,No internet service,No internet service,Two year,Yes,Electronic check,38.56,534.93,No
JATD-FDBCC,Female,0,No,No,13,Yes,Yes,No,No internet service,No internet service,No internet service,No internet service,No internet service,No internet service,Month-to-month,Yes,Mailed check,28.94,456.16,No
VOQM-961EB,Male,0,No,No,18,No,No phone service,DSL,No,No,No,No,No,No,Month-to-month,No,Mailed check,34.74,680.55,Yes
SHUN-1FFD7,Male,0,Yes,No,23,Yes,Yes,Fiber optic,No,No,Yes,No,Yes,No,Month-to-month,Yes,Mailed check,71.35,1692.92,No
GATX-1A0C0,Female,0,No,No,2,Yes,Yes,DSL,Yes,Yes,No,No,No,No,Two year,Yes,Credit card (automatic),49.62,57.89,Yes
ZEKS-D5F07,Male,0,No,Yes,6,Yes,Yes,Fiber optic,No,No,Yes,No,No,Yes,Month-to-month,Yes,Bank transfer (automatic),66.07,446.32,No
ZHNL-6C8B8,Female,1,No,No,1,Yes,No,DSL,No,No,No,Yes,Yes,No,One year,Yes,Bank transfer (automatic),52.93,0.0,No
ZMUP-CE344,Female,0,Yes,No,45,Yes,Yes,No,No internet service,No internet service,No internet service,No internet service,No internet service,No internet service,Two year,Yes,Bank transfer (automatic),33.85,1544.88,No
MMAX-D94D4,Male,0,No,No,66,Yes,No,No,No internet service,No internet service,No internet service,No internet service,No internet service,No internet service,Month-to-month,No,Mailed check,19.36,1315.39,No
HZYP-21F4A,Female,0,No,No,39,Yes,Yes,Fiber optic,No,No,Yes,Yes,No,Yes,Month-to-month,No,Mailed check,66.17,2676.26,No
JMZP-66389,Female,0,No,No,30,Yes,Yes,Fiber optic,No,No,No,No,No,Yes,Month-to-month,Yes,Mailed check,73.84,2197.6,Yes
CKQB-FDA08,Female,0,Yes,No,27,Yes,No,No,No internet service,No internet service,No internet service,No internet service,No internet service,No internet service,One year,Yes,Credit card (automatic),18.8,468.89,No
XAUV-13BEC,Female,0,Yes,Yes,48,Yes,Yes,Fiber optic,No,No,Yes,Yes,No,Yes,One year,Yes,Bank transfer (automatic),66.41,3084.32,No
NPNP-C030C,Female,0,No,No,70,Yes,Yes,Fiber optic,No,Yes,No,No,Yes,No,Month-to-month,No,Mailed check,63.92,4416.0,No
SBCG-38752,Male,0,Yes,No,4,Yes,No,DSL,Yes,No,No,No,Yes,No,One year,Yes,Mailed check,38.4,128.7,No
QUQU-EDA05,Female,0,No,No,15,Yes,Yes,No,No internet service,No internet service,No internet service,No internet service,No internet service,No internet service,Month-to-month,Yes,Credit card (automatic),33.28,501.46,No
LSWQ-5CBC9,Female,0,No,No,7,Yes,No,No,No internet service,No internet service,No internet service,No internet service,No internet service,No internet service,Month-to-month,Yes,Mailed check,18.8,70.79,Yes
QJKH-4A620,Female,0,Yes,Yes,34,Yes,No,Fiber optic,Yes,No,Yes,No,No,Yes,Two year,No,Credit card (automatic),58.54,1984.2,No
WLOX-1EBA6,Female,0,No,No,72,Yes,Yes,Fiber optic,Yes,No,Yes,No,Yes,No,Month-to-month,No,Mailed check,69.79,5015.77,No
SFHY-4BE94,Female,0,Yes,No,8,Yes,Yes,Fiber optic,Yes,No,No,No,No,No,One year,Yes,Credit card (automatic),64.88,507.27,No
WVOC-76362,Male,0,Yes,Yes,55,Yes,Yes,DSL,No,No,No,No,No,No,Month-to-month,No,Electronic check,45.71,2521.74,No
SLSL-BB27B,Female,0,No,Yes,8,Yes,No,DSL,Yes,No,No,No,Yes,Yes,Month-to-month,No,Mailed check,46.2,413.42,No
PFVF-FB53E,Male,0,No,No,72,Yes,No,DSL,No,No,No,No,No,No,Month-to-month,Yes,Electronic check,34.56,2510.44,Yes
NUVB-A5E30,Male,1,Yes,No,29,Yes,No,DSL,No,Yes,No,No,No,No,Month-to-month,No,Electronic check,26.97,826.23,No
ROOG-7FCF5,Male,1,No,No,22,Yes,No,DSL,Yes,No,No,No,Yes,No,Month-to-month,Yes,Mailed check,35.87,781.1,No
WJYW-2F9C9,Male,0,Yes,No,35,Yes,No,Fiber optic,No,No,No,No,No,No,Two year,No,Mailed check,45.1,1530.94,No
FZCV-3C633,Female,0,Yes,No,37,Yes,Yes,Fiber optic,Yes,No,Yes,No,No,No,Month-to-month,Yes,Electronic check,59.7,2225.81,No
IXUR-A6E4F,Male,0,Yes,No,65,Yes,Yes,No,No internet service,No internet service,No internet service,No internet service,No internet service,No internet service,Month-to-month,Yes,Mailed check,33.47,2214.07,No
JIMT-BC12D,Male,0,Yes,No,7,Yes,No,Fiber optic,No,No,Yes,No,Yes,Yes,One year,No,Credit card (automatic),69.97,519.52,No
ZDXG-FFA3C,Female,0,No,No,10,Yes,Yes,Fiber optic,No,No,No,No,No,Yes,Two year,No,Mailed check,67.58,658.25,No
CIQB-6C150,Female,0,No,No,2,Yes,No,No,No internet service,No internet service,No internet service,No internet service,No internet service,No internet service,Two year,Yes,Electronic check,21.39,0.0,No
RCHN-33DC1,Female,0,No,Yes,9,Yes,Yes,No,No internet service,No internet service,No internet service,No internet service,No internet service,No internet service,One year,Yes,Electronic check,30.75,260.43,No
WMDX-552E4,Male,0,No,No,24,Yes,Yes,DSL,No,No,No,Yes,No,Yes,Two year,Yes,Credit card (automatic),58.32,1465.44,No
PGXU-85A7F,Female,0,Yes,No,51,No,No phone service,Fiber optic,No,Yes,No,Yes,Yes,Yes,Two year,No,Electronic check,69.35,3547.24,No
RAVF-463FF,Female,0,Yes,No,61,Yes,No,Fiber optic,No,Yes,No,No,No,No,Month-to-month,Yes,Credit card (automatic),51.93,3142.44,Yes
EIJR-9A083,Male,0,No,Yes,59,Yes,No,Fiber optic,No,Yes,No,Yes,Yes,No,Month-to-month,No,Electronic check,62.56,3626.97,No
FUDA-7B82C,Female,0,No,No,71,Yes,No,No,No internet service,No internet service,No internet service,No internet service,No internet service,No internet service,Month-to-month,Yes,Mailed check,21.86,1577.0,No
JSFX-4F6B8,Female,0,No,Yes,32,Yes,No,DSL,Yes,Yes,No,Yes,No,No,Month-to-month,Yes,Bank transfer (automatic),41.27,1297.88,No
BCKF-92932,Female,0,Yes,No,33,Yes,Yes,DSL,Yes,Yes,No,No,No,Yes,Month-to-month,No,Bank transfer (automatic),53.59,1760.32,No
JPKJ-556D9,Female,0,Yes,No,38,Yes,No,DSL,No,No,No,No,Yes,Yes,Month-to-month,No,Bank transfer (automatic),48.44,1765.18,No
KTNY-939C3,Male,0,Yes,No,10,Yes,No,No,No internet service,No internet service,No internet service,No internet service,No internet service,No internet service,One year,Yes,Credit card (automatic),18.8,197.43,Yes
FPWI-8AA26,Female,0,Yes,Yes,9,Yes,No,Fiber optic,Yes,No,Yes,Yes,No,No,Month-to-month,Yes,Electronic check,54.56,495.63,Yes
ZXUA-604D6,Female,0,Yes,No,59,No,No phone service,Fiber optic,Yes,No,No,Yes,No,No,One year,No,Bank transfer (automatic),46.12,2701.58,No
ESTR-CBAE5,Male,0,No,No,11,Yes,Yes,Fiber optic,No,No,No,Yes,Yes,Yes,Month-to-month,No,Credit card (automatic),74.98,817.84,No
LORM-72A17,Female,1,Yes,No,37,Yes,No,DSL,No,No,No,Yes,No,Yes,Month-to-month,No,Electronic check,48.39,1825.91,No
KUMA-83642,Male,0,No,No,7,Yes,Yes,DSL,No,No,No,No,Yes,No,One year,Yes,Electronic check,46.45,352.16,No
YGNV-5E6F7,Female,0,No,No,48,Yes,Yes,No,No internet service,No internet service,No internet service,No internet service,No internet service,No internet service,Month-to-month,No,Bank transfer (automatic),27.93,1335.16,Yes
AWWZ-1D5DF,Male,0,Yes,No,15,No,No phone service,DSL,No,No,No,No,Yes,Yes,Two year,Yes,Electronic check,50.14,838.59,No
FJGH-96AA3,Male,0,No,No,65,Yes,No,No,No internet service,No internet service,No internet service,No internet service,No internet service,No internet service,Month-to-month,Yes,Bank transfer (automatic),18.8,1198.11,No
BTEF-94348,Male,0,Yes,No,27,Yes,Yes,No,No internet service,No internet service,No internet service,No internet service,No internet service,No internet service,Two year,Yes,Electronic check,27.1,657.99,No
VZTX-86D4D,Male,0,No,Yes,3,Yes,Yes,Fiber optic,No,No,No,Yes,No,No,Month-to-month,No,Mailed check,66.88,218.59,Yes
ZKQU-C3F80,Female,0,No,No,68,Yes,No,Fiber optic,No,No,No,No,No,No,Month-to-month,No,Bank transfer (automatic),45.16,3018.23,Yes
DSLC-89157,Male,0,No,No,64,Yes,No,Fiber optic,No,Yes,No,No,No,Yes,Month-to-month,No,Credit card (automatic),54.86,3594.73,Yes
UQCP-E0F19,Female,0,No,No,46,Yes,Yes,DSL,No,No,Yes,No,No,No,Month-to-month,Yes,Mailed check,50.52,2381.99,No
JTVW-DD47B,Male,1,Yes,Yes,48,Yes,No,No,No internet service,No internet service,No internet service,No internet service,No internet service,No internet service,One year,Yes,Mailed check,21.57,970.1,No
EPNZ-01088,Male,0,No,No,40,No,No phone service,Fiber optic,No,No,Yes,No,Yes,No,Month-to-month,Yes,Credit card (automatic),59.78,2383.33,No
PGHK-0C0A7,Male,0,No,No,1,Yes,No,DSL,No,Yes,No,Yes,No,No,Month-to-month,Yes,Electronic check,37.9,0.0,No
ZSMS-127DD,Female,0,No,No,13,Yes,No,DSL,No,No,No,Yes,No,Yes,Month-to-month,No,Mailed check,47.86,576.56,No
JHZO-13DEE,Male,0,No,No,8,No,No phone service,No,No internet service,No internet service,No internet service,No internet service,No internet service,No internet service,Two year,Yes,Electronic check,21.92,160.36,No
AVCV-E53B1,Female,0,No,Yes,49,Yes,No,No,No internet service,No internet service,No internet service,No internet service,No internet service,No internet service,Month-to-month,No,Bank transfer (automatic),25.84,1259.11,No
PILV-F64D6,Female,0,No,Yes,40,No,No phone service,Fiber optic,Yes,No,No,Yes,No,No,Month-to-month,Yes,Mailed check,45.5,1788.87,No
FXZH-22949,Female,1,Yes,No,6,Yes,No,No,No internet service,No internet service,No internet service,No internet service,No internet service,No internet service,Month-to-month,Yes,Bank transfer (automatic),18.8,80.04,No
TAWA-1B9F9,Female,0,Yes,No,45,Yes,Yes,No,No internet service,No internet service,No internet service,No internet service,No internet service,No internet service,Two year,Yes,Electronic check,30.36,1403.11,No
KRTR-5F454,Female,0,No,Yes,0,Yes,No,DSL,No,Yes,No,No,No,No,One year,Yes,Credit card (automatic),40.76,40.76,Yes
HFPS-6E771,Female,0,No,Yes,37,Yes,No,No,No internet service,No internet service,No internet service,No internet service,No internet service,No internet service,One year,No,Credit card (automatic),18.8,673.7,No
XDEY-81790,Female,0,No,No,28,Yes,No,Fiber optic,No,No,Yes,Yes,No,No,Two year,No,Mailed check,55.81,1576.26,Yes
TRAQ-3B638,Female,0,Yes,Yes,41,Yes,No,Fiber optic,No,No,Yes,No,No,No,Month-to-month,Yes,Credit card (automatic),52.37,2122.46,Yes
LIWQ-7390E,Female,0,Yes,No,34,Yes,Yes,DSL,Yes,No,No,No,Yes,No,Month-to-month,No,Electronic check,55.74,1976.39,No
ASIS-50FC0,Male,1,No,No,57,Yes,No,No,No internet service,No internet service,No internet service,No internet service,No internet service,No internet service,Month-to-month,No,Bank transfer (automatic),22.36,1310.92,No
ANYP-0B6A5,Male,0,No,No,38,No,No phone service,DSL,No,Yes,No,No,Yes,No,Month-to-month,Yes,Credit card (automatic),40.22,1541.72,No
AAQQ-51C23,Male,0,No,Yes,2,Yes,No,Fiber optic,No,No,No,No,Yes,No,Month-to-month,No,Mailed check,53.09,153.47,Yes
LSZQ-FAD20,Male,1,Yes,No,6,No,No phone service,DSL,Yes,No,No,No,No,No,Month-to-month,Yes,Bank transfer (automatic),38.36,291.77,Yes
RZTI-715A2,Male,0,Yes,Yes,51,Yes,Yes,Fiber optic,Yes,No,Yes,No,Yes,No,Month-to-month,Yes,Bank transfer (automatic),73.22,3717.7,No
MHMT-E6DBE,Female,0,Yes,No,25,Yes,No,Fiber optic,No,No,No,No,No,No,One year,No,Electronic check,51.89,1352.77,No
TORI-AB918,Female,0,Yes,Yes,11,Yes,Yes,Fiber optic,No,No,No,No,No,No,Month-to-month,Yes,Electronic check,55.74,573.28,Yes
SFUV-8FD7E,Female,0,No,No,9,No,No phone service,Fiber optic,No,No,Yes,No,No,No,One year,Yes,Bank transfer (automatic),48.9,312.72,Yes
YCZA-7FB4A,Female,0,Yes,No,22,Yes,No,DSL,No,No,Yes,Yes,No,Yes,Month-to-month,No,Mailed check,43.55,974.85,No
FGXB-F71C0,Female,0,Yes,No,46,Yes,Yes,Fiber optic,No,Yes,Yes,No,No,Yes,One year,Yes,Credit card (automatic),64.58,2983.34,No
IGUK-A1BB4,Female,1,Yes,No,23,Yes,No,Fiber optic,No,No,Yes,No,No,No,Month-to-month,No,Credit card (automatic),48.45,1218.92,No
WMRE-E3A10,Female,0,Yes,No,32,Yes,Yes,No,No internet service,No internet service,No internet service,No internet service,No internet service,No internet service,Month-to-month,Yes,Credit card (automatic),26.01,803.43,No
DYFW-91774,Male,0,No,No,71,Yes,No,Fiber optic,Yes,Yes,No,Yes,No,No,Two year,No,Electronic check,59.99,4252.04,No
PWWN-EE1AC,Male,0,Yes,No,6,No,No phone service,Fiber optic,Yes,Yes,No,Yes,No,No,Two year,Yes,Mailed check,52.94,398.25,No
APXG-DEAA8,Male,0,Yes,No,11,No,No phone service,No,No internet service,No internet service,No internet service,No internet service,No internet service,No internet service,One year,Yes,Bank transfer (automatic),24.89,372.03,No
KLNM-DC583,Male,0,No,No,18,Yes,Yes,Fiber optic,Yes,Yes,No,Yes,No,No,Two year,No,Electronic check,60.98,1061.45,No
EJBW-25435,Female,0,Yes,Yes,41,Yes,No,DSL,Yes,No,No,No,Yes,No,Month-to-month,No,Credit card (automatic),46.39,1876.0,No
SXEG-75C36,Female,0,No,Yes,18,Yes,No,No,No internet service,No internet service,No internet service,No internet service,No internet service,No internet service,Two year,No,Mailed check,32.75,542.07,Yes
OJQU-87FFF,Female,0,Yes,No,2,Yes,Yes,No,No internet service,No internet service,No internet service,No internet service,No internet service,No internet service,Month-to-month,No,Electronic check,23.14,13.38,No
AVXU-B5B9D,Male,1,No,No,29,Yes,No,DSL,No,No,No,No,No,Yes,One year,Yes,Electronic check,50.42,1410.95,Yes
JTUV-2D3E0,Female,0,Yes,Yes,6,Yes,No,DSL,No,No,No,No,No,No,One year,No,Bank transfer (automatic),33.59,179.48,No
FPOR-60988,Female,0,Yes,Yes,35,Yes,No,No,No internet service,No internet service,No internet service,No internet service,No internet service,No internet service,Two year,Yes,Bank transfer (automatic),24.54,854.47,No
JXUE-020B9,Female,1,No,No,7,Yes,Yes,Fiber optic,No,No,No,No,No,No,One year,No,Bank transfer (automatic),68.98,386.15,Yes
MPVV-699FC,Male,0,Yes,Yes,3,No,No phone service,DSL,Yes,No,Yes,No,No,Yes,Month-to-month,No,Electronic check,43.72,112.14,No
IXKT-FC13C,Female,0,No,Yes,52,Yes,Yes,Fiber optic,No,No,No,No,No,Yes,Month-to-month,No,Bank transfer (automatic),60.18,3071.31,No
DAGM-22598,Male,1,Yes,No,43,Yes,No,Fiber optic,No,No,Yes,No,No,No,One year,Yes,Electronic check,51.48,2216.12,No
UZAR-255B4,Male,0,No,No,2,Yes,Yes,DSL,No,No,Yes,Yes,Yes,No,Two year,No,Credit card (automatic),58.68,193.97,No
XJVY-81B65,Male,0,No,Yes,8,No,No phone service,Fiber optic,Yes,No,Yes,No,Yes,Yes,Month-to-month,Yes,Bank transfer (automatic),67.8,520.78,No
LHHZ-47B39,Male,0,Yes,No,10,Yes,Yes,Fiber optic,No,No,No,No,No,Yes,Two year,No,Bank transfer (automatic),64.27,690.64,No
XVAK-095E2,Female,0,Yes,No,59,Yes,No,Fiber optic,Yes,No,Yes,No,Yes,No,Month-to-month,Yes,Electronic check,62.41,3666.61,Yes
WIXF-45FBD,Male,0,No,No,7,Yes,No,Fiber optic,Yes,No,Yes,No,No,No,Month-to-month,Yes,Electronic check,51.66,340.42,No
OUQR-DF97A,Male,0,No,Yes,38,Yes,No,DSL,No,No,No,Yes,No,Yes,Month-to-month,Yes,Electronic check,46.83,1722.39,No
TZSY-BFCE3,Female,0,Yes,No,5,Yes,No,DSL,Yes,Yes,Yes,No,No,No,Two year,No,Electronic check,24.81,201.79,Yes
ZJUK-7B8B1,Female,0,No,No,34,No,No phone service,Fiber optic,No,No,Yes,Yes,No,Yes,Two year,No,Credit card (automatic),63.75,2185.9,No
VKUH-9927A,Male,0,Yes,No,9,Yes,No,DSL,No,No,Yes,Yes,Yes,Yes,Month-to-month,No,Bank transfer (automatic),61.67,544.38,Yes
VXJQ-2EDF7,Female,0,Yes,No,60,Yes,No,Fiber optic,No,No,Yes,No,Yes,No,One year,No,Credit card (automatic),63.74,3855.82,No
JTSF-8A753,Male,1,No,No,66,Yes,No,No,No internet service,No internet service,No internet service,No internet service,No internet service,No internet service,Month-to-month,No,Electronic check,18.8,1229.35,Yes
KGHE-6A62C,Male,0,No,No,17,Yes,No,No,No internet service,No internet service,No internet service,No internet service,No internet service,No internet service,Month-to-month,Yes,Bank transfer (automatic),20.98,285.61,No
LPNN-7CDE7,Male,1,No,No,32,No,No phone service,Fiber optic,No,Yes,No,No,Yes,Yes,Two year,Yes,Credit card (automatic),63.49,2000.99,No
ICLZ-4DCA9,Male,0,Yes,No,43,Yes,No,Fiber optic,No,No,No,Yes,No,Yes,One year,No,Mailed check,62.85,2756.44,No
TCDF-C6307,Female,0,Yes,No,5,Yes,No,DSL,No,No,No,Yes,No,Yes,Month-to-month,Yes,Electronic check,50.77,264.73,Yes
KEAT-C3746,Male,0,No,No,12,Yes,No,DSL,No,No,No,No,No,Yes,One year,No,Bank transfer (automatic),37.39,472.34,No
CYSX-4D835,Female,0,Yes,No,19,Yes,Yes,DSL,Yes,Yes,No,No,No,Yes,Two year,Yes,Bank transfer (automatic),51.21,1111.59,No
VUSF-AF051,Female,0,Yes,No,64,Yes,No,No,No internet service,No internet service,No internet service,No internet service,No internet service,No internet service,Two year,Yes,Credit card (automatic),19.2,1224.67,No
CZGE-1F7C4,Female,0,Yes,Yes,63,Yes,Yes,Fiber optic,No,No,No,No,Yes,No,Month-to-month,Yes,Credit card (automatic),64.96,4189.35,No
QXRN-33970,Female,0,No,Yes,67,Yes,No,DSL,Yes,No,Yes,No,No,Yes,Month-to-month,Yes,Mailed check,41.75,2854.93,No
FLEO-44183,Male,0,Yes,No,43,Yes,No,Fiber optic,No,Yes,Yes,Yes,Yes,Yes,Month-to-month,Yes,Electronic check,73.18,3182.35,Yes
QYXR-CEA48,Female,0,Yes,No,60,Yes,No,Fiber optic,Yes,No,Yes,No,No,No,Month-to-month,No,Electronic check,48.4,2940.96,Yes
WRJE-26C80,Male,0,No,Yes,4,Yes,No,Fiber optic,No,Yes,No,No,No,Yes,Two year,No,Credit card (automatic),58.89,133.36,No
XKKV-69E89,Female,0,No,No,11,No,No phone service,No,No internet service,No internet service,No internet service,No internet service,No internet service,No internet service,Two year,No,Mailed check,18.8,97.73,No
JXBH-F7264,Female,0,Yes,Yes,9,Yes,No,Fiber optic,No,No,Yes,No,Yes,No,Two year,Yes,Bank transfer (automatic),61.66,487.98,No
NGKX-1C17A,Male,0,No,No,2,Yes,No,Fiber optic,No,No,No,No,No,Yes,One year,Yes,Bank transfer (automatic),56.83,122.93,Yes
YGBT-E9086,Male,0,Yes,Yes,58,Yes,Yes,DSL,Yes,No,No,Yes,Yes,Yes,Month-to-month,Yes,Mailed check,61.75,3640.98,No
LBIZ-0E89E,Male,0,Yes,No,3,No,No phone service,DSL,Yes,No,No,No,No,No,Month-to-month,Yes,Credit card (automatic),41.69,145.05,No
FZHJ-795C0,Female,1,No,No,20,Yes,Yes,Fiber optic,No,No,No,No,No,No,One year,No,Electronic check,64.44,1223.7,Yes
RRNP-BE378,Female,0,Yes,No,4,No,No phone service,DSL,Yes,No,Yes,No,No,No,Two year,Yes,Bank transfer (automatic),41.92,87.23,No
IZNP-36A6C,Male,0,Yes,Yes,15,Yes,Yes,Fiber optic,No,No,No,No,No,No,Two year,Yes,Bank transfer (automatic),64.7,901.45,No
DDII-DD784,Male,0,No,No,10,Yes,Yes,Fiber optic,No,No,Yes,No,No,No,Two year,Yes,Electronic check,63.02,724.9,Yes
NSSZ-951BC,Male,1,No,No,49,Yes,Yes,Fiber optic,No,Yes,Yes,No,No,No,Month-to-month,No,Electronic check,54.04,2570.05,No
OXIB-A11B6,Male,0,No,No,14,Yes,No,DSL,Yes,Yes,No,No,No,No,One year,No,Bank transfer (automatic),42.54,677.38,No
PTJP-89B68,Female,1,Yes,No,71,Yes,No,Fiber optic,Yes,No,Yes,Yes,Yes,Yes,Month-to-month,Yes,Electronic check,70.9,5068.45,No
PDFC-37FEC,Male,0,Yes,No,51,Yes,No,No,No internet service,No internet service,No internet service,No internet service,No internet service,No internet service,Two year,Yes,Electronic check,21.33,1131.7,No
OFJT-EF678,Male,0,Yes,Yes,19,Yes,No,DSL,Yes,No,No,Yes,No,No,Two year,No,Mailed check,38.02,727.04,No
BDBT-3B6C1,Male,1,Yes,Yes,62,Yes,Yes,No,No internet service,No internet service,No internet service,No internet service,No internet service,No internet service,Two year,Yes,Bank transfer (automatic),24.43,1558.65,No
IFLO-2AF01,Male,0,Yes,No,63,Yes,No,No,No internet service,No internet service,No internet service,No internet service,No internet service,No internet service,Two year,Yes,Credit card (automatic),19.06,1176.63,No
YQXS-B285D,Female,0,No,No,2,Yes,Yes,Fiber optic,No,No,No,No,No,No,Month-to-month,No,Mailed check,63.54,90.2,Yes
BAOZ-F964F,Male,0,Yes,No,24,Yes,Yes,Fiber optic,No,No,No,No,No,No,Month-to-month,No,Electronic check,61.34,1461.53,No
EDNK-7E4E3,Female,1,Yes,No,6,Yes,Yes,Fiber optic,No,No,Yes,No,Yes,No,Month-to-month,No,Mailed check,73.62,464.65,Yes
IARW-E2C2A,Male,0,No,No,10,Yes,Yes,Fiber optic,No,Yes,No,No,No,Yes,One year,Yes,Bank transfer (automatic),64.34,513.58,Yes
SDCB-B918C,Male,0,Yes,Yes,35,Yes,Yes,No,No internet service,No internet service,No internet service,No internet service,No internet service,No internet service,Two year,Yes,Electronic check,32.36,1101.48,No
GPHG-65736,Female,0,No,No,68,Yes,No,Fiber optic,Yes,No,No,No,No,No,Month-to-month,Yes,Electronic check,58.97,4020.57,No
QKRD-2D79B,Male,0,Yes,No,16,Yes,Yes,Fiber optic,No,Yes,No,Yes,No,No,Month-to-month,No,Electronic check,75.61,1225.13,No
DZLX-66939,Female,1,No,No,71,Yes,No,DSL,No,No,Yes,No,No,No,Month-to-month,Yes,Mailed check,33.06,2345.32,No
ZQBS-01440,Female,0,No,No,1,No,No phone service,DSL,No,No,Yes,No,Yes,No,One year,Yes,Credit card (automatic),41.16,14.55,No
AULF-6BB42,Male,0,No,Yes,20,Yes,No,No,No internet service,No internet service,No internet service,No internet service,No internet service,No internet service,Two year,Yes,Bank transfer (automatic),21.4,389.82,No
YQZH-165BB,Female,1,Yes,Yes,15,No,No phone service,DSL,Yes,Yes,No,No,Yes,No,Month-to-month,Yes,Bank transfer (automatic),46.05,690.37,No
BPIP-68B43,Female,0,No,No,4,Yes,No,No,No internet service,No internet service,No internet service,No internet service,No internet service,No internet service,One year,No,Credit card (automatic),21.18,32.68,No
SYLZ-2DF42,Female,0,Yes,No,7,Yes,Yes,Fiber optic,Yes,Yes,Yes,No,No,No,Month-to-month,No,Credit card (automatic),64.51,360.63,Yes
RWCQ-D0812,Female,0,Yes,No,10,Yes,No,No,No internet service,No internet service,No internet service,No internet service,No internet service,No internet service,Two year,Yes,Mailed check,18.8,208.28,No
MICU-3D28B,Female,0,Yes,No,18,Yes,Yes,No,No internet service,No internet service,No internet service,No internet service,No internet service,No internet service,Month-to-month,Yes,Bank transfer (automatic),32.79,486.48,Yes
MKTA-DBC66,Female,0,Yes,No,5,Yes,No,No,No internet service,No internet service,No internet service,No internet service,No internet service,No internet service,Two year,Yes,Credit card (automatic),18.8,91.5,No
OQYW-02F69,Female,0,Yes,No,11,Yes,Yes,Fiber optic,No,No,No,No,Yes,No,Month-to-month,Yes,Mailed check,61.4,712.38,No
BCKS-CE338,Female,0,Yes,No,10,No,No phone service,No,No internet service,No internet service,No internet service,No internet service,No internet service,No internet service,One year,Yes,Bank transfer (automatic),19.05,154.63,No
OALX-2D78A,Male,0,Yes,No,67,No,No phone service,Fiber optic,No,No,No,Yes,Yes,No,Two year,No,Credit card (automatic),66.15,4415.39,No
SQCH-D0B81,Male,0,No,No,4,Yes,Yes,DSL,No,No,Yes,No,Yes,No,Two year,Yes,Mailed check,57.67,315.51,No
DZAA-0AE2C,Female,0,Yes,No,24,Yes,No,Fiber optic,Yes,No,No,No,No,Yes,Month-to-month,No,Bank transfer (automatic),52.48,1324.46,No
SFBM-117DF,Male,0,No,No,15,Yes,No,Fiber optic,No,Yes,No,Yes,No,No,Month-to-month,Yes,Mailed check,52.16,873.49,No
QHIP-28CD0,Female,0,No,No,57,Yes,No,DSL,No,Yes,No,Yes,No,No,Two year,No,Bank transfer (automatic),41.01,2320.42,No
HGOE-FE567,Female,1,Yes,No,17,Yes,No,No,No internet service,No internet service,No internet service,No internet service,No internet service,No internet service,Month-to-month,Yes,Mailed check,20.29,432.02,No
BXUI-86341,Male,0,No,Yes,61,Yes,Yes,DSL,No,Yes,No,No,Yes,Yes,Month-to-month,No,Electronic check,64.89,3956.39,Yes
VRYA-A89F6,Female,0,No,No,55,Yes,No,Fiber optic,Yes,No,No,No,No,No,Month-to-month,No,Credit card (automatic),47.77,2662.18,No
DAME-22417,Female,0,Yes,No,3,Yes,No,Fiber optic,No,No,No,No,Yes,No,Month-to-month,No,Bank transfer (automatic),55.97,196.41,Yes
RHDO-1B663,Female,0,Yes,No,32,Yes,No,DSL,No,Yes,No,No,Yes,No,Month-to-month,Yes,Credit card (automatic),46.49,1596.62,Yes
HDOD-A498A,Female,0,No,Yes,56,No,No phone service,DSL,No,No,Yes,No,No,No,Month-to-month,No,Bank transfer (automatic),37.47,2136.21,No
TOWG-C5A7E,Male,0,No,No,36,Yes,No,Fiber optic,No,Yes,Yes,No,Yes,No,One year,No,Credit card (automatic),64.08,2283.72,No
HNEQ-06057,Female,0,No,No,5,Yes,No,DSL,Yes,Yes,No,No,Yes,Yes,Month-to-month,No,Credit card (automatic),44.53,254.04,Yes
IKDS-C700A,Female,1,Yes,No,42,Yes,No,No,No internet service,No internet service,No internet service,No internet service,No internet service,No internet service,Two year,Yes,Electronic check,18.8,900.92,No
YWKM-21C67,Female,0,No,No,2,Yes,No,Fiber optic,No,No,No,Yes,Yes,No,One year,No,Credit card (automatic),59.43,159.46,No
IIZV-B6B58,Male,0,Yes,No,9,Yes,No,DSL,No,No,No,No,Yes,Yes,One year,Yes,Electronic check,49.44,422.59,No
DSBS-91837,Female,0,Yes,No,13,Yes,Yes,DSL,No,Yes,No,Yes,No,No,Two year,No,Credit card (automatic),48.8,633.18,No
ASNJ-EA928,Male,0,Yes,Yes,48,Yes,No,Fiber optic,No,Yes,Yes,No,No,No,Month-to-month,Yes,Bank transfer (automatic),51.08,2402.9,No
SYPE-A15EC,Male,0,Yes,No,0,Yes,Yes,No,No internet service,No internet service,No internet service,No internet service,No internet service,No internet service,Month-to-month,Yes,Mailed check,24.51,24.51,No
XJRS-3FF1C,Female,0,No,No,67,Yes,No,No,No internet service,No internet service,No internet service,No internet service,No internet service,No internet service,Month-to-month,Yes,Credit card (automatic),24.26,1663.49,No
LROF-18DD4,Female,0,No,Yes,26,Yes,No,DSL,No,No,No,No,No,No,Two year,Yes,Mailed check,38.26,1050.58,No
WJOI-88B78,Male,0,No,No,56,Yes,No,DSL,No,No,Yes,No,Yes,Yes,Month-to-month,Yes,Bank transfer (automatic),48.97,2806.06,No
QKNC-D2DCF,Female,0,Yes,No,62,Yes,No,DSL,No,No,Yes,No,No,No,Month-to-month,Yes,Electronic check,26.8,1666.38,No
AFBK-ECBD0,Male,0,No,No,15,Yes,No,Fiber optic,Yes,Yes,No,No,Yes,No,Month-to-month,Yes,Electronic check,66.68,917.55,No
UIRT-A697A,Male,0,No,No,17,Yes,Yes,Fiber optic,Yes,No,Yes,No,No,No,Two year,Yes,Bank transfer (automatic),59.39,972.3,Yes
LKFK-BD128,Female,0,Yes,No,2,Yes,Yes,DSL,Yes,Yes,No,No,No,No,One year,No,Mailed check,45.83,38.39,No
SEIB-02BD7,Female,0,No,No,16,Yes,No,DSL,No,No,No,Yes,Yes,No,Month-to-month,No,Electronic check,51.8,815.29,No
EXHE-25B67,Male,0,No,Yes,13,Yes,Yes,No,No internet service,No internet service,No internet service,No internet service,No internet service,No internet service,Month-to-month,Yes,Electronic check,30.39,385.09,No
IYRR-78EAD,Male,0,No,No,61,Yes,No,No,No internet service,No internet service,No internet service,No internet service,No internet service,No internet service,Two year,Yes,Credit card (automatic),18.8,1255.87,No
BWYR-F949A,Male,1,Yes,No,5,Yes,Yes,DSL,Yes,Yes,No,Yes,No,Yes,Two year,No,Mailed check,57.06,289.96,No
DFHO-2C1FA,Male,0,No,No,7,Yes,No,DSL,No,No,No,No,No,Yes,One year,Yes,Credit card (automatic),43.05,315.92,Yes
IJSC-B83EA,Female,0,No,No,25,Yes,Yes,No,No internet service,No internet service,No internet service,No internet service,No internet service,No internet service,Month-to-month,No,Electronic check,30.99,838.8,Yes
ERKT-7FE06,Female,0,Yes,Yes,0,Yes,Yes,Fiber optic,No,No,Yes,No,No,No,Month-to-month,Yes,Mailed check,51.32,51.32,No
FLDN-297FE,Female,0,No,No,71,Yes,Yes,No,No internet service,No internet service,No internet service,No internet service,No internet service,No internet service,One year,Yes,Mailed check,25.43,1730.89,No
PLSR-26F50,Female,0,Yes,No,27,Yes,Yes,Fiber optic,No,No,Yes,No,No,No,Month-to-month,Yes,Electronic check,55.47,1468.19,Yes
VYRQ-55ED7,Female,1,No,Yes,41,Yes,Yes,Fiber optic,No,No,Yes,No,Yes,Yes,Month-to-month,No,Electronic check,73.61,2947.68,Yes
IEAM-8AC52,Male,0,No,No,54,Yes,No,DSL,No,Yes,No,No,No,Yes,Month-to-month,Yes,Mailed check,40.53,2258.88,Yes
VTNB-79D87,Female,1,No,Yes,51,Yes,Yes,No,No internet service,No internet service,No internet service,No internet service,No internet service,No internet service,Two year,No,Mailed check,36.75,1924.3,No
JKAC-C5D6F,Female,1,No,No,4,Yes,Yes,No,No internet service,No internet service,No internet service,No internet service,No internet service,No internet service,One year,Yes,Bank transfer (automatic),39.23,67.69,Yes
EEPU-283B8,Female,0,Yes,Yes,34,Yes,No,DSL,No,Yes,No,No,Yes,No,One year,No,Mailed check,46.58,1542.45,No
RGHQ-5B241,Female,0,Yes,Yes,55,Yes,Yes,Fiber optic,No,Yes,Yes,No,Yes,No,Two year,Yes,Electronic check,58.36,3152.21,No
CGMD-1E8BB,Female,0,No,Yes,55,Yes,No,Fiber optic,No,No,Yes,No,No,No,Month-to-month,Yes,Mailed check,51.17,2866.42,Yes
CQWL-DF819,Male,0,Yes,No,66,Yes,No,Fiber optic,No,Yes,No,No,No,No,Month-to-month,Yes,Credit card (automatic),50.89,3334.79,No
WPUN-6F272,Male,1,Yes,No,22,Yes,No,No,No internet service,No internet service,No internet service,No internet service,No internet service,No internet service,Month-to-month,No,Electronic check,27.58,604.24,No
RXZG-BDD82,Male,0,Yes,Yes,59,Yes,No,Fiber optic,Yes,No,No,Yes,No,Yes,One year,Yes,Credit card (automatic),60.91,3558.96,Yes
MUQK-3A67F,Female,1,Yes,No,9,Yes,Yes,No,No internet service,No internet service,No internet service,No internet service,No internet service,No internet service,Two year,Yes,Bank transfer (automatic),27.09,264.27,No
AGXX-4F304,Male,0,No,Yes,58,Yes,No,No,No internet service,No internet service,No internet service,No internet service,No internet service,No internet service,One year,No,Bank transfer (automatic),19.39,1142.24,No
NAEU-99F3E,Male,1,No,Yes,5,Yes,No,Fiber optic,No,Yes,No,No,No,Yes,One year,Yes,Mailed check,50.68,172.29,No
JYUF-38834,Female,1,Yes,No,53,Yes,No,No,No internet service,No internet service,No internet service,No internet service,No internet service,No internet service,Month-to-month,Yes,Mailed check,21.15,1183.4,No
XTES-270A2,Female,0,Yes,Yes,53,Yes,Yes,DSL,No,No,No,No,No,Yes,One year,Yes,Bank transfer (automatic),49.34,2551.33,No
GEEC-8D4C8,Female,0,Yes,No,2,Yes,Yes,DSL,No,No,No,Yes,No,No,One year,Yes,Bank transfer (automatic),51.97,145.21,No
GBUA-60CF5,Male,0,Yes,No,36,Yes,No,DSL,No,Yes,No,No,No,No,One year,Yes,Bank transfer (automatic),39.09,1387.32,No
IONJ-5349B,Male,0,Yes,Yes,29,No,No phone service,Fiber optic,No,Yes,No,No,No,No,Month-to-month,No,Bank transfer (automatic),48.99,1394.46,Yes
TNTP-5584C,Female,1,Yes,No,42,Yes,Yes,DSL,Yes,No,No,No,Yes,No,One year,Yes,Electronic check,44.42,1906.51,No
EBMB-36038,Female,0,No,No,62,Yes,Yes,No,No internet service,No internet service,No internet service,No internet service,No internet service,No internet service,Month-to-month,Yes,Mailed check,25.66,1618.06,No
JXCS-9AA0C,Male,0,No,No,72,Yes,No,No,No internet service,No internet service,No internet service,No internet service,No internet service,No internet service,Month-to-month,Yes,Mailed check,18.8,1390.71,No
IQHK-BEEB8,Male,0,Yes,Yes,1,Yes,No,Fiber optic,No,Yes,Yes,No,Yes,Yes,Month-to-month,Yes,Credit card (automatic),68.63,45.62,No
NZFY-A99CA,Female,1,No,No,5,Yes,No,Fiber optic,Yes,Yes,No,Yes,No,No,Two year,Yes,Bank transfer (automatic),62.94,248.26,Yes
CUSX-EF0AE,Female,0,No,No,15,Yes,No,Fiber optic,No,Yes,No,No,No,Yes,Two year,Yes,Mailed check,61.06,981.47,No
ZOXW-0EA92,Male,0,Yes,Yes,10,Yes,Yes,Fiber optic,Yes,No,No,No,No,No,One year,Yes,Credit card (automatic),56.05,588.38,No
XHKH-F710F,Female,0,Yes,No,52,Yes,No,Fiber optic,No,No,No,No,No,No,Two year,No,Bank transfer (automatic),42.53,2266.56,No
GUAX-A3E4F,Male,0,No,Yes,10,Yes,Yes,DSL,No,No,No,No,No,No,Month-to-month,No,Credit card (automatic),43.7,499.99,No
PLBG-0D111,Male,0,Yes,No,27,Yes,No,No,No internet service,No internet service,No internet service,No internet service,No internet service,No internet service,Two year,Yes,Credit card (automatic),18.8,499.14,No
ZZSB-8F1C0,Male,0,No,No,14,Yes,No,DSL,No,No,Yes,No,Yes,No,Month-to-month,No,Bank transfer (automatic),42.32,698.11,No
UOXK-CD5A7,Male,0,No,Yes,70,Yes,Yes,Fiber optic,Yes,Yes,No,No,Yes,Yes,Two year,Yes,Mailed check,81.13,5676.38,No
LUFD-7D25A,Female,0,Yes,Yes,10,Yes,No,Fiber optic,Yes,No,No,No,Yes,No,Month-to-month,Yes,Mailed check,51.38,486.84,Yes
MPNV-E7647,Female,0,No,No,17,Yes,No,No,No internet service,No internet service,No internet service,No internet service,No internet service,No internet service,Month-to-month,No,Electronic check,21.74,386.11,No
VNRK-BB8EE,Male,0,No,No,60,Yes,No,DSL,No,No,No,No,Yes,Yes,Two year,Yes,Bank transfer (automatic),59.41,3445.24,No
EFYK-4C921,Male,0,Yes,No,58,Yes,Yes,Fiber optic,No,No,No,No,No,No,Month-to-month,Yes,Mailed check,54.78,3136.24,No
VTJW-2D1AD,Male,0,Yes,No,8,Yes,Yes,Fiber optic,No,No,No,No,Yes,No,Two year,Yes,Electronic check,68.41,504.42,Yes
QUIH-4143C,Male,1,No,Yes,65,Yes,Yes,Fiber optic,No,No,No,Yes,No,No,Month-to-month,Yes,Electronic check,66.4,4315.73,No
FETN-3B3C0,Male,0,No,No,69,Yes,Yes,DSL,No,No,No,No,No,No,Month-to-month,No,Credit card (automatic),44.19,3125.87,No
PPJR-6A39C,Female,1,No,Yes,21,Yes,No,Fiber optic,Yes,No,No,No,Yes,Yes,Month-to-month,Yes,Electronic check,73.71,1608.57,Yes
ZJMM-DFAD1,Female,0,No,No,67,Yes,No,DSL,No,No,No,No,No,Yes,Two year,Yes,Mailed check,40.84,2813.19,No
TVSP-EAD2A,Female,0,Yes,No,69,Yes,No,Fiber optic,No,Yes,No,No,No,Yes,Month-to-month,Yes,Mailed check,63.99,4445.67,Yes
LWWV-370F4,Female,0,Yes,Yes,25,Yes,Yes,Fiber optic,No,No,No,No,Yes,No,Month-to-month,No,Mailed check,73.42,1856.91,Yes
QMXV-CA1E1,Male,0,Yes,Yes,4,Yes,Yes,No,No internet service,No internet service,No internet service,No internet service,No internet service,No internet service,Month-to-month,Yes,Mailed check,23.96,92.22,No
LJKZ-393EB,Male,0,Yes,Yes,42,Yes,No,DSL,No,Yes,No,No,No,No,Month-to-month,Yes,Electronic check,37.11,1597.42,Yes
KCDG-6E195,Male,0,No,Yes,64,Yes,No,Fiber optic,No,No,No,No,No,No,Month-to-month,Yes,Electronic check,52.86,3398.37,Yes
BQSY-85D3A,Male,0,No,No,11,No,No phone service,DSL,Yes,No,No,No,Yes,No,Month-to-month,No,Electronic check,48.96,495.05,Yes
YAYF-742B7,Male,0,No,No,32,Yes,No,DSL,Yes,Yes,No,No,Yes,No,Month-to-month,Yes,Credit card (automatic),38.93,1232.2,Yes
NMTZ-82571,Female,0,No,No,66,Yes,Yes,Fiber optic,No,No,No,No,No,No,Two year,Yes,Bank transfer (automatic),60.32,3956.73,No
FFZK-E88FB,Male,0,Yes,No,51,Yes,No,DSL,No,Yes,No,No,No,No,One year,No,Credit card (automatic),37.56,1865.37,No
GHRA-21B70,Female,0,Yes,No,41,Yes,Yes,DSL,No,Yes,No,No,No,No,Month-to-month,No,Bank transfer (automatic),41.84,1724.55,Yes
TRSE-D2983,Female,0,Yes,No,61,Yes,No,Fiber optic,Yes,No,Yes,Yes,No,No,Month-to-month,Yes,Mailed check,59.92,3710.06,No
JBMR-48F34,Female,0,No,Yes,23,Yes,No,Fiber optic,No,Yes,No,No,Yes,No,Month-to-month,Yes,Mailed check,47.69,1157.81,No
DOFW-4A352,Female,0,Yes,Yes,7,Yes,No,DSL,Yes,No,No,Yes,No,Yes,Month-to-month,Yes,Mailed check,46.23,334.83,No
OACN-8566C,Male,0,No,No,9,Yes,Yes,Fiber optic,No,No,No,No,No,No,Month-to-month,Yes,Mailed check,53.94,479.8,No
LWFF-61A65,Female,1,No,No,4,Yes,No,DSL,Yes,No,No,Yes,No,Yes,Two year,No,Electronic check,43.29,141.26,No
NCJZ-A987E,Female,1,Yes,Yes,33,Yes,Yes,No,No internet service,No internet service,No internet service,No internet service,No internet service,No internet service,Two year,Yes,Mailed check,32.47,1032.62,No
YKYC-54B97,Female,0,Yes,Yes,10,Yes,No,Fiber optic,No,No,No,No,No,Yes,One year,No,Mailed check,67.57,687.86,No
GNGM-5EB2F,Male,0,No,No,68,Yes,No,DSL,No,No,No,No,No,No,Two year,Yes,Bank transfer (automatic),36.53,2477.54,Yes
RJNF-06C56,Male,0,Yes,No,25,Yes,Yes,DSL,Yes,Yes,No,Yes,No,Yes,Month-to-month,Yes,Bank transfer (automatic),52.89,1312.21,No
ZZMB-ABEFA,Male,0,No,No,29,Yes,No,DSL,Yes,Yes,Yes,No,Yes,No,Month-to-month,Yes,Credit card (automatic),36.25,1109.61,No
CGSP-66B62,Female,0,No,Yes,20,Yes,No,DSL,Yes,Yes,No,No,No,No,One year,No,Mailed check,34.25,699.64,No
ZJHB-7F232,Female,0,Yes,No,5,No,No phone service,Fiber optic,No,Yes,No,No,No,No,Month-to-month,Yes,Bank transfer (automatic),50.88,337.42,No
CPHT-6A156,Male,0,Yes,No,31,Yes,Yes,No,No internet service,No internet service,No internet service,No internet service,No internet service,No internet service,One year,Yes,Mailed check,26.76,880.84,No
BKMK-8CC0A,Female,0,Yes,Yes,15,Yes,No,No,No internet service,No internet service,No internet service,No internet service,No internet service,No internet service,Two year,Yes,Mailed check,22.74,297.0,No
XWIU-C5DAC,Male,0,No,No,47,Yes,No,Fiber optic,No,No,No,No,No,No,One year,Yes,Electronic check,58.25,2653.68,No
TUYW-68AD6,Male,0,Yes,Yes,8,Yes,Yes,Fiber optic,Yes,Yes,No,No,No,Yes,Month-to-month,No,Electronic check,65.56,557.42,Yes
ITYX-2EC20,Female,0,No,No,62,Yes,Yes,DSL,Yes,Yes,Yes,No,No,Yes,Two year,Yes,Electronic check,49.56,3106.29,No
FYTO-A6E25,Female,0,No,No,46,Yes,Yes,Fiber optic,No,No,No,No,No,No,One year,Yes,Electronic check,58.98,2701.35,No
FWOR-E3F2C,Female,0,No,No,26,Yes,Yes,DSL,No,No,No,No,Yes,Yes,Two year,Yes,Electronic check,54.87,1462.45,No
SVEY-C18D7,Female,0,Yes,No,21,Yes,Yes,DSL,No,Yes,Yes,Yes,No,No,One year,No,Mailed check,46.71,872.64,No
JHNZ-9BCC6,Male,0,No,Yes,52,Yes,No,Fiber optic,No,No,No,Yes,Yes,Yes,Two year,No,Electronic check,72.63,3654.96,No
TIPH-FB978,Male,0,No,No,33,Yes,Yes,No,No internet service,No internet service,No internet service,No internet service,No internet service,No internet service,Month-to-month,No,Credit card (automatic),24.63,741.32,No
UHVH-2BB5A,Male,0,No,No,10,Yes,Yes,DSL,Yes,No,No,No,Yes,No,Month-to-month,No,Electronic check,57.07,648.84,No
SUYW-7319A,Male,1,No,No,66,Yes,No,DSL,No,Yes,No,No,No,No,Month-to-month,Yes,Electronic check,39.06,2605.92,Yes
RASU-B807A,Male,0,No,Yes,34,Yes,Yes,DSL,Yes,Yes,No,No,No,No,Two year,No,Mailed check,40.59,1384.28,No
OONO-59476,Female,1,No,No,53,No,No phone service,DSL,No,No,No,No,No,No,Month-to-month,Yes,Electronic check,39.63,2128.99,No
SXQD-A503F,Male,0,Yes,No,19,No,No phone service,No,No internet service,No internet service,No internet service,No internet service,No internet service,No internet service,Two year,Yes,Credit card (automatic),18.8,278.2,Yes
LFDQ-C515A,Male,0,No,No,19,Yes,No,DSL,Yes,No,No,No,Yes,No,Month-to-month,Yes,Bank transfer (automatic),52.86,1001.04,No
CGAM-231B7,Male,0,Yes,No,68,Yes,No,Fiber optic,No,No,No,Yes,No,Yes,Two year,Yes,Electronic check,64.1,4354.1,No
YKFF-F95A8,Female,0,No,No,64,Yes,Yes,DSL,No,No,No,No,No,Yes,Two year,No,Mailed check,46.09,2983.55,No
CSDF-B7319,Female,0,No,No,70,Yes,No,Fiber optic,No,No,Yes,No,No,Yes,Month-to-month,Yes,Mailed check,53.33,3811.02,No
SFKI-EC48E,Female,0,Yes,Yes,2,Yes,No,Fiber optic,Yes,No,Yes,No,Yes,No,One year,No,Credit card (automatic),54.92,115.28,Yes
IDHP-F4026,Female,0,No,No,61,Yes,Yes,Fiber optic,No,Yes,No,Yes,Yes,No,Month-to-month,No,Bank transfer (automatic),71.09,4312.83,No
CARV-389AF,Male,1,No,No,12,Yes,No,Fiber optic,No,No,Yes,No,No,No,Month-to-month,Yes,Mailed check,51.32,560.15,No
XIZA-F2111,Male,0,Yes,No,8,Yes,No,No,No internet service,No internet service,No internet service,No internet service,No internet service,No internet service,Month-to-month,Yes,Mailed check,18.8,148.2,No
MQTA-422BA,Female,0,No,No,6,Yes,No,DSL,No,No,No,Yes,Yes,No,Month-to-month,No,Mailed check,51.61,390.05,No
FHYO-3E34B,Female,0,Yes,No,42,Yes,Yes,Fiber optic,Yes,No,No,No,No,Yes,Month-to-month,No,Bank transfer (automatic),68.34,2888.25,No
NBUF-B5CEC,Male,0,No,No,9,Yes,Yes,Fiber optic,No,No,No,Yes,Yes,No,Month-to-month,No,Electronic check,78.96,693.51,Yes
XOBN-7B3B7,Male,0,No,No,51,Yes,No,No,No internet service,No internet service,No internet service,No internet service,No internet service,No internet service,Month-to-month,No,Mailed check,18.8,905.32,No
RKJF-D1362,Female,0,No,Yes,55,Yes,Yes,No,No internet service,No internet service,No internet service,No internet service,No internet service,No internet service,Month-to-month,Yes,Electronic check,35.11,2037.0,No
XIGG-3A73D,Female,1,No,No,59,Yes,No,DSL,Yes,No,No,No,Yes,Yes,Month-to-month,Yes,Electronic check,55.35,3237.21,No
RKNR-2C408,Female,0,No,No,10,Yes,No,No,No internet service,No internet service,No internet service,No internet service,No internet service,No internet service,One year,No,Electronic check,18.8,214.72,No
WTIK-93D43,Female,0,Yes,No,9,Yes,No,Fiber optic,No,No,No,Yes,No,Yes,Month-to-month,Yes,Mailed check,77.17,797.22,No
CSAU-F11E1,Male,0,Yes,No,40,Yes,No,No,No internet service,No internet service,No internet service,No internet service,No internet service,No internet service,Month-to-month,No,Electronic check,24.46,978.93,No
KWDR-66EA5,Male,1,No,No,6,Yes,No,Fiber optic,No,No,No,No,Yes,No,Month-to-month,No,Mailed check,54.61,298.35,Yes
YPCK-3AD0C,Male,0,No,No,68,Yes,No,DSL,No,Yes,No,No,No,No,Two year,Yes,Bank transfer (automatic),32.37,2184.7,No
XZRI-2F65B,Female,0,No,No,3,Yes,No,Fiber optic,No,Yes,No,Yes,No,No,Two year,Yes,Credit card (automatic),47.51,226.15,No
SVWW-223A9,Female,0,No,No,10,Yes,Yes,Fiber optic,No,No,Yes,No,No,No,Month-to-month,Yes,Bank transfer (automatic),54.55,442.35,No
WVVC-BDF5C,Male,0,No,No,39,Yes,No,DSL,No,No,No,Yes,Yes,No,Two year,Yes,Bank transfer (automatic),49.74,2002.92,No
KEIG-E2299,Male,0,Yes,No,25,Yes,Yes,Fiber optic,No,No,No,No,No,No,Month-to-month,Yes,Credit card (automatic),57.87,1429.62,No
ODMY-1C23E,Male,0,No,Yes,1,Yes,Yes,Fiber optic,Yes,No,No,No,Yes,Yes,Month-to-month,Yes,Mailed check,71.16,152.09,Yes
HNJP-67D89,Male,1,Yes,No,71,No,No phone service,No,No internet service,No internet service,No internet service,No internet service,No internet service,No internet service,Month-to-month,No,Mailed check,25.05,1758.99,No
ULVS-E7821,Female,1,Yes,No,52,Yes,No,Fiber optic,No,Yes,No,Yes,No,Yes,Two year,Yes,Electronic check,53.7,2759.2,No
CQIH-96288,Male,0,No,Yes,15,No,No phone service,Fiber optic,Yes,Yes,Yes,No,No,No,Month-to-month,No,Mailed check,49.88,723.88,Yes
DHGS-3047C,Male,0,No,Yes,9,Yes,No,No,No internet service,No internet service,No internet service,No internet service,No internet service,No internet service,Month-to-month,Yes,Mailed check,19.0,174.59,Yes
BWII-047AC,Male,1,Yes,Yes,3,Yes,No,Fiber optic,No,No,No,No,No,No,Month-to-month,No,Credit card (automatic),45.92,63.28,Yes
NCKT-A988F,Male,1,No,No,64,Yes,No,Fiber optic,Yes,No,No,No,No,No,One year,Yes,Electronic check,54.2,3516.35,No
PPIM-BDCAC,Male,0,No,No,48,Yes,No,DSL,No,No,No,No,Yes,No,Two year,Yes,Bank transfer (automatic),41.59,2010.28,No
AHGR-C237F,Male,0,No,Yes,40,Yes,No,Fiber optic,Yes,Yes,No,No,No,Yes,Two year,Yes,Bank transfer (automatic),63.86,2486.2,No
AWFG-ABD00,Male,0,No,No,63,Yes,No,DSL,No,No,No,No,No,Yes,Month-to-month,No,Bank transfer (automatic),46.31,2787.05,Yes
MOGQ-4E2A8,Female,0,Yes,Yes,48,Yes,Yes,No,No internet service,No internet service,No internet service,No internet service,No internet service,No internet service,One year,Yes,Bank transfer (automatic),24.06,1141.14,No
CPDO-A134E,Female,0,No,Yes,0,Yes,No,No,No internet service,No internet service,No internet service,No internet service,No internet service,No internet service,Month-to-month,No,Credit card (automatic),24.62,24.62,No
FXNY-D48B1,Female,0,No,No,5,Yes,No,DSL,No,No,No,Yes,No,No,Month-to-month,Yes,Bank transfer (automatic),42.82,145.75,Yes
RLAW-4D385,Female,0,No,No,8,Yes,No,DSL,No,No,Yes,No,No,Yes,One year,No,Credit card (automatic),47.87,336.96,No
XYUV-C4E85,Male,1,No,No,2,Yes,No,Fiber optic,Yes,No,Yes,No,No,Yes,Month-to-month,Yes,Bank transfer (automatic),57.44,164.52,Yes
ESHQ-1AA8A,Female,0,Yes,No,5,Yes,No,DSL,No,No,Yes,No,Yes,Yes,Month-to-month,Yes,Credit card (automatic),46.34,154.13,No
ZVLW-F25B8,Female,0,Yes,No,19,Yes,No,Fiber optic,Yes,No,No,No,No,No,Two year,No,Bank transfer (automatic),49.55,967.5,No
DMJT-82042,Male,0,No,No,70,Yes,No,Fiber optic,No,Yes,Yes,No,No,No,One year,Yes,Mailed check,48.54,3389.5,No
WHQD-7EA4B,Male,0,No,No,32,Yes,No,No,No internet service,No internet service,No internet service,No internet service,No internet service,No internet service,Month-to-month,Yes,Electronic check,21.86,678.44,Yes
NGZY-9068E,Female,0,No,Yes,10,Yes,No,No,No internet service,No internet service,No internet service,No internet service,No internet service,No internet service,One year,Yes,Credit card (automatic),31.64,336.07,Yes
TFNE-78866,Female,0,Yes,No,1,No,No phone service,Fiber optic,No,No,No,No,No,No,Month-to-month,Yes,Electronic check,42.84,14.16,Yes
UNBT-9BB2F,Male,0,Yes,No,5,Yes,No,Fiber optic,No,No,Yes,Yes,Yes,No,Month-to-month,No,Credit card (automatic),62.39,305.44,Yes
ZDFG-FE4A3,Female,1,Yes,No,28,Yes,Yes,Fiber optic,No,No,No,Yes,Yes,No,Month-to-month,No,Bank transfer (automatic),71.91,2026.7,No
AFCW-C2939,Male,0,No,No,9,Yes,No,No,No internet service,No internet service,No internet service,No internet service,No internet service,No internet service,One year,Yes,Bank transfer (automatic),18.8,168.79,No
XWVG-3229A,Male,0,Yes,No,68,Yes,No,DSL,Yes,Yes,No,No,Yes,Yes,Month-to-month,No,Mailed check,59.15,4022.42,No
WCGS-A6272,Male,0,No,Yes,46,No,No phone service,Fiber optic,No,Yes,Yes,Yes,No,No,Month-to-month,No,Electronic check,52.39,2461.62,No
NXFD-B0FC6,Male,0,Yes,No,72,Yes,Yes,DSL,Yes,Yes,No,No,No,Yes,Two year,Yes,Bank transfer (automatic),51.28,3611.3,No
JKKV-C328A,Female,0,No,No,5,No,No phone service,DSL,Yes,Yes,No,Yes,Yes,No,Month-to-month,No,Mailed check,43.91,202.87,Yes
SIMC-7A457,Male,1,Yes,Yes,15,Yes,No,Fiber optic,Yes,No,No,Yes,No,Yes,One year,No,Mailed check,58.15,907.67,No
WPXB-D0563,Male,0,Yes,No,70,Yes,No,DSL,Yes,No,Yes,No,No,No,Month-to-month,No,Bank transfer (automatic),25.8,1919.77,No
ZXOL-CB7D3,Female,0,No,No,6,Yes,No,Fiber optic,No,No,No,No,No,Yes,Two year,Yes,Electronic check,59.82,364.77,No
HADF-9D974,Male,1,No,Yes,72,Yes,No,DSL,No,No,Yes,No,No,No,Month-to-month,No,Bank transfer (automatic),30.87,2215.44,Yes
CPDU-65030,Female,0,Yes,No,43,Yes,No,Fiber optic,No,No,Yes,Yes,No,No,One year,Yes,Credit card (automatic),58.94,2472.51,No
SMUO-FC21E,Female,0,No,No,62,Yes,Yes,DSL,No,No,Yes,Yes,No,Yes,Month-to-month,Yes,Electronic check,46.94,2865.44,No
GTQS-45804,Female,0,Yes,No,48,Yes,Yes,No,No internet service,No internet service,No internet service,No internet service,No internet service,No internet service,Two year,Yes,Mailed check,31.33,1519.33,No
NFHZ-4EEA2,Male,0,Yes,No,5,Yes,Yes,Fiber optic,No,No,No,No,No,Yes,One year,Yes,Mailed check,65.19,378.11,No
FYAN-9DE48,Female,0,Yes,Yes,5,Yes,Yes,DSL,No,Yes,No,No,No,No,Month-to-month,Yes,Electronic check,40.64,219.91,No
QZOD-E8233,Female,0,Yes,No,18,Yes,No,DSL,Yes,Yes,Yes,Yes,Yes,No,Month-to-month,No,Mailed check,57.57,1115.58,No
SYLC-EA90F,Male,0,No,No,30,Yes,No,DSL,Yes,No,No,No,Yes,No,Two year,No,Electronic check,34.18,932.47,No
CPPN-86957,Female,0,Yes,No,6,Yes,No,Fiber optic,Yes,No,Yes,Yes,No,No,One year,No,Credit card (automatic),53.6,413.43,No
RTDZ-14555,Female,0,No,No,52,Yes,No,DSL,No,No,No,Yes,No,No,Two year,Yes,Credit card (automatic),41.53,2226.64,No
ILTV-54A07,Female,1,Yes,Yes,24,Yes,No,DSL,No,No,Yes,No,No,Yes,Two year,Yes,Credit card (automatic),42.3,912.22,No
FPCV-48977,Female,0,No,No,49,Yes,Yes,Fiber optic,No,No,No,No,Yes,No,Month-to-month,No,Credit card (automatic),68.14,3356.25,Yes
GUNF-47DF6,Female,1,Yes,Yes,29,Yes,No,No,No internet service,No internet service,No internet service,No internet service,No internet service,No internet service,One year,Yes,Bank transfer (automatic),18.8,528.66,No
KDOG-D83ED,Male,0,Yes,Yes,53,Yes,No,DSL,No,No,No,No,No,No,Month-to-month,Yes,Credit card (automatic),29.77,1512.67,No
HDGJ-6DFBD,Female,0,Yes,Yes,2,Yes,Yes,DSL,No,Yes,Yes,Yes,No,Yes,Month-to-month,No,Mailed check,51.22,101.8,No
DDXP-3C2CE,Female,0,No,No,1,Yes,No,Fiber optic,Yes,No,No,Yes,Yes,Yes,Month-to-month,Yes,Credit card (automatic),59.04,86.45,No
MRTW-94350,Male,0,No,No,7,Yes,No,Fiber optic,No,No,No,No,No,Yes,Two year,Yes,Credit card (automatic),61.14,500.33,No
SJSB-561D9,Male,1,No,No,19,Yes,Yes,Fiber optic,No,No,No,Yes,No,Yes,Month-to-month,Yes,Mailed check,70.92,1286.15,No
VUAW-1DAD7,Male,0,Yes,No,18,Yes,No,Fiber optic,Yes,No,No,Yes,Yes,Yes,One year,Yes,Credit card (automatic),68.36,1183.04,No
EDDU-83114,Female,0,No,No,0,Yes,Yes,DSL,No,No,Yes,No,No,No,One year,No,Mailed check,44.53,44.53,Yes
TXPZ-65B2E,Male,0,No,Yes,66,No,No phone service,Fiber optic,No,Yes,Yes,No,No,Yes,Two year,Yes,Bank transfer (automatic),56.21,3791.42,No
UAEQ-B3B7A,Female,0,Yes,No,14,Yes,No,No,No internet service,No internet service,No internet service,No internet service,No internet service,No internet service,One year,Yes,Credit card (automatic),19.89,326.75,No
LLKE-32C66,Female,0,Yes,No,1,Yes,No,No,No internet service,No internet service,No internet service,No internet service,No internet service,No internet service,Two year,Yes,Credit card (automatic),24.85,0.0,Yes
WXGJ-6DA83,Male,0,No,Yes,58,Yes,Yes,Fiber optic,No,Yes,No,No,No,No,Two year,No,Bank transfer (automatic),49.45,2925.67,No
KASX-C47F6,Male,0,No,No,62,No,No phone service,DSL,No,No,Yes,No,No,No,Month-to-month,No,Electronic check,44.01,2751.67,No
VPMP-364C9,Female,0,Yes,No,20,Yes,No,Fiber optic,No,Yes,Yes,No,Yes,No,Two year,Yes,Electronic check,57.13,1052.17,No
KVLY-9EF54,Male,0,No,No,63,Yes,Yes,No,No internet service,No internet service,No internet service,No internet service,No internet service,No internet service,Month-to-month,No,Credit card (automatic),34.81,2151.39,No
VGTE-DB87A,Female,0,No,No,38,Yes,Yes,DSL,No,Yes,No,Yes,No,No,One year,Yes,Mailed check,54.08,2063.97,No
KKFE-EB7D9,Male,0,No,No,2,Yes,Yes,Fiber optic,No,No,Yes,No,Yes,No,Month-to-month,No,Electronic check,72.12,105.32,Yes
PCNC-A1852,Male,1,Yes,Yes,63,No,No phone service,No,No internet service,No internet service,No internet service,No internet service,No internet service,No internet service,Two year,No,Credit card (automatic),30.83,1968.36,No
MFGX-56045,Male,0,No,Yes,47,Yes,Yes,Fiber optic,No,No,Yes,No,No,Yes,One year,Yes,Mailed check,67.87,3154.53,Yes
SDYD-A0DBD,Female,0,Yes,No,3,Yes,No,Fiber optic,Yes,No,No,No,Yes,Yes,Month-to-month,No,Credit card (automatic),73.89,248.97,Yes
YVQV-1AF6F,Male,0,Yes,Yes,1,Yes,No,Fiber optic,No,No,No,No,Yes,No,Two year,Yes,Mailed check,55.98,1.55,No
NMHC-EB6F2,Female,0,No,No,2,Yes,No,DSL,No,No,Yes,Yes,No,Yes,Month-to-month,Yes,Credit card (automatic),46.56,31.55,Yes
ULQA-9AF51,Female,1,Yes,No,11,Yes,No,Fiber optic,Yes,No,No,No,No,No,One year,No,Credit card (automatic),46.53,505.89,Yes
BDHV-32069,Female,0,Yes,No,10,Yes,No,No,No internet service,No internet service,No internet service,No internet service,No internet service,No internet service,Month-to-month,Yes,Mailed check,24.01,246.92,No
HMGU-039D6,Female,0,Yes,Yes,48,Yes,Yes,No,No internet service,No internet service,No internet service,No internet service,No internet service,No internet service,Month-to-month,Yes,Electronic check,27.62,1273.02,No
BOHH-EF498,Male,0,Yes,Yes,5,Yes,No,Fiber optic,Yes,No,No,Yes,Yes,No,Month-to-month,Yes,Bank transfer (automatic),57.03,376.28,No
YYJA-00CBD,Female,0,Yes,No,42,Yes,Yes,Fiber optic,No,No,No,No,Yes,No,One year,Yes,Credit card (automatic),76.39,3175.18,No
DBEQ-0AE2B,Female,0,Yes,No,32,Yes,No,DSL,No,No,No,Yes,No,No,Two year,Yes,Electronic check,40.97,1337.85,No
OYGF-0BD07,Male,0,No,No,66,Yes,No,Fiber optic,Yes,No,Yes,No,No,Yes,Month-to-month,Yes,Electronic check,59.27,3909.93,No
SUYS-EFE76,Female,0,Yes,No,22,Yes,Yes,Fiber optic,No,No,Yes,No,No,No,One year,Yes,Mailed check,57.17,1275.9,Yes
LYHT-A073B,Male,0,No,No,42,Yes,No,Fiber optic,No,Yes,No,No,Yes,No,Two year,No,Electronic check,57.71,2324.64,No
LJBD-CD4D8,Female,0,Yes,No,6,Yes,Yes,Fiber optic,No,Yes,No,No,Yes,Yes,Two year,Yes,Electronic check,74.39,496.83,No
JLRX-75C86,Male,0,Yes,Yes,9,Yes,No,Fiber optic,Yes,Yes,No,No,Yes,No,Two year,Yes,Mailed check,61.03,611.81,No
LNDB-A28C3,Female,0,No,No,0,Yes,No,Fiber optic,No,Yes,Yes,No,No,Yes,Two year,Yes,Mailed check,62.02,62.02,No
JZAT-2E60B,Male,0,Yes,No,31,Yes,Yes,DSL,No,Yes,No,No,Yes,Yes,Month-to-month,No,Credit card (automatic),59.55,1888.14,No
DJNT-6D755,Female,0,No,No,24,Yes,No,Fiber optic,No,No,Yes,Yes,No,No,Month-to-month,Yes,Credit card (automatic),49.67,1219.21,No
URDT-651F0,Female,0,No,Yes,63,Yes,No,Fiber optic,No,Yes,No,Yes,No,No,Two year,Yes,Electronic check,67.86,4287.06,No
ZBNC-7D981,Male,0,Yes,No,37,Yes,Yes,DSL,Yes,Yes,No,No,No,Yes,Month-to-month,No,Credit card (automatic),61.1,2195.52,No
YJNX-AB278,Male,0,No,No,9,Yes,Yes,DSL,Yes,No,Yes,Yes,No,No,Month-to-month,Yes,Electronic check,38.05,294.22,No
EKVY-DEF3D,Male,1,Yes,No,28,Yes,Yes,No,No internet service,No internet service,No internet service,No internet service,No internet service,No internet service,Two year,No,Bank transfer (automatic),28.02,771.15,No
QWQD-9C18A,Male,1,No,Yes,63,Yes,Yes,DSL,No,No,Yes,No,Yes,No,Month-to-month,Yes,Electronic check,49.88,3122.38,No
MUDI-F8219,Female,0,No,No,7,Yes,No,Fiber optic,No,Yes,Yes,Yes,No,No,Month-to-month,No,Electronic check,56.28,411.3,No
YBCJ-314AD,Female,0,No,No,45,Yes,No,DSL,No,No,No,No,No,No,Month-to-month,No,Mailed check,39.2,1784.99,No
HSVA-D2ACD,Male,0,Yes,No,69,Yes,Yes,DSL,No,No,Yes,Yes,No,No,Two year,Yes,Credit card (automatic),57.76,4011.02,No
KRAL-F22B8,Female,0,Yes,Yes,30,Yes,Yes,DSL,No,No,Yes,No,Yes,No,Month-to-month,Yes,Mailed check,44.38,1359.03,No
LGET-5C763,Male,0,Yes,Yes,72,Yes,No,Fiber optic,Yes,Yes,No,No,Yes,No,Month-to-month,Yes,Electronic check,63.42,4640.21,Yes
RHXK-D7677,Male,0,Yes,Yes,21,Yes,No,No,No internet service,No internet service,No internet service,No internet service,No internet service,No internet service,Two year,No,Electronic check,19.07,438.64,No
MXSA-00B36,Female,1,No,No,16,Yes,Yes,No,No internet service,No internet service,No internet service,No internet service,No internet service,No internet service,Two year,No,Electronic check,37.14,670.46,Yes
VDDC-41AB2,Female,0,No,No,66,Yes,Yes,Fiber optic,No,No,Yes,No,No,Yes,One year,Yes,Mailed check,69.92,4589.09,No
NHCM-B3CF0,Female,0,Yes,Yes,2,No,No phone service,Fiber optic,No,No,Yes,No,No,Yes,Month-to-month,No,Credit card (automatic),59.56,72.69,Yes
EHWD-78201,Female,0,No,Yes,44,Yes,No,Fiber optic,No,No,No,No,No,Yes,Month-to-month,Yes,Electronic check,55.61,2406.26,No
BNYJ-43FFA,Female,0,No,No,11,Yes,Yes,Fiber optic,No,No,Yes,No,No,No,Month-to-month,Yes,Electronic check,69.27,672.02,Yes
MEYA-2A219,Female,0,No,No,65,Yes,No,No,No internet service,No internet service,No internet service,No internet service,No internet service,No internet service,One year,Yes,Bank transfer (automatic),18.8,1168.21,No
AHQE-C191B,Female,0,Yes,No,49,Yes,No,No,No internet service,No internet service,No internet service,No internet service,No internet service,No internet service,One year,Yes,Bank transfer (automatic),19.96,993.04,No
TUHG-FB205,Male,0,Yes,No,13,Yes,No,Fiber optic,No,Yes,No,No,No,No,One year,No,Mailed check,55.06,687.55,No
RJVN-FD7D7,Male,0,No,No,8,Yes,No,Fiber optic,No,No,No,No,No,No,Month-to-month,No,Electronic check,48.96,392.61,Yes
AIKZ-D2088,Male,0,No,Yes,2,No,No phone service,Fiber optic,Yes,Yes,Yes,No,Yes,No,One year,Yes,Electronic check,62.76,144.21,No
TGVK-56F68,Male,0,No,No,69,Yes,No,Fiber optic,Yes,Yes,No,No,Yes,Yes,Two year,Yes,Mailed check,52.28,3519.64,No
XANS-E0BC5,Male,0,No,No,71,Yes,No,Fiber optic,Yes,No,Yes,No,Yes,No,Month-to-month,Yes,Electronic check,55.27,3885.92,No
TMRK-2D33E,Female,0,Yes,Yes,9,Yes,Yes,Fiber optic,Yes,No,No,No,No,Yes,One year,Yes,Electronic check,70.75,738.2,Yes
YPPJ-998A8,Male,0,No,No,18,Yes,No,No,No internet service,No internet service,No internet service,No internet service,No internet service,No internet service,One year,No,Electronic check,18.8,367.08,No
WRKR-33D90,Male,1,Yes,No,49,Yes,Yes,No,No internet service,No internet service,No internet service,No internet service,No internet service,No internet service,Two year,No,Electronic check,36.86,1916.06,No
JZQW-8021B,Male,0,No,Yes,34,Yes,No,Fiber optic,No,Yes,No,No,No,Yes,Month-to-month,Yes,Credit card (automatic),58.84,1966.96,No
TLSO-BA7A5,Male,1,No,Yes,67,Yes,Yes,DSL,No,Yes,Yes,No,Yes,Yes,One year,Yes,Electronic check,60.09,3969.41,No
TXFR-16A43,Male,1,No,No,7,Yes,No,DSL,No,No,Yes,No,No,Yes,One year,Yes,Electronic check,44.54,261.48,Yes
JCQD-55FF1,Male,0,No,No,37,Yes,No,No,No internet service,No internet service,No internet service,No internet service,No internet service,No internet service,Month-to-month,Yes,Mailed check,18.8,585.28,Yes
ETHQ-E2F03,Male,0,No,No,9,Yes,No,No,No internet service,No internet service,No internet service,No internet service,No internet service,No internet service,Month-to-month,No,Credit card (automatic),24.65,212.3,No
NWOD-3C808,Female,1,Yes,No,23,Yes,No,Fiber optic,No,Yes,No,Yes,Yes,No,Month-to-month,Yes,Mailed check,57.78,1271.42,Yes
KAGY-B1057,Female,0,Yes,No,54,Yes,Yes,Fiber optic,No,No,No,Yes,No,No,Two year,No,Electronic check,71.07,3863.28,No
LSEB-AE25A,Male,0,No,Yes,1,No,No phone service,Fiber optic,No,No,No,No,Yes,Yes,One year,No,Bank transfer (automatic),68.38,43.78,Yes
EWFN-5A318,Female,1,Yes,Yes,43,Yes,No,Fiber optic,Yes,Yes,No,Yes,No,No,Month-to-month,No,Mailed check,57.55,2445.49,No
WQTL-26FCB,Female,0,Yes,Yes,60,Yes,Yes,DSL,No,No,No,No,Yes,Yes,Two year,Yes,Bank transfer (automatic),55.19,3254.52,No
HPQR-EA339,Female,0,Yes,No,25,Yes,No,DSL,No,No,Yes,No,No,No,One year,Yes,Bank transfer (automatic),22.36,527.42,No
WYPN-DF045,Female,0,No,No,9,Yes,Yes,DSL,No,No,Yes,No,Yes,Yes,Month-to-month,Yes,Electronic check,56.96,415.55,Yes
OHIA-07F43,Male,0,Yes,No,0,Yes,No,Fiber optic,Yes,Yes,No,No,No,Yes,Two year,No,Mailed check,51.6,51.6,No
GZRQ-3E3FF,Female,0,No,No,51,Yes,Yes,Fiber optic,No,No,Yes,No,No,No,Two year,Yes,Mailed check,53.8,2718.77,No
OWZP-C985A,Female,0,No,No,3,Yes,Yes,No,No internet service,No internet service,No internet service,No internet service,No internet service,No internet service,Two year,No,Mailed check,29.6,93.83,Yes
GFHA-E4C65,Female,0,No,Yes,37,Yes,No,DSL,No,No,No,No,No,No,One year,Yes,Bank transfer (automatic),43.08,1580.4,No
FVNL-ACA7E,Male,0,Yes,No,37,Yes,No,Fiber optic,No,No,Yes,No,Yes,Yes,Month-to-month,Yes,Credit card (automatic),75.71,2860.77,No
XZCX-39A30,Male,0,No,Yes,36,Yes,No,DSL,No,No,No,Yes,Yes,No,Two year,Yes,Bank transfer (automatic),38.38,1384.58,No
YXEP-295C9,Male,0,No,No,46,Yes,Yes,No,No internet service,No internet service,No internet service,No internet service,No internet service,No internet service,Two year,No,Electronic check,30.57,1359.61,No
MRMA-9C720,Male,0,No,No,61,Yes,Yes,No,No internet service,No internet service,No internet service,No internet service,No internet service,No internet service,Month-to-month,No,Mailed check,38.99,2305.53,No
HTIY-56C90,Male,0,No,Yes,12,No,No phone service,No,No internet service,No internet service,No internet service,No internet service,No internet service,No internet service,Two year,No,Mailed check,18.8,178.39,No
BFWA-1C9F3,Male,0,No,No,2,Yes,No,DSL,No,No,No,Yes,Yes,Yes,Month-to-month,Yes,Electronic check,59.56,78.29,No
RDPC-E64F1,Male,0,Yes,Yes,44,Yes,Yes,No,No internet service,No internet service,No internet service,No internet service,No internet service,No internet service,One year,Yes,Mailed check,35.62,1455.79,No
UNRG-E7674,Female,1,No,No,30,No,No phone service,DSL,No,No,No,No,No,Yes,One year,No,Electronic check,35.36,1079.08,No
IDMM-6F1ED,Female,0,Yes,Yes,39,Yes,Yes,DSL,No,Yes,No,No,No,No,Month-to-month,Yes,Bank transfer (automatic),40.16,1616.26,Yes
ASFB-D1412,Female,0,Yes,No,27,Yes,Yes,DSL,Yes,No,Yes,No,No,Yes,Month-to-month,Yes,Credit card (automatic),50.71,1387.99,No
BVBT-2EDAD,Male,0,No,No,2,Yes,No,Fiber optic,Yes,Yes,No,No,No,Yes,Month-to-month,Yes,Credit card (automatic),64.29,44.58,No
HUFP-EB4BE,Male,0,Yes,No,30,Yes,Yes,DSL,No,Yes,No,Yes,No,No,One year,No,Electronic check,54.78,1612.07,No
XTTU-B2C28,Male,0,Yes,No,6,Yes,Yes,Fiber optic,Yes,No,Yes,Yes,Yes,Yes,Month-to-month,No,Mailed check,77.09,548.91,Yes
IFHC-76619,Male,0,No,Yes,18,Yes,Yes,DSL,No,Yes,No,No,No,No,One year,Yes,Electronic check,50.91,908.18,No
EWAB-46F86,Male,0,No,No,32,Yes,Yes,No,No internet service,No internet service,No internet service,No internet service,No internet service,No internet service,Month-to-month,Yes,Mailed check,35.29,1088.95,Yes
VGXK-540A9,Female,0,Yes,No,29,Yes,No,Fiber optic,No,No,No,No,No,Yes,Month-to-month,No,Electronic check,59.21,1733.19,Yes
QQAW-8B0CA,Female,0,No,No,1,Yes,No,Fiber optic,No,No,Yes,No,No,No,Month-to-month,No,Bank transfer (automatic),54.96,24.29,Yes
JYQX-D3FB3,Male,0,Yes,No,3,Yes,No,No,No internet service,No internet service,No internet service,No internet service,No internet service,No internet service,One year,Yes,Electronic check,25.3,20.84,Yes
ULWE-457A3,Male,0,Yes,Yes,11,No,No phone service,DSL,Yes,No,No,No,No,No,Month-to-month,No,Mailed check,32.58,439.07,No
SAIR-4693F,Male,1,Yes,No,6,Yes,Yes,DSL,No,Yes,No,Yes,No,No,Month-to-month,No,Credit card (automatic),46.23,317.88,No
WZMI-FBC2D,Male,0,Yes,No,32,Yes,Yes,Fiber optic,No,Yes,No,Yes,No,Yes,One year,Yes,Mailed check,75.16,2395.01,No
NUVC-11AE0,Female,0,Yes,No,33,Yes,Yes,DSL,Yes,Yes,No,No,No,Yes,Month-to-month,No,Credit card (automatic),56.54,1834.89,Yes
DMKC-9E303,Male,0,Yes,No,7,Yes,No,DSL,No,No,Yes,No,Yes,Yes,One year,Yes,Credit card (automatic),56.77,397.11,No
EMCJ-1A710,Male,1,No,Yes,29,Yes,No,No,No internet service,No internet service,No internet service,No internet service,No internet service,No internet service,Two year,No,Mailed check,26.44,769.61,No
MPEI-97163,Male,0,No,No,58,Yes,No,DSL,Yes,Yes,No,No,No,No,One year,Yes,Bank transfer (automatic),40.17,2386.49,No
YUIG-2BE4A,Male,1,No,Yes,11,Yes,No,No,No internet service,No internet service,No internet service,No internet service,No internet service,No internet service,Month-to-month,Yes,Bank transfer (automatic),23.12,130.08,Yes
GXHC-EF6E3,Female,1,No,No,36,Yes,Yes,DSL,No,Yes,No,No,No,No,Month-to-month,No,Electronic check,37.18,1358.76,Yes
HNPK-CC1F2,Male,0,Yes,No,7,No,No phone service,No,No internet service,No internet service,No internet service,No internet service,No internet service,No internet service,One year,Yes,Mailed check,18.8,142.68,No
NKLD-50F27,Male,0,No,Yes,11,Yes,No,Fiber optic,No,No,No,No,No,No,Month-to-month,Yes,Mailed check,49.15,585.76,Yes
FEKZ-7FD6E,Female,0,No,No,72,Yes,No,Fiber optic,Yes,Yes,No,Yes,No,No,Two year,No,Mailed check,52.59,3808.35,No
JNRP-D27A5,Female,0,Yes,Yes,50,Yes,No,DSL,No,No,Yes,No,No,No,Two year,No,Electronic check,40.16,2068.84,No
WHHI-A12C3,Female,0,Yes,No,9,Yes,Yes,DSL,No,Yes,Yes,No,Yes,No,Month-to-month,Yes,Bank transfer (automatic),45.22,404.2,Yes
CGKA-D1634,Male,0,No,No,10,Yes,No,Fiber optic,Yes,No,Yes,No,Yes,Yes,One year,No,Credit card (automatic),70.28,568.87,No
BYYD-3E602,Male,1,No,No,32,Yes,No,Fiber optic,No,No,No,No,Yes,No,Month-to-month,No,Mailed check,50.79,1631.41,Yes
KOQD-54853,Female,0,No,No,3,Yes,No,DSL,No,Yes,Yes,Yes,No,No,One year,No,Credit card (automatic),35.84,131.47,No
VOMD-1CF90,Female,1,Yes,No,25,Yes,Yes,Fiber optic,Yes,No,No,No,No,No,Two year,Yes,Bank transfer (automatic),57.22,1459.38,No
MHBD-769B4,Female,0,Yes,Yes,7,Yes,Yes,DSL,No,No,No,Yes,Yes,Yes,Month-to-month,No,Electronic check,60.06,498.01,No
HRFB-D31B8,Female,0,No,No,29,No,No phone service,No,No internet service,No internet service,No internet service,No internet service,No internet service,No internet service,Month-to-month,No,Mailed check,18.8,576.99,Yes
DWGR-ADBB0,Female,1,No,Yes,2,Yes,No,No,No internet service,No internet service,No internet service,No internet service,No internet service,No internet service,Month-to-month,No,Bank transfer (automatic),18.8,0.0,Yes
YDGL-49075,Female,0,Yes,No,58,Yes,Yes,DSL,Yes,No,Yes,No,No,Yes,Two year,Yes,Bank transfer (automatic),47.33,2707.2,No
QNTE-F6582,Male,0,Yes,No,3,Yes,Yes,Fiber optic,Yes,No,No,No,Yes,No,Month-to-month,No,Bank transfer (automatic),74.03,251.86,No
VGYD-D69D2,Male,0,No,No,67,Yes,No,Fiber optic,No,No,No,Yes,No,No,Two year,Yes,Bank transfer (automatic),52.09,3436.03,No
JYDC-80FE3,Male,0,No,Yes,70,Yes,No,No,No internet service,No internet service,No internet service,No internet service,No internet service,No internet service,Month-to-month,Yes,Electronic check,19.96,1444.99,No
EUNV-F649A,Female,0,Yes,Yes,15,Yes,Yes,DSL,No,No,Yes,No,No,Yes,Two year,Yes,Credit card (automatic),51.47,803.19,No
LHGN-671EB,Female,0,No,Yes,30,Yes,Yes,DSL,No,No,No,Yes,Yes,No,Month-to-month,No,Electronic check,55.31,1621.85,No
XVQH-A9E30,Female,0,No,No,9,Yes,Yes,No,No internet service,No internet service,No internet service,No internet service,No internet service,No internet service,One year,Yes,Electronic check,30.07,206.46,No
DERD-26C64,Female,1,No,Yes,52,Yes,No,No,No internet service,No internet service,No internet service,No internet service,No internet service,No internet service,Two year,No,Electronic check,19.31,1007.94,Yes
HVLJ-C55C5,Female,0,Yes,No,2,Yes,No,No,No internet service,No internet service,No internet service,No internet service,No internet service,No internet service,One year,Yes,Electronic check,18.8,58.98,No
NRFD-D4591,Female,1,Yes,No,11,Yes,Yes,DSL,No,No,No,No,Yes,Yes,Month-to-month,No,Bank transfer (automatic),69.84,756.94,Yes
BKZO-99DD0,Male,0,No,No,6,No,No phone service,DSL,No,No,No,Yes,Yes,Yes,Month-to-month,Yes,Electronic check,53.4,363.49,Yes
OOFZ-4D19B,Male,0,Yes,No,31,No,No phone service,DSL,No,No,No,No,No,Yes,Month-to-month,No,Electronic check,49.42,1551.72,Yes
NCDP-D91C7,Female,0,No,No,65,Yes,Yes,No,No internet service,No internet service,No internet service,No internet service,No internet service,No internet service,One year,Yes,Electronic check,26.1,1682.09,No
BJFZ-E1907,Male,0,No,Yes,47,Yes,No,Fiber optic,No,No,No,No,No,No,Month-to-month,Yes,Electronic check,44.05,2008.74,Yes
ETBX-34EE1,Female,1,Yes,No,26,Yes,No,No,No internet service,No internet service,No internet service,No internet service,No internet service,No internet service,Month-to-month,Yes,Bank transfer (automatic),21.52,637.51,No
CWZM-224A1,Male,0,No,No,40,Yes,Yes,No,No internet service,No internet service,No internet service,No internet service,No internet service,No internet service,Month-to-month,No,Mailed check,30.65,1310.35,No
QUDZ-F4154,Female,0,No,Yes,16,Yes,No,Fiber optic,No,Yes,No,Yes,No,No,Month-to-month,Yes,Bank transfer (automatic),57.82,907.78,Yes
HYEI-C004F,Female,0,No,No,11,Yes,No,Fiber optic,Yes,No,No,No,Yes,No,Month-to-month,Yes,Electronic check,58.67,636.09,Yes
VYWD-682F9,Male,0,Yes,No,9,No,No phone service,DSL,No,Yes,No,No,No,Yes,Month-to-month,No,Bank transfer (automatic),40.96,474.09,No
WGSC-0A14C,Male,1,No,Yes,62,Yes,No,Fiber optic,No,No,No,No,Yes,Yes,Two year,Yes,Electronic check,63.22,3897.63,No
MJHR-FB561,Female,1,Yes,Yes,11,Yes,Yes,Fiber optic,Yes,No,No,No,Yes,Yes,Month-to-month,No,Mailed check,75.27,832.81,Yes
DGKZ-D1501,Female,0,No,Yes,30,Yes,Yes,DSL,No,Yes,Yes,Yes,No,Yes,Month-to-month,Yes,Credit card (automatic),68.62,2034.54,Yes
JYER-68DDD,Male,0,No,No,67,Yes,Yes,DSL,No,No,No,No,No,Yes,Month-to-month,No,Electronic check,46.01,3070.62,Yes
KBZZ-D7425,Male,0,Yes,No,28,Yes,Yes,Fiber optic,No,Yes,No,No,No,No,Two year,No,Credit card (automatic),53.43,1452.65,No
IHYR-3AB8F,Female,0,No,Yes,38,Yes,Yes,Fiber optic,No,No,Yes,No,No,No,Month-to-month,No,Electronic check,64.64,2517.05,No
ZLMF-CEA38,Male,1,No,No,5,Yes,No,Fiber optic,Yes,Yes,No,No,No,No,Month-to-month,Yes,Electronic check,47.03,239.48,No
UBPR-8AE19,Female,0,Yes,No,9,Yes,No,Fiber optic,Yes,Yes,Yes,No,Yes,No,Month-to-month,Yes,Credit card (automatic),54.84,481.01,No
UVMZ-57D75,Female,0,Yes,No,59,Yes,No,DSL,Yes,No,No,No,No,No,One year,Yes,Bank transfer (automatic),33.92,1947.12,No
OQZQ-20F63,Female,0,No,No,31,Yes,No,No,No internet service,No internet service,No internet service,No internet service,No internet service,No internet service,Month-to-month,No,Electronic check,19.9,672.09,No
FCFU-A90AF,Female,1,Yes,Yes,45,Yes,No,Fiber optic,No,No,No,No,Yes,Yes,Month-to-month,No,Bank transfer (automatic),60.0,2702.37,No
YKPH-EE373,Male,0,Yes,No,9,Yes,No,Fiber optic,No,No,No,Yes,Yes,Yes,One year,Yes,Credit card (automatic),71.26,617.75,Yes
PHSZ-D22D1,Male,0,No,No,20,Yes,Yes,DSL,Yes,No,Yes,No,No,No,Month-to-month,No,Credit card (automatic),44.71,927.89,Yes
KZLA-FB599,Male,0,No,No,9,Yes,No,Fiber optic,No,Yes,No,Yes,Yes,No,Month-to-month,Yes,Credit card (automatic),64.93,592.74,Yes
OYUG-FF049,Male,0,No,Yes,0,Yes,Yes,Fiber optic,No,Yes,No,No,No,No,Two year,No,Credit card (automatic),63.84,63.84,No
WSOH-1E87F,Male,0,Yes,Yes,32,Yes,No,DSL,No,Yes,Yes,No,No,Yes,Month-to-month,Yes,Electronic check,37.22,1253.67,Yes
EGWH-FD17C,Male,0,Yes,No,8,Yes,No,Fiber optic,No,No,Yes,No,No,Yes,Month-to-month,Yes,Bank transfer (automatic),53.92,444.21,Yes
MFBA-244D8,Male,0,Yes,No,3,Yes,Yes,DSL,No,Yes,Yes,No,Yes,Yes,Month-to-month,Yes,Electronic check,69.25,220.69,No
DCDI-B0672,Female,0,No,No,4,Yes,Yes,Fiber optic,No,No,No,No,No,Yes,Month-to-month,No,Credit card (automatic),60.18,187.24,Yes
BFDU-E9CCE,Male,0,No,No,32,Yes,No,No,No internet service,No internet service,No internet service,No internet service,No internet service,No internet service,Two year,Yes,Electronic check,22.38,728.71,No
CZLO-C7402,Male,0,Yes,Yes,4,Yes,No,DSL,No,Yes,Yes,No,No,Yes,One year,No,Bank transfer (automatic),41.38,129.19,Yes
CJUI-929F5,Female,0,Yes,No,50,Yes,No,Fiber optic,No,Yes,No,No,No,No,Month-to-month,Yes,Electronic check,39.4,1962.55,Yes
MZPK-1E908,Male,0,No,Yes,10,Yes,Yes,Fiber optic,Yes,No,No,No,Yes,Yes,Month-to-month,Yes,Credit card (automatic),74.46,755.17,Yes
ZYFK-FC84C,Male,0,No,No,10,Yes,No,No,No internet service,No internet service,No internet service,No internet service,No internet service,No internet service,Month-to-month,No,Mailed check,18.8,204.58,Yes
PNYJ-A0B8E,Female,0,Yes,No,71,Yes,Yes,Fiber optic,Yes,No,No,Yes,Yes,Yes,One year,No,Mailed check,71.51,5023.25,No
IYOF-2348D,Male,1,No,Yes,64,Yes,No,No,No internet service,No internet service,No internet service,No internet service,No internet service,No internet service,One year,Yes,Mailed check,18.8,1224.03,No
ZRMP-538D1,Male,0,Yes,Yes,17,Yes,No,No,No internet service,No internet service,No internet service,No internet service,No internet service,No internet service,Month-to-month,No,Bank transfer (automatic),21.18,255.63,No
CEFD-205B2,Male,0,No,No,2,Yes,Yes,Fiber optic,Yes,No,No,No,Yes,Yes,Month-to-month,Yes,Credit card (automatic),73.88,118.66,Yes
IZEZ-8B556,Female,0,No,No,40,Yes,Yes,DSL,No,Yes,Yes,No,No,No,Month-to-month,No,Credit card (automatic),49.72,1956.99,Yes
DIXA-9B218,Male,0,No,No,56,Yes,Yes,Fiber optic,No,No,No,No,Yes,No,Two year,Yes,Electronic check,82.07,4439.77,No
FZED-552A5,Male,0,Yes,No,43,Yes,No,DSL,No,No,No,Yes,No,Yes,Two year,Yes,Mailed check,46.35,1994.54,No
NGCB-0D449,Female,0,Yes,No,11,No,No phone service,Fiber optic,No,No,Yes,No,No,No,Month-to-month,Yes,Mailed check,45.96,470.24,Yes
CPNU-10C50,Male,0,No,No,11,Yes,Yes,Fiber optic,No,No,Yes,No,No,No,Month-to-month,Yes,Electronic check,61.55,724.23,Yes
OMYY-82B3D,Female,0,Yes,No,41,Yes,Yes,Fiber optic,Yes,Yes,No,No,Yes,Yes,One year,Yes,Bank transfer (automatic),74.85,3033.88,No
PJZN-63A42,Female,0,No,No,14,Yes,Yes,DSL,Yes,No,Yes,No,Yes,No,Two year,No,Bank transfer (automatic),52.19,763.06,No
DQXG-3921A,Male,0,No,Yes,47,Yes,Yes,Fiber optic,No,No,No,No,No,No,One year,Yes,Credit card (automatic),63.93,2998.89,No
NAGF-AAB1D,Female,0,No,Yes,68,Yes,No,No,No internet service,No internet service,No internet service,No internet service,No internet service,No internet service,Month-to-month,Yes,Bank transfer (automatic),24.85,1699.71,No
FZWL-CAC01,Female,0,No,No,6,Yes,No,DSL,No,No,No,No,Yes,Yes,Month-to-month,No,Electronic check,55.93,391.73,No
XUQI-666AC,Male,0,No,No,9,Yes,No,Fiber optic,No,Yes,No,No,Yes,Yes,One year,No,Credit card (automatic),62.48,489.53,No
JVCV-A8655,Female,0,No,No,29,Yes,Yes,Fiber optic,Yes,No,No,Yes,No,No,Month-to-month,Yes,Electronic check,67.45,1935.96,No
YAQZ-8A98A,Female,1,Yes,Yes,0,No,No phone service,DSL,No,Yes,Yes,No,No,Yes,One year,Yes,Bank transfer (automatic),31.85,31.85,No
XSWO-CE3DA,Male,0,Yes,Yes,53,Yes,Yes,Fiber optic,No,No,No,No,No,No,One year,No,Bank transfer (automatic),65.29,3592.42,No
LUES-9E988,Male,0,Yes,Yes,10,Yes,No,Fiber optic,No,No,Yes,Yes,No,Yes,Month-to-month,Yes,Electronic check,56.74,563.97,Yes
OXUC-842DD,Male,0,Yes,Yes,16,Yes,No,Fiber optic,No,No,Yes,No,No,No,One year,Yes,Mailed check,52.6,923.92,No
YKLU-306A7,Female,1,No,No,27,Yes,Yes,Fiber optic,No,Yes,Yes,No,No,No,Month-to-month,Yes,Electronic check,63.76,1750.64,No
FNYH-654A5,Male,0,No,No,37,No,No phone service,Fiber optic,No,No,No,No,No,No,Month-to-month,Yes,Bank transfer (automatic),49.27,1872.67,No
QARC-6D5B5,Female,0,No,No,69,Yes,No,Fiber optic,No,No,No,No,No,Yes,Two year,Yes,Bank transfer (automatic),60.88,4148.37,No
XYXK-59D8B,Female,1,No,No,5,Yes,No,DSL,No,Yes,Yes,No,Yes,Yes,One year,Yes,Mailed check,52.2,290.33,Yes
WTJG-69D42,Female,1,No,No,54,Yes,No,Fiber optic,No,No,No,No,Yes,No,One year,Yes,Electronic check,56.97,3032.05,No
IPGK-4F8B8,Female,0,No,Yes,37,Yes,Yes,DSL,No,Yes,Yes,No,No,Yes,Month-to-month,Yes,Bank transfer (automatic),52.85,1979.86,No
AGVN-BC893,Female,0,Yes,No,1,No,No phone service,Fiber optic,No,Yes,No,No,No,No,One year,Yes,Credit card (automatic),51.35,8.95,Yes
GDHQ-E79DA,Female,0,No,No,19,Yes,Yes,DSL,No,Yes,No,No,No,No,One year,No,Bank transfer (automatic),41.96,820.72,No
GHQH-39A40,Female,0,Yes,Yes,49,Yes,Yes,No,No internet service,No internet service,No internet service,No internet service,No internet service,No internet service,Month-to-month,Yes,Credit card (automatic),25.57,1193.82,No
TKQE-5915B,Male,0,No,No,63,Yes,No,No,No internet service,No internet service,No internet service,No internet service,No internet service,No internet service,Two year,Yes,Credit card (automatic),18.8,1176.09,No
UJCA-8B960,Male,0,Yes,No,19,Yes,No,DSL,No,No,No,No,No,No,Two year,No,Credit card (automatic),34.09,600.14,No
FAMI-195F6,Female,0,No,Yes,61,Yes,No,No,No internet service,No internet service,No internet service,No internet service,No internet service,No internet service,Month-to-month,Yes,Electronic check,27.82,1697.87,No
CSSY-B5AC8,Female,0,No,Yes,27,Yes,Yes,Fiber optic,No,Yes,No,No,Yes,Yes,Month-to-month,Yes,Bank transfer (automatic),71.67,1798.35,No
UZTN-7DD40,Male,0,No,No,55,Yes,Yes,DSL,Yes,No,Yes,No,Yes,No,Month-to-month,No,Electronic check,60.48,3261.8,No
UGZA-EA40D,Female,0,No,Yes,3,Yes,No,No,No internet service,No internet service,No internet service,No internet service,No internet service,No internet service,Month-to-month,No,Bank transfer (automatic),20.53,97.6,Yes
DCUR-25AA5,Male,0,No,Yes,15,No,No phone service,Fiber optic,Yes,No,No,Yes,Yes,No,One year,No,Credit card (automatic),57.03,797.34,No
KCAZ-3E0F6,Male,0,Yes,No,35,Yes,No,Fiber optic,Yes,No,No,No,No,No,Month-to-month,No,Electronic check,43.23,1496.68,Yes
UVJT-5CFCB,Male,1,Yes,No,27,Yes,No,No,No internet service,No internet service,No internet service,No internet service,No internet service,No internet service,Month-to-month,No,Electronic check,27.92,736.79,No
JCND-8D1E9,Female,0,No,No,24,Yes,No,DSL,No,No,No,No,Yes,No,Two year,No,Credit card (automatic),46.33,1175.06,No
BSAP-8B616,Female,0,Yes,No,52,Yes,No,Fiber optic,Yes,No,No,Yes,Yes,No,Month-to-month,Yes,Electronic check,58.38,3076.61,Yes
TYFJ-E53D7,Male,1,Yes,No,64,Yes,No,DSL,Yes,No,No,No,No,No,One year,Yes,Mailed check,28.98,1997.75,No
PMPG-B5820,Male,0,No,No,45,Yes,Yes,Fiber optic,No,Yes,No,No,No,Yes,Month-to-month,No,Mailed check,70.21,3106.48,No
ODXY-5483D,Male,0,Yes,No,22,Yes,No,DSL,No,Yes,Yes,No,Yes,Yes,One year,No,Bank transfer (automatic),48.12,1066.61,No
CLEV-27D72,Male,1,Yes,No,32,No,No phone service,Fiber optic,Yes,No,No,Yes,No,No,Two year,Yes,Electronic check,49.4,1563.09,No
EPDJ-96DB2,Male,0,Yes,Yes,29,Yes,No,Fiber optic,No,No,Yes,No,No,No,Month-to-month,Yes,Electronic check,52.94,1484.84,No
VXFJ-667EA,Female,0,Yes,No,11,Yes,No,DSL,Yes,No,No,No,Yes,No,One year,No,Bank transfer (automatic),42.76,490.3,No
XJNC-492F4,Male,0,No,No,63,Yes,Yes,DSL,No,No,Yes,No,No,No,One year,Yes,Electronic check,38.92,2443.18,No
EUCI-3BD36,Female,0,No,No,65,Yes,No,Fiber optic,Yes,No,Yes,Yes,No,No,One year,Yes,Electronic check,53.24,3445.25,No
MRJN-8099F,Male,0,No,No,44,Yes,No,Fiber optic,Yes,Yes,No,No,Yes,No,Month-to-month,Yes,Electronic check,63.03,2766.72,No
NXJS-E29E8,Female,1,Yes,No,10,Yes,No,Fiber optic,Yes,Yes,No,No,No,Yes,One year,No,Credit card (automatic),51.65,502.87,Yes
XKXQ-7324C,Female,0,No,No,13,Yes,Yes,Fiber optic,No,No,No,No,No,Yes,Month-to-month,No,Bank transfer (automatic),70.98,1051.92,Yes
MKMI-C678A,Female,0,Yes,Yes,10,Yes,No,Fiber optic,No,Yes,Yes,No,No,No,One year,No,Mailed check,47.68,519.41,No
IBRO-A88F0,Female,0,No,No,6,No,No phone service,No,No internet service,No internet service,No internet service,No internet service,No internet service,No internet service,Month-to-month,Yes,Electronic check,19.95,111.31,No
CYXK-87F7C,Female,0,No,No,57,Yes,No,No,No internet service,No internet service,No internet service,No internet service,No internet service,No internet service,One year,Yes,Mailed check,18.8,1099.1,No
JJRK-02D51,Female,0,No,Yes,72,Yes,Yes,No,No internet service,No internet service,No internet service,No internet service,No internet service,No internet service,Month-to-month,No,Bank transfer (automatic),31.53,2179.81,No
YZMQ-C1488,Male,0,No,Yes,11,Yes,No,No,No internet service,No internet service,No internet service,No internet service,No internet service,No internet service,One year,No,Credit card (automatic),18.8,199.4,No
IAYP-C6876,Female,0,Yes,No,7,Yes,No,DSL,No,No,No,No,No,No,Month-to-month,No,Mailed check,39.17,288.04,No
RZUR-08F68,Male,0,Yes,No,9,Yes,No,DSL,No,No,No,No,No,Yes,Month-to-month,No,Mailed check,40.49,303.64,Yes
IESI-99DF8,Female,0,No,Yes,9,Yes,Yes,DSL,Yes,No,No,Yes,No,Yes,Two year,No,Electronic check,62.51,574.24,No
BPXM-9C767,Female,0,Yes,No,65,Yes,Yes,No,No internet service,No internet service,No internet service,No internet service,No internet service,No internet service,Month-to-month,Yes,Credit card (automatic),31.2,1985.36,No
WMIP-BEECC,Male,0,Yes,Yes,6,Yes,No,Fiber optic,No,Yes,No,Yes,No,No,Month-to-month,Yes,Mailed check,57.29,346.71,No
LIOS-83006,Female,0,Yes,No,62,Yes,Yes,DSL,No,No,Yes,No,No,No,Two year,No,Mailed check,41.43,2588.8,No
UUVS-0EFD7,Male,0,Yes,No,31,Yes,No,Fiber optic,No,No,No,Yes,No,No,Month-to-month,No,Electronic check,50.43,1537.93,Yes
FXEU-FE8DD,Male,0,No,Yes,24,No,No phone service,Fiber optic,No,Yes,No,No,No,Yes,Two year,No,Credit card (automatic),53.89,1225.54,Yes
ZJQV-3365C,Male,0,No,Yes,5,Yes,No,DSL,No,No,No,No,No,Yes,Month-to-month,Yes,Credit card (automatic),39.95,157.41,No
YEIY-939E5,Male,0,Yes,No,60,Yes,No,Fiber optic,No,Yes,No,Yes,Yes,Yes,One year,Yes,Electronic check,73.84,4427.3,No
MPVO-FC67B,Female,1,Yes,No,39,Yes,Yes,DSL,No,No,No,Yes,Yes,Yes,One year,No,Credit card (automatic),65.91,2600.77,No
BFGU-DD144,Female,0,No,Yes,13,Yes,Yes,No,No internet service,No internet service,No internet service,No internet service,No internet service,No internet service,One year,Yes,Mailed check,36.46,488.44,No
AGLX-2DD24,Male,0,No,No,32,Yes,No,DSL,No,Yes,No,No,Yes,Yes,One year,Yes,Bank transfer (automatic),43.02,1367.04,No
LYUZ-5EF92,Female,0,No,No,68,Yes,No,Fiber optic,No,Yes,No,No,No,No,Month-to-month,Yes,Bank transfer (automatic),50.88,3512.78,No
GDUI-B4FC6,Female,0,No,No,28,Yes,Yes,No,No internet service,No internet service,No internet service,No internet service,No internet service,No internet service,Two year,No,Electronic check,24.59,695.35,No
MBDZ-DDA31,Male,0,No,No,22,Yes,No,No,No internet service,No internet service,No internet service,No internet service,No internet service,No internet service,Month-to-month,No,Electronic check,18.8,402.8,No
SIAA-8D5F6,Female,0,No,No,68,No,No phone service,Fiber optic,No,No,No,No,No,No,Two year,Yes,Mailed check,48.11,3305.37,No
TGPH-C7035,Male,0,No,No,16,Yes,Yes,DSL,No,No,Yes,No,Yes,No,Month-to-month,Yes,Electronic check,56.39,885.55,Yes
MHPZ-B4AF3,Male,1,Yes,Yes,25,Yes,Yes,No,No internet service,No internet service,No internet service,No internet service,No internet service,No internet service,Month-to-month,No,Mailed check,22.75,556.83,No
GBVV-6DAFE,Female,1,No,No,41,Yes,No,DSL,No,Yes,Yes,No,No,Yes,One year,No,Electronic check,43.81,1835.4,No
YKQE-E579C,Female,0,Yes,No,29,Yes,No,Fiber optic,No,No,No,No,No,Yes,One year,Yes,Credit card (automatic),57.52,1703.4,No
TYSU-96E69,Female,0,No,Yes,54,Yes,Yes,No,No internet service,No internet service,No internet service,No internet service,No internet service,No internet service,One year,Yes,Electronic check,29.96,1604.2,No
HMJG-DCB13,Male,0,No,No,5,Yes,No,No,No internet service,No internet service,No internet service,No internet service,No internet service,No internet service,Month-to-month,Yes,Mailed check,18.8,34.88,Yes
FSXJ-58F54,Male,0,No,Yes,29,Yes,Yes,DSL,Yes,No,Yes,Yes,Yes,No,Month-to-month,No,Bank transfer (automatic),52.43,1490.72,No
NXSN-B0C16,Female,0,Yes,No,0,Yes,No,Fiber optic,No,No,Yes,No,No,No,Month-to-month,No,Electronic check,42.82,42.82,Yes
JRGG-E7B99,Female,0,No,No,43,Yes,No,Fiber optic,No,No,No,No,Yes,No,One year,Yes,Electronic check,56.86,2482.4,No
RRXU-42D54,Female,0,Yes,No,8,No,No phone service,No,No internet service,No internet service,No internet service,No internet service,No internet service,No internet service,Two year,Yes,Mailed check,18.8,178.74,Yes
CONV-BB8DF,Female,0,Yes,No,5,Yes,No,Fiber optic,No,No,Yes,No,Yes,No,Month-to-month,No,Mailed check,62.46,290.84,Yes
VJHA-FBEC6,Male,0,Yes,Yes,70,Yes,No,Fiber optic,No,No,Yes,No,No,Yes,Month-to-month,No,Electronic check,63.67,4502.0,Yes
DBUH-6D7F8,Female,0,Yes,No,64,Yes,No,DSL,No,No,No,No,No,Yes,One year,Yes,Electronic check,42.45,2770.85,No
VDKE-0F856,Male,0,Yes,No,20,Yes,Yes,No,No internet service,No internet service,No internet service,No internet service,No internet service,No internet service,Month-to-month,No,Credit card (automatic),34.53,734.4,Yes
GDXC-62E36,Male,0,No,Yes,49,Yes,No,DSL,Yes,Yes,Yes,Yes,No,No,Two year,Yes,Electronic check,31.79,1571.62,No
TOJO-6495F,Female,0,No,No,45,Yes,Yes,No,No internet service,No internet service,No internet service,No internet service,No internet service,No internet service,Month-to-month,No,Mailed check,20.61,986.18,Yes
MTGQ-8B7B0,Female,0,Yes,Yes,11,Yes,No,No,No internet service,No internet service,No internet service,No internet service,No internet service,No internet service,Month-to-month,Yes,Bank transfer (automatic),18.8,177.09,No
RTMA-9C716,Female,1,Yes,No,45,No,No phone service,DSL,Yes,No,No,No,Yes,Yes,Month-to-month,No,Credit card (automatic),60.21,2766.9,No
ZHNJ-B6699,Male,0,No,No,51,Yes,No,Fiber optic,No,No,No,No,No,No,Month-to-month,Yes,Mailed check,44.49,2239.37,Yes
MGCR-596DB,Female,0,No,No,9,Yes,Yes,Fiber optic,No,No,No,Yes,No,No,Month-to-month,No,Mailed check,66.7,618.17,Yes
KITA-01574,Female,0,Yes,Yes,0,Yes,Yes,Fiber optic,No,No,No,No,Yes,No,Two year,Yes,Bank transfer (automatic),71.81,71.81,No
EIMH-96EFA,Male,0,No,No,28,Yes,No,Fiber optic,No,No,No,No,No,No,Month-to-month,Yes,Electronic check,44.47,1202.51,Yes
OAQJ-4C04C,Female,0,No,Yes,16,No,No phone service,Fiber optic,Yes,No,No,No,No,No,Month-to-month,No,Credit card (automatic),56.65,866.5,Yes
YNNZ-1737E,Male,0,Yes,No,37,Yes,Yes,DSL,No,Yes,Yes,No,No,No,Two year,Yes,Electronic check,41.97,1589.13,No
PZNW-254C8,Female,0,Yes,No,39,Yes,No,No,No internet service,No internet service,No internet service,No internet service,No internet service,No internet service,Two year,Yes,Mailed check,25.18,1002.36,No
FEJD-BDF37,Male,0,No,No,14,Yes,Yes,Fiber optic,Yes,No,Yes,Yes,No,No,Month-to-month,Yes,Credit card (automatic),64.01,872.75,Yes
NMLF-16118,Female,0,Yes,No,46,Yes,Yes,Fiber optic,No,No,Yes,Yes,Yes,No,Two year,Yes,Credit card (automatic),78.58,3679.51,No
WOAV-A44E7,Female,0,No,No,3,Yes,No,DSL,No,No,Yes,No,No,Yes,Month-to-month,Yes,Mailed check,44.56,109.03,No
DHGK-585A7,Male,0,Yes,No,70,Yes,Yes,Fiber optic,No,No,Yes,No,No,No,One year,Yes,Electronic check,58.26,4091.61,No
YVIB-95E64,Male,0,No,No,49,Yes,No,No,No internet service,No internet service,No internet service,No internet service,No internet service,No internet service,Month-to-month,Yes,Electronic check,23.87,1190.07,No
IWCY-3D893,Female,0,No,Yes,49,Yes,No,Fiber optic,No,No,No,Yes,Yes,No,Month-to-month,No,Electronic check,70.55,3466.98,No
SQML-97F04,Male,0,Yes,No,10,Yes,No,No,No internet service,No internet service,No internet service,No internet service,No internet service,No internet service,Two year,Yes,Mailed check,18.8,128.9,No
WUJN-02FA0,Male,0,No,No,68,Yes,No,Fiber optic,No,No,No,No,No,Yes,Month-to-month,Yes,Bank transfer (automatic),58.41,3978.16,No
UKOW-D254E,Male,0,No,Yes,13,Yes,No,No,No internet service,No internet service,No internet service,No internet service,No internet service,No internet service,Month-to-month,Yes,Mailed check,18.8,176.6,No
UQBU-84774,Male,0,No,No,63,Yes,Yes,No,No internet service,No internet service,No internet service,No internet service,No internet service,No internet service,One year,Yes,Electronic check,36.9,2372.82,No
XXBY-6CC9B,Female,1,No,No,33,Yes,Yes,Fiber optic,Yes,Yes,Yes,No,No,Yes,One year,Yes,Electronic check,66.64,2165.51,No
RWLT-FF278,Female,0,Yes,Yes,22,No,No phone service,Fiber optic,No,No,No,Yes,No,No,Month-to-month,No,Electronic check,59.78,1314.05,No
QQWN-BE1A5,Male,0,No,No,58,Yes,No,DSL,No,No,No,Yes,Yes,Yes,Two year,No,Bank transfer (automatic),59.09,3434.26,No
XOPT-38CC3,Male,0,Yes,No,10,Yes,No,No,No internet service,No internet service,No internet service,No internet service,No internet service,No internet service,One year,No,Bank transfer (automatic),18.8,185.4,No
VEGW-988F3,Male,0,Yes,No,40,Yes,No,No,No internet service,No internet service,No internet service,No internet service,No internet service,No internet service,One year,Yes,Credit card (automatic),18.8,702.51,No
HMVO-BDE77,Male,1,Yes,Yes,47,Yes,No,Fiber optic,No,Yes,No,No,No,No,One year,Yes,Mailed check,46.34,2216.1,No
CCMT-D69D5,Female,0,Yes,Yes,66,Yes,No,DSL,Yes,Yes,No,Yes,No,Yes,Two year,No,Credit card (automatic),52.48,3467.1,No
EXOE-4536D,Female,0,Yes,Yes,20,No,No phone service,No,No internet service,No internet service,No internet service,No internet service,No internet service,No internet service,Month-to-month,Yes,Bank transfer (automatic),23.99,470.28,No
TXVI-02C5B,Male,0,No,No,38,Yes,No,DSL,No,Yes,No,No,No,Yes,Two year,Yes,Bank transfer (automatic),47.07,1796.37,No
LXNX-4C833,Male,0,No,No,45,No,No phone service,Fiber optic,Yes,No,No,No,No,No,Two year,Yes,Electronic check,48.18,2206.17,No
IEYF-998AE,Male,0,Yes,No,1,Yes,No,DSL,No,No,No,No,No,No,Month-to-month,Yes,Electronic check,42.59,104.94,Yes
ZWLS-2E31D,Female,1,Yes,No,65,Yes,No,No,No internet service,No internet service,No internet service,No internet service,No internet service,No internet service,Two year,No,Bank transfer (automatic),19.79,1273.34,No
TDZC-0F33C,Male,0,No,Yes,11,Yes,No,Fiber optic,Yes,Yes,Yes,Yes,No,No,Month-to-month,Yes,Electronic check,48.0,578.05,Yes
PNZC-E4954,Female,0,Yes,No,69,No,No phone service,DSL,No,No,Yes,No,Yes,No,One year,No,Electronic check,46.21,3189.74,No
IOWC-ADBF0,Male,1,Yes,No,9,Yes,No,DSL,No,Yes,No,No,No,No,Two year,Yes,Electronic check,32.86,277.18,No
JLNI-4D3F0,Female,0,No,No,60,Yes,No,DSL,No,No,Yes,No,No,No,Month-to-month,Yes,Bank transfer (automatic),39.54,2379.18,No
LPZT-0B5DC,Male,0,Yes,No,39,Yes,No,Fiber optic,No,Yes,No,No,No,Yes,Two year,No,Bank transfer (automatic),62.4,2366.99,No
EJVX-936C9,Female,0,Yes,No,4,Yes,No,DSL,No,No,No,No,Yes,Yes,One year,No,Electronic check,49.63,284.8,No
FHFM-78FA9,Male,0,No,No,29,Yes,Yes,DSL,No,No,No,No,No,No,Month-to-month,Yes,Credit card (automatic),35.69,1152.03,Yes
JQYA-50319,Male,0,No,Yes,55,Yes,No,No,No internet service,No internet service,No internet service,No internet service,No internet service,No internet service,One year,Yes,Mailed check,18.8,1042.44,No
VYGS-559A9,Male,0,Yes,No,11,Yes,Yes,DSL,Yes,No,No,No,No,Yes,Month-to-month,Yes,Bank transfer (automatic),63.27,668.71,No
CKHA-071B0,Female,0,No,No,48,Yes,No,Fiber optic,No,Yes,No,Yes,No,No,Month-to-month,Yes,Credit card (automatic),57.05,2767.85,No
GZSO-00ECF,Male,0,No,Yes,34,Yes,No,Fiber optic,No,No,No,Yes,No,No,Two year,Yes,Bank transfer (automatic),61.65,2048.6,No
VAUL-B6BDF,Female,0,Yes,No,53,Yes,No,DSL,No,No,Yes,Yes,No,Yes,Month-to-month,Yes,Bank transfer (automatic),44.93,2365.68,No
OHPM-3B16B,Female,0,Yes,Yes,61,Yes,No,Fiber optic,No,No,No,No,Yes,No,One year,Yes,Electronic check,58.68,3705.4,No
XQZV-3D5A3,Male,0,Yes,Yes,65,Yes,No,Fiber optic,No,Yes,No,No,Yes,Yes,Month-to-month,Yes,Bank transfer (automatic),64.32,4188.63,No
NRXY-C8E1F,Male,0,Yes,No,17,Yes,No,Fiber optic,No,Yes,No,No,No,Yes,Two year,No,Bank transfer (automatic),59.31,1004.0,No
FKXS-DB92F,Male,0,Yes,Yes,13,Yes,No,DSL,Yes,No,No,No,Yes,Yes,Month-to-month,Yes,Electronic check,49.64,612.32,No
QRLY-732BB,Female,0,Yes,No,10,Yes,No,DSL,No,No,No,No,Yes,No,Month-to-month,Yes,Electronic check,41.93,431.82,Yes
FSZN-F2685,Male,0,Yes,No,11,Yes,No,Fiber optic,No,No,No,Yes,No,No,Month-to-month,Yes,Electronic check,56.31,541.82,Yes
CLIF-56E76,Female,0,No,Yes,2,Yes,Yes,DSL,No,No,No,No,No,No,One year,Yes,Bank transfer (automatic),50.59,176.02,No
KPHW-661E7,Female,0,No,No,53,Yes,No,DSL,Yes,No,Yes,No,Yes,No,Month-to-month,Yes,Bank transfer (automatic),41.55,2268.9,No
DEJU-1187F,Male,0,No,No,44,Yes,Yes,Fiber optic,No,Yes,No,Yes,Yes,No,Month-to-month,Yes,Mailed check,75.8,3425.95,No
TRIQ-945E8,Male,0,No,Yes,4,Yes,No,Fiber optic,No,No,Yes,Yes,No,No,Month-to-month,Yes,Mailed check,59.27,232.39,No
MUGF-FC6F5,Male,0,No,No,12,Yes,Yes,Fiber optic,No,No,No,Yes,Yes,No,One year,Yes,Bank transfer (automatic),69.88,807.5,No
RASE-3C37E,Male,0,No,No,45,Yes,No,Fiber optic,No,Yes,Yes,No,No,Yes,Month-to-month,Yes,Electronic check,57.28,2498.9,Yes
YLCH-95BF9,Male,0,Yes,Yes,2,Yes,No,DSL,No,No,No,No,No,No,Month-to-month,Yes,Bank transfer (automatic),34.57,40.04,Yes
QNEP-EBCD6,Male,0,Yes,No,60,Yes,Yes,Fiber optic,Yes,No,No,No,No,No,Two year,Yes,Bank transfer (automatic),70.38,4262.59,No
IZLT-A1552,Female,1,No,Yes,7,Yes,No,Fiber optic,Yes,Yes,No,No,Yes,Yes,Month-to-month,Yes,Bank transfer (automatic),60.11,422.15,Yes
UZZF-7319D,Female,0,Yes,Yes,4,Yes,No,DSL,Yes,No,Yes,No,Yes,Yes,One year,No,Electronic check,47.23,225.96,No
CQAV-16166,Female,0,Yes,No,6,Yes,Yes,DSL,Yes,No,No,No,Yes,No,Month-to-month,No,Electronic check,55.17,339.4,No
OVZI-E619B,Male,0,No,Yes,58,No,No phone service,Fiber optic,No,No,No,No,Yes,No,Month-to-month,No,Mailed check,47.58,2772.07,No
HPLD-665E6,Female,0,No,No,71,Yes,No,Fiber optic,No,Yes,No,No,Yes,No,Two year,Yes,Electronic check,58.91,4208.59,No
QAIX-EF0D4,Female,0,No,No,9,Yes,No,No,No internet service,No internet service,No internet service,No internet service,No internet service,No internet service,Month-to-month,Yes,Electronic check,18.8,140.26,No
ACTP-9E11E,Female,0,Yes,Yes,21,Yes,No,Fiber optic,No,Yes,No,No,Yes,No,One year,Yes,Mailed check,57.43,1103.09,No
PUND-8F125,Female,0,Yes,No,7,Yes,Yes,No,No internet service,No internet service,No internet service,No internet service,No internet service,No internet service,Month-to-month,No,Credit card (automatic),33.87,200.68,No
LQEY-23F69,Female,0,No,No,21,No,No phone service,DSL,Yes,Yes,No,No,No,Yes,Two year,Yes,Electronic check,49.59,1008.35,No
LGNU-0E2EF,Male,0,Yes,No,53,Yes,No,Fiber optic,No,No,Yes,No,Yes,No,Two year,No,Mailed check,51.37,2715.32,No
YQXW-AE5DE,Male,0,Yes,No,3,Yes,No,DSL,No,Yes,No,Yes,No,No,Month-to-month,Yes,Electronic check,40.64,134.52,Yes
QDFE-86D42,Female,0,No,Yes,3,No,No phone service,Fiber optic,No,Yes,No,Yes,Yes,No,Month-to-month,No,Mailed check,60.65,187.08,Yes
QDXC-7F8C6,Female,0,No,No,51,Yes,No,DSL,No,Yes,No,Yes,No,Yes,Month-to-month,No,Bank transfer (automatic),45.43,2416.26,No
TSNC-F05AC,Female,0,No,No,63,Yes,No,No,No internet service,No internet service,No internet service,No internet service,No internet service,No internet service,Month-to-month,Yes,Credit card (automatic),18.8,1118.95,No
NKKZ-5D0AA,Male,0,No,Yes,7,Yes,Yes,Fiber optic,No,No,Yes,No,Yes,No,Month-to-month,No,Bank transfer (automatic),74.01,496.73,Yes
RKRL-9EABF,Male,0,Yes,No,9,Yes,Yes,No,No internet service,No internet service,No internet service,No internet service,No internet service,No internet service,Two year,Yes,Electronic check,22.58,239.85,No
FPRS-2C36B,Female,1,Yes,No,34,Yes,No,Fiber optic,Yes,No,No,No,Yes,Yes,Month-to-month,No,Mailed check,59.59,1981.7,Yes
GDRH-DE5B3,Male,1,Yes,No,2,Yes,No,Fiber optic,No,No,No,No,No,Yes,Month-to-month,Yes,Credit card (automatic),58.27,64.12,No
YGWU-5DAA6,Male,0,No,No,6,Yes,Yes,DSL,No,No,No,No,No,Yes,Two year,No,Bank transfer (automatic),53.04,341.67,No
GSBJ-2001F,Female,0,No,Yes,8,Yes,No,Fiber optic,No,No,No,No,Yes,No,Month-to-month,Yes,Credit card (automatic),67.8,642.8,Yes
UZCZ-9CD4B,Male,0,Yes,Yes,57,Yes,No,DSL,Yes,No,No,No,No,No,Month-to-month,No,Electronic check,35.9,2080.41,Yes
QKMF-2EB9B,Male,0,No,Yes,56,Yes,Yes,DSL,No,Yes,No,No,No,Yes,Month-to-month,Yes,Bank transfer (automatic),55.48,3083.75,No
KGYZ-3C7B1,Female,0,Yes,No,67,Yes,No,DSL,No,No,No,Yes,Yes,No,Month-to-month,Yes,Mailed check,50.43,3367.24,No
MDVK-4BF5B,Male,0,No,Yes,5,Yes,No,No,No internet service,No internet service,No internet service,No internet service,No internet service,No internet service,Month-to-month,Yes,Mailed check,18.8,95.36,Yes
RMUD-E60FC,Male,1,No,No,22,Yes,No,No,No internet service,No internet service,No internet service,No internet service,No internet service,No internet service,Month-to-month,Yes,Electronic check,18.8,413.95,Yes
VDTS-E5EB4,Female,0,Yes,No,43,Yes,Yes,No,No internet service,No internet service,No internet service,No internet service,No internet service,No internet service,One year,Yes,Electronic check,32.1,1369.84,No
FXQD-2D239,Male,0,Yes,Yes,46,Yes,Yes,No,No internet service,No internet service,No internet service,No internet service,No internet service,No internet service,Month-to-month,No,Bank transfer (automatic),27.25,1191.22,No
WIRS-9A390,Male,0,Yes,No,25,Yes,No,Fiber optic,No,No,Yes,Yes,No,No,Month-to-month,Yes,Bank transfer (automatic),49.48,1149.42,No
SUUA-E6189,Female,0,Yes,No,1,Yes,No,No,No internet service,No internet service,No internet service,No internet service,No internet service,No internet service,Two year,Yes,Mailed check,22.11,6.07,Yes
KTOF-9414E,Female,0,Yes,Yes,57,Yes,Yes,DSL,Yes,Yes,Yes,No,No,No,Month-to-month,No,Credit card (automatic),59.01,3378.55,No
OIJW-AC9FA,Female,0,No,Yes,39,Yes,No,Fiber optic,No,No,No,No,No,Yes,Two year,Yes,Electronic check,57.33,2284.29,No
KGBT-EA72A,Male,0,Yes,Yes,13,Yes,No,Fiber optic,No,No,No,No,Yes,Yes,One year,Yes,Bank transfer (automatic),66.62,801.1,No
FQHW-E35E0,Female,0,No,Yes,0,Yes,No,DSL,No,Yes,No,No,Yes,No,Two year,Yes,Bank transfer (automatic),36.82,36.82,No
NDLA-260C9,Male,1,Yes,No,0,Yes,No,No,No internet service,No internet service,No internet service,No internet service,No internet service,No internet service,Two year,Yes,Electronic check,19.37,19.37,Yes
LMVV-0A7CC,Female,0,Yes,No,68,Yes,Yes,DSL,No,Yes,No,No,No,No,Month-to-month,No,Electronic check,42.55,2923.04,No
SRFW-B4385,Male,0,Yes,No,37,Yes,No,No,No internet service,No internet service,No internet service,No internet service,No internet service,No internet service,Month-to-month,Yes,Electronic check,18.8,712.68,No
RKEK-DD4C1,Female,0,No,No,3,Yes,No,No,No internet service,No internet service,No internet service,No internet service,No internet service,No internet service,Two year,Yes,Electronic check,18.8,97.88,No
ZTBS-7E3ED,Female,0,Yes,Yes,6,Yes,Yes,Fiber optic,No,Yes,No,No,No,Yes,Two year,Yes,Mailed check,64.54,580.32,No
HLQG-F3387,Female,0,No,No,66,Yes,No,DSL,Yes,Yes,Yes,Yes,No,Yes,Month-to-month,Yes,Electronic check,54.05,3580.72,No
BXGC-8E07E,Female,1,No,Yes,39,Yes,Yes,Fiber optic,Yes,No,No,No,Yes,Yes,Month-to-month,Yes,Bank transfer (automatic),74.42,2848.97,No
XEQV-AAC71,Male,0,No,Yes,65,Yes,No,DSL,Yes,No,Yes,Yes,No,No,Two year,Yes,Credit card (automatic),42.77,2817.44,No
QQWY-5F0F2,Female,1,No,No,21,Yes,No,DSL,Yes,No,No,No,No,No,One year,Yes,Electronic check,40.01,841.68,No
QRQZ-82949,Female,0,Yes,No,62,Yes,No,Fiber optic,Yes,No,No,No,No,Yes,Month-to-month,Yes,Bank transfer (automatic),56.0,3478.45,No
JBQC-59E54,Male,0,No,No,70,Yes,Yes,Fiber optic,Yes,No,Yes,No,No,Yes,One year,Yes,Credit card (automatic),65.39,4547.89,No
HOFN-C1F8A,Female,1,No,No,11,Yes,No,DSL,No,No,No,No,Yes,Yes,Two year,Yes,Electronic check,51.23,563.57,No
QYRW-43A21,Male,0,No,No,36,Yes,No,DSL,No,No,No,No,No,Yes,Month-to-month,No,Bank transfer (automatic),46.55,1663.95,Yes
FHCS-934EE,Female,0,Yes,No,41,Yes,No,No,No internet service,No internet service,No internet service,No internet service,No internet service,No internet service,Month-to-month,Yes,Credit card (automatic),27.76,1132.67,No
DPIJ-9F9FD,Female,0,No,No,33,Yes,Yes,Fiber optic,No,No,Yes,Yes,Yes,Yes,One year,No,Bank transfer (automatic),80.74,2722.39,No
UUUG-FE9BE,Female,0,Yes,No,61,Yes,Yes,No,No internet service,No internet service,No internet service,No internet service,No internet service,No internet service,One year,No,Bank transfer (automatic),22.12,1268.36,No
DBZO-B8804,Male,0,Yes,No,31,Yes,Yes,DSL,No,No,No,No,Yes,Yes,Two year,Yes,Electronic check,61.08,1898.79,No
CLAU-4B006,Female,1,No,Yes,55,Yes,Yes,DSL,No,Yes,Yes,No,No,No,Month-to-month,Yes,Electronic check,44.01,2457.41,Yes
UVOP-BAB06,Female,0,No,No,7,Yes,Yes,Fiber optic,No,No,No,No,No,Yes,Month-to-month,No,Bank transfer (automatic),70.93,409.69,Yes
VLDR-488BE,Female,0,No,No,41,Yes,No,Fiber optic,No,Yes,No,No,No,No,Month-to-month,Yes,Electronic check,43.51,1768.37,Yes
SZAU-6B180,Male,1,No,No,8,Yes,Yes,DSL,No,No,No,No,Yes,Yes,One year,No,Mailed check,55.65,407.41,No
RFDC-4FF1F,Male,0,Yes,No,48,Yes,No,No,No internet service,No internet service,No internet service,No internet service,No internet service,No internet service,Month-to-month,No,Credit card (automatic),18.8,962.9,No
PIYG-23272,Female,0,Yes,No,2,Yes,Yes,No,No internet service,No internet service,No internet service,No internet service,No internet service,No internet service,Month-to-month,Yes,Credit card (automatic),32.06,194.71,Yes
FJQW-1A1F4,Male,0,No,Yes,4,Yes,No,DSL,No,No,No,No,No,No,Month-to-month,Yes,Mailed check,39.7,177.58,No
WUII-577A7,Female,0,Yes,Yes,16,Yes,No,DSL,No,No,No,Yes,No,No,Month-to-month,Yes,Electronic check,38.85,631.74,No
UMHI-B244A,Female,0,No,No,1,Yes,Yes,Fiber optic,Yes,Yes,No,No,No,No,Month-to-month,No,Credit card (automatic),64.2,25.89,No
DLRY-7F9C3,Female,1,Yes,No,0,Yes,Yes,No,No internet service,No internet service,No internet service,No internet service,No internet service,No internet service,Month-to-month,No,Mailed check,38.23,38.23,No
XGDC-AA3E4,Female,0,Yes,No,13,Yes,Yes,DSL,Yes,Yes,No,Yes,No,Yes,Two year,Yes,Electronic check,60.53,706.75,No
PNPT-EBED5,Female,0,No,No,61,Yes,No,DSL,No,No,Yes,No,No,Yes,Month-to-month,No,Credit card (automatic),40.23,2454.36,No
OFYZ-EBDC3,Female,0,Yes,No,2,Yes,No,Fiber optic,Yes,No,No,No,Yes,No,One year,No,Credit card (automatic),57.2,89.07,No
GNKT-BFC05,Female,0,No,Yes,7,No,No phone service,Fiber optic,Yes,Yes,No,No,No,No,Month-to-month,Yes,Mailed check,44.08,273.54,No
IQIZ-47D50,Male,0,Yes,No,7,No,No phone service,Fiber optic,Yes,No,Yes,No,Yes,Yes,Month-to-month,No,Electronic check,61.85,330.58,Yes
IJPS-86822,Male,0,Yes,No,42,Yes,No,Fiber optic,No,No,No,No,No,Yes,Two year,Yes,Bank transfer (automatic),57.78,2508.56,No
PWNB-F5BEF,Male,0,No,No,55,Yes,No,DSL,No,No,No,No,No,No,Two year,Yes,Bank transfer (automatic),29.42,1612.49,No
DEQT-D82BA,Male,0,Yes,No,40,Yes,Yes,Fiber optic,No,No,No,No,No,No,Two year,No,Electronic check,56.16,2207.63,No
MQFV-0DDAD,Male,0,No,No,6,Yes,Yes,Fiber optic,No,No,No,No,Yes,No,One year,No,Electronic check,62.22,327.16,No
XEOQ-FB982,Male,0,Yes,No,64,Yes,Yes,No,No internet service,No internet service,No internet service,No internet service,No internet service,No internet service,Month-to-month,Yes,Electronic check,27.52,1832.6,Yes
ILWW-A1B7A,Male,0,Yes,No,37,Yes,No,No,No internet service,No internet service,No internet service,No internet service,No internet service,No internet service,Month-to-month,Yes,Credit card (automatic),18.8,665.37,No
LSFD-3E145,Female,0,No,No,15,Yes,No,Fiber optic,Yes,No,No,Yes,Yes,No,One year,No,Electronic check,70.79,1072.16,No
VJXZ-A59A1,Female,0,No,No,12,Yes,Yes,No,No internet service,No internet service,No internet service,No internet service,No internet service,No internet service,Two year,Yes,Credit card (automatic),21.57,231.87,No
VLVP-D101D,Female,0,Yes,No,6,Yes,No,Fiber optic,No,Yes,No,Yes,No,No,Month-to-month,Yes,Electronic check,56.81,357.25,No
ZZIG-5D48A,Female,0,No,Yes,55,Yes,Yes,Fiber optic,No,No,No,No,No,No,One year,Yes,Electronic check,61.2,3370.11,No
JMRU-3820A,Male,0,No,No,49,Yes,Yes,DSL,Yes,Yes,Yes,Yes,Yes,No,Two year,No,Mailed check,65.28,3224.18,No
MGBY-DE103,Male,0,Yes,No,34,Yes,No,Fiber optic,No,No,Yes,No,Yes,Yes,Month-to-month,No,Mailed check,59.08,1997.1,No
CLQF-68579,Female,0,Yes,Yes,39,Yes,Yes,No,No internet service,No internet service,No internet service,No internet service,No internet service,No internet service,Two year,Yes,Electronic check,39.53,1540.33,No
YICW-97BF2,Female,0,No,No,5,Yes,Yes,Fiber optic,No,Yes,Yes,No,No,No,Two year,Yes,Credit card (automatic),58.83,225.02,Yes
WQPW-4C9E7,Male,0,Yes,No,31,No,No phone service,Fiber optic,Yes,No,No,No,No,Yes,Month-to-month,Yes,Electronic check,56.7,1839.93,No
SMKJ-ED3D9,Female,0,Yes,Yes,4,Yes,Yes,DSL,No,No,Yes,No,Yes,Yes,Month-to-month,Yes,Electronic check,61.56,197.06,Yes
CTEW-7E71C,Female,0,No,Yes,20,Yes,Yes,Fiber optic,No,No,Yes,No,No,No,One year,No,Mailed check,56.29,1152.37,No
SHFW-C4B32,Female,1,Yes,No,20,Yes,No,Fiber optic,No,No,No,No,No,Yes,Month-to-month,No,Mailed check,53.15,1112.73,Yes
RVXM-28AF1,Female,1,No,Yes,61,Yes,No,DSL,No,Yes,No,No,Yes,No,Month-to-month,No,Electronic check,35.51,2128.63,Yes
RNPC-09390,Male,0,No,No,11,No,No phone service,DSL,Yes,No,Yes,Yes,Yes,No,Month-to-month,Yes,Electronic check,51.29,562.95,No
UILI-68ABF,Female,0,No,No,57,Yes,No,Fiber optic,Yes,Yes,No,No,Yes,No,Month-to-month,Yes,Credit card (automatic),70.34,4068.82,No
EWPI-EB22A,Female,0,No,No,21,Yes,Yes,No,No internet service,No internet service,No internet service,No internet service,No internet service,No internet service,Month-to-month,Yes,Bank transfer (automatic),27.23,499.91,No
SBQN-FBE0C,Male,0,Yes,Yes,10,Yes,Yes,Fiber optic,No,No,No,No,No,No,Month-to-month,No,Electronic check,60.49,579.55,No
IOWW-33BE9,Male,0,Yes,No,27,Yes,No,DSL,No,Yes,No,Yes,No,Yes,One year,Yes,Electronic check,49.56,1322.41,No
BETT-E861C,Female,0,Yes,No,8,Yes,Yes,Fiber optic,No,No,No,Yes,No,Yes,Month-to-month,No,Bank transfer (automatic),68.35,605.11,No
YBMJ-BC3F2,Male,0,No,Yes,40,Yes,No,Fiber optic,No,Yes,No,No,Yes,No,Month-to-month,Yes,Electronic check,64.48,2595.83,Yes
UTER-441BC,Female,0,Yes,No,37,Yes,Yes,Fiber optic,No,No,Yes,No,No,No,Month-to-month,Yes,Mailed check,54.62,2034.18,No
NUJO-C6928,Female,1,Yes,No,8,Yes,No,Fiber optic,Yes,No,Yes,No,No,Yes,Month-to-month,Yes,Electronic check,57.01,392.29,Yes
WUHO-9FDDC,Male,0,No,Yes,14,No,No phone service,Fiber optic,No,Yes,No,No,No,Yes,Two year,Yes,Bank transfer (automatic),55.03,780.74,No
JJML-FEE93,Female,0,No,No,54,Yes,No,DSL,Yes,No,No,No,Yes,Yes,One year,Yes,Credit card (automatic),49.89,2634.55,No
DHQJ-AE5E8,Female,0,Yes,No,36,Yes,Yes,No,No internet service,No internet service,No internet service,No internet service,No internet service,No internet service,Month-to-month,Yes,Credit card (automatic),36.93,1300.01,Yes
UBHY-E9006,Female,0,Yes,Yes,68,Yes,No,No,No internet service,No internet service,No internet service,No internet service,No internet service,No internet service,Month-to-month,No,Bank transfer (automatic),18.8,1305.63,No
XJWN-2853A,Female,0,No,No,17,No,No phone service,DSL,No,No,No,Yes,No,No,One year,Yes,Credit card (automatic),43.05,654.86,No
FXUU-1F7B3,Male,0,No,No,7,Yes,No,DSL,No,No,No,No,No,No,Month-to-month,Yes,Bank transfer (automatic),43.79,267.68,No
TISH-EB770,Male,0,Yes,Yes,34,Yes,No,No,No internet service,No internet service,No internet service,No internet service,No internet service,No internet service,Two year,Yes,Electronic check,26.55,863.56,Yes
HUVZ-14C53,Female,0,Yes,Yes,5,Yes,No,No,No internet service,No internet service,No internet service,No internet service,No internet service,No internet service,Month-to-month,Yes,Electronic check,19.58,162.38,No
HXWA-D8D9B,Male,0,No,Yes,14,Yes,Yes,Fiber optic,No,No,Yes,Yes,Yes,No,Month-to-month,No,Electronic check,79.74,1053.49,No
PTVN-1167D,Female,1,No,Yes,0,Yes,Yes,DSL,No,No,No,No,No,No,One year,No,Electronic check,37.98,37.98,No
AXBM-680C2,Female,0,No,Yes,27,Yes,Yes,No,No internet service,No internet service,No internet service,No internet service,No internet service,No internet service,One year,No,Electronic check,34.75,905.27,No
UOXZ-D76AA,Female,0,Yes,No,28,Yes,No,DSL,No,No,No,No,Yes,Yes,One year,No,Mailed check,52.67,1544.04,No
UMMD-2DF95,Female,0,Yes,Yes,2,Yes,No,DSL,Yes,Yes,No,Yes,No,No,Two year,No,Electronic check,31.9,48.32,Yes
BBRQ-431A9,Female,0,No,No,44,Yes,Yes,DSL,No,No,Yes,No,No,Yes,Two year,No,Electronic check,54.15,2448.8,No
ITVN-40C95,Male,0,Yes,No,25,Yes,No,Fiber optic,Yes,No,No,No,Yes,Yes,Month-to-month,Yes,Credit card (automatic),65.92,1639.78,No
AVYM-49D90,Female,0,Yes,No,26,Yes,No,DSL,No,Yes,No,No,No,No,Month-to-month,No,Credit card (automatic),29.08,779.14,No
FCKL-8C1F4,Male,0,Yes,No,0,Yes,Yes,DSL,No,Yes,No,No,No,No,Month-to-month,Yes,Electronic check,45.3,45.3,No
NFJV-07996,Male,0,No,No,22,Yes,No,Fiber optic,No,No,Yes,No,Yes,Yes,Month-to-month,No,Electronic check,67.47,1591.9,Yes
JXGM-5CCD1,Female,0,No,Yes,0,Yes,No,DSL,Yes,Yes,No,No,No,Yes,Month-to-month,No,Bank transfer (automatic),48.39,48.39,Yes
CJLB-EE6C9,Female,0,No,Yes,0,Yes,No,Fiber optic,No,Yes,No,Yes,No,Yes,Month-to-month,No,Bank transfer (automatic),68.26,68.26,No
RWCG-6E960,Female,1,No,Yes,20,Yes,Yes,DSL,No,No,Yes,No,No,No,Two year,Yes,Electronic check,52.97,1052.9,Yes
PHIZ-82061,Female,0,No,No,3,Yes,No,DSL,No,Yes,No,Yes,Yes,No,One year,Yes,Credit card (automatic),51.79,127.87,No
LKWI-49A01,Female,0,No,No,6,No,No phone service,No,No internet service,No internet service,No internet service,No internet service,No internet service,No internet service,Two year,Yes,Electronic check,18.8,152.53,Yes
EUFZ-7E362,Male,0,Yes,No,22,Yes,No,Fiber optic,No,Yes,No,Yes,No,No,Two year,Yes,Bank transfer (automatic),46.58,1018.94,No
VPBT-EAC46,Female,1,Yes,No,12,Yes,No,No,No internet service,No internet service,No internet service,No internet service,No internet service,No internet service,Month-to-month,Yes,Credit card (automatic),18.8,208.11,No
WPPT-923C3,Female,0,No,No,11,Yes,Yes,Fiber optic,Yes,Yes,No,No,No,Yes,Month-to-month,No,Electronic check,68.55,723.89,No
RMQG-4B24F,Male,0,Yes,Yes,63,Yes,Yes,No,No internet service,No internet service,No internet service,No internet service,No internet service,No internet service,Two year,Yes,Mailed check,31.0,1871.72,No
DPDS-297B0,Male,0,No,No,28,Yes,No,No,No internet service,No internet service,No internet service,No internet service,No internet service,No internet service,One year,Yes,Electronic check,22.25,681.71,No
NOGH-B89E6,Female,0,Yes,No,15,Yes,Yes,No,No internet service,No internet service,No internet service,No internet service,No internet service,No internet service,Two year,Yes,Credit card (automatic),36.26,498.18,No
WZOF-60B4E,Male,0,Yes,Yes,7,Yes,Yes,Fiber optic,No,Yes,Yes,No,Yes,No,Month-to-month,Yes,Bank transfer (automatic),67.28,474.68,Yes
QMEC-AC405,Female,0,No,Yes,36,Yes,No,Fiber optic,No,Yes,Yes,Yes,Yes,No,One year,Yes,Mailed check,66.01,2490.49,No
TPCC-1CC6B,Male,1,No,No,11,Yes,No,DSL,No,Yes,No,No,No,Yes,One year,Yes,Electronic check,51.31,533.71,No
AOHV-7D97F,Male,0,No,No,2,Yes,No,No,No internet service,No internet service,No internet service,No internet service,No internet service,No internet service,Month-to-month,No,Electronic check,20.14,29.97,Yes
ZLJQ-26DE6,Female,1,No,No,3,Yes,No,Fiber optic,Yes,No,No,No,Yes,Yes,Month-to-month,Yes,Bank transfer (automatic),64.56,126.66,No
KWFB-11E05,Male,0,Yes,No,32,Yes,No,No,No internet service,No internet service,No internet service,No internet service,No internet service,No internet service,Month-to-month,Yes,Bank transfer (automatic),18.8,640.44,No
PPVZ-631E5,Male,0,Yes,No,8,Yes,Yes,DSL,Yes,Yes,No,No,No,No,Month-to-month,Yes,Mailed check,44.47,396.13,Yes
XJTQ-BA410,Male,1,No,No,0,Yes,No,Fiber optic,No,Yes,No,No,No,Yes,Month-to-month,Yes,Electronic check,62.53,62.53,Yes
KXQR-47629,Male,0,Yes,Yes,59,Yes,No,DSL,No,No,No,No,No,No,Month-to-month,No,Electronic check,31.43,1907.4,No
JKPA-E3AC2,Male,0,Yes,No,8,Yes,No,Fiber optic,No,No,No,Yes,Yes,No,Month-to-month,No,Electronic check,62.74,458.37,No
GKVQ-7D7EC,Male,0,Yes,No,39,Yes,Yes,DSL,No,Yes,No,No,No,No,Month-to-month,No,Credit card (automatic),46.44,1778.69,Yes
EJAG-010A6,Female,0,Yes,Yes,4,Yes,No,Fiber optic,No,Yes,Yes,No,No,Yes,Month-to-month,No,Electronic check,57.01,251.6,No
MTVN-7A674,Female,0,No,No,72,Yes,No,Fiber optic,No,Yes,No,Yes,No,No,One year,Yes,Mailed check,52.62,3818.09,No
EFRV-619E8,Male,0,No,No,71,Yes,No,No,No internet service,No internet service,No internet service,No internet service,No internet service,No internet service,Month-to-month,Yes,Credit card (automatic),18.8,1248.84,No
ACNW-0CC03,Female,0,No,No,39,Yes,No,DSL,No,Yes,Yes,Yes,No,No,Month-to-month,Yes,Mailed check,36.59,1431.38,No
AOEX-1AC24,Female,0,No,No,37,Yes,No,Fiber optic,Yes,Yes,No,No,No,Yes,Two year,No,Electronic check,56.16,2076.18,No
UCLG-0775C,Female,0,Yes,No,41,Yes,No,DSL,Yes,No,No,No,No,Yes,One year,Yes,Credit card (automatic),43.62,1744.07,No
CLET-8B170,Male,0,Yes,No,42,Yes,Yes,No,No internet service,No internet service,No internet service,No internet service,No internet service,No internet service,Two year,Yes,Electronic check,24.87,1046.86,No
IYSC-5D2C5,Female,0,Yes,No,41,Yes,Yes,Fiber optic,No,No,No,No,No,No,Two year,Yes,Mailed check,48.09,1945.7,No
MWRH-0362E,Male,0,Yes,No,45,Yes,No,DSL,Yes,Yes,No,No,No,No,One year,No,Credit card (automatic),35.13,1605.9,No
BOZI-81BFC,Female,0,Yes,No,55,Yes,Yes,Fiber optic,No,Yes,Yes,No,Yes,No,Month-to-month,Yes,Bank transfer (automatic),74.39,4129.45,No
DJSU-6F3B7,Male,0,Yes,No,62,Yes,No,Fiber optic,No,No,Yes,No,Yes,No,Month-to-month,Yes,Electronic check,59.65,3767.61,No
SPLV-DD16B,Male,0,No,No,0,Yes,No,Fiber optic,Yes,No,Yes,No,Yes,Yes,Month-to-month,Yes,Electronic check,60.43,60.43,Yes
WJTO-3E794,Female,1,No,No,30,Yes,Yes,No,No internet service,No internet service,No internet service,No internet service,No internet service,No internet service,Month-to-month,Yes,Credit card (automatic),30.36,945.33,Yes
ALSI-ECACD,Female,0,No,Yes,53,Yes,Yes,DSL,Yes,No,No,No,No,No,Two year,No,Electronic check,36.66,1960.91,No
SVSW-15E70,Male,0,No,Yes,63,Yes,No,DSL,No,No,Yes,Yes,Yes,Yes,Month-to-month,No,Electronic check,51.46,3274.14,No
WRXA-28285,Female,0,Yes,No,50,Yes,Yes,Fiber optic,No,Yes,Yes,Yes,No,No,Month-to-month,No,Mailed check,60.85,3009.8,No
FUBW-29F1E,Female,0,Yes,No,16,Yes,Yes,No,No internet service,No internet service,No internet service,No internet service,No internet service,No internet service,Month-to-month,Yes,Bank transfer (automatic),30.19,527.24,No
HTWG-5D114,Female,0,Yes,No,56,Yes,No,Fiber optic,No,No,No,No,No,No,One year,Yes,Mailed check,57.35,3191.57,No
PUOM-D2E54,Male,0,Yes,No,35,Yes,No,DSL,No,No,No,Yes,No,Yes,Month-to-month,Yes,Electronic check,46.23,1638.03,Yes
YQLI-7C224,Male,0,Yes,No,11,Yes,No,Fiber optic,No,Yes,Yes,No,No,Yes,Two year,No,Electronic check,65.28,718.18,No
MVFU-E6FEC,Female,1,Yes,No,0,No,No phone service,Fiber optic,No,No,No,No,No,Yes,Month-to-month,Yes,Bank transfer (automatic),59.55,59.55,No
JHWL-0B5ED,Female,0,No,No,57,Yes,Yes,DSL,No,No,No,No,Yes,Yes,Two year,Yes,Credit card (automatic),51.57,2850.98,No
CXYT-4ADD6,Female,0,No,No,20,Yes,Yes,No,No internet service,No internet service,No internet service,No internet service,No internet service,No internet service,One year,No,Electronic check,30.07,565.48,No
SKGR-73A59,Male,0,No,No,44,Yes,Yes,DSL,No,No,No,No,No,Yes,One year,Yes,Credit card (automatic),55.41,2423.09,No
JXWM-B2F3D,Male,1,Yes,No,62,Yes,No,Fiber optic,Yes,Yes,No,No,No,No,Month-to-month,No,Electronic check,52.43,3190.7,No
VEAT-DB0A6,Female,0,No,No,22,Yes,No,No,No internet service,No internet service,No internet service,No internet service,No internet service,No internet service,Month-to-month,Yes,Electronic check,19.81,473.73,No
XUUK-5D110,Female,0,No,No,52,Yes,No,Fiber optic,Yes,No,No,No,No,Yes,Month-to-month,Yes,Electronic check,52.56,2758.32,No
NBPE-E61B5,Female,0,No,No,68,Yes,Yes,DSL,No,Yes,No,Yes,Yes,No,One year,No,Mailed check,49.26,3332.87,No
GRYZ-6D3DF,Female,0,Yes,Yes,29,No,No phone service,DSL,No,No,No,Yes,No,Yes,One year,No,Mailed check,52.05,1504.15,No
NNOB-DBD1C,Female,0,No,Yes,3,Yes,Yes,Fiber optic,No,No,No,No,Yes,No,One year,No,Electronic check,74.46,198.75,No
JVZW-E1548,Female,0,No,No,46,Yes,No,DSL,No,Yes,No,Yes,No,Yes,Two year,Yes,Electronic check,55.38,2518.94,No
ZROU-2A83A,Male,0,Yes,Yes,8,Yes,No,No,No internet service,No internet service,No internet service,No internet service,No internet service,No internet service,One year,No,Bank transfer (automatic),21.02,154.02,No
VVVV-70F7A,Female,0,Yes,No,3,Yes,No,No,No internet service,No internet service,No internet service,No internet service,No internet service,No internet service,Month-to-month,Yes,Electronic check,22.84,86.32,Yes
AXXY-2D929,Male,0,Yes,Yes,9,Yes,No,DSL,Yes,No,No,Yes,No,Yes,Two year,Yes,Mailed check,52.8,474.25,No
MQCO-ABCAB,Female,0,No,No,16,No,No phone service,No,No internet service,No internet service,No internet service,No internet service,No internet service,No internet service,One year,Yes,Bank transfer (automatic),18.8,269.48,Yes
CUJO-8F56C,Female,0,No,Yes,12,Yes,No,Fiber optic,No,No,Yes,Yes,No,No,Month-to-month,Yes,Electronic check,46.95,611.82,No
QIIV-D26C1,Male,0,Yes,Yes,3,Yes,Yes,Fiber optic,No,No,No,Yes,No,No,Two year,Yes,Mailed check,61.93,168.32,No
EENL-52AC3,Male,0,Yes,Yes,9,Yes,Yes,DSL,No,Yes,No,No,Yes,Yes,One year,No,Credit card (automatic),67.11,620.69,No
RUOO-2FFBE,Male,0,No,No,41,Yes,No,DSL,No,Yes,Yes,No,Yes,Yes,Two year,Yes,Mailed check,59.24,2451.41,No
PRVA-33A36,Male,0,Yes,No,23,Yes,No,Fiber optic,No,Yes,No,No,Yes,No,Month-to-month,Yes,Mailed check,53.74,1224.63,No
MTNA-A61A4,Female,0,Yes,No,53,Yes,Yes,Fiber optic,No,No,Yes,No,No,Yes,One year,Yes,Credit card (automatic),69.13,3613.8,No
LZGX-7EDD3,Male,0,Yes,No,1,Yes,Yes,Fiber optic,No,Yes,Yes,No,No,No,Month-to-month,No,Bank transfer (automatic),59.56,37.66,No
UJXZ-9E80D,Female,0,No,No,5,Yes,Yes,DSL,Yes,Yes,No,No,Yes,No,Month-to-month,Yes,Mailed check,56.63,265.88,Yes
NBBS-EB746,Male,0,No,No,4,Yes,Yes,DSL,No,No,No,Yes,Yes,Yes,Month-to-month,No,Electronic check,56.15,177.99,Yes
IHDO-324C9,Female,0,Yes,No,67,Yes,No,No,No internet service,No internet service,No internet service,No internet service,No internet service,No internet service,One year,No,Electronic check,19.61,1349.05,No
MPOM-DB2D2,Female,0,No,Yes,0,Yes,No,No,No internet service,No internet service,No internet service,No internet service,No internet service,No internet service,Month-to-month,Yes,Mailed check,18.8,18.8,Yes
CKKU-B07CB,Female,1,No,Yes,11,Yes,No,Fiber optic,No,No,No,No,No,Yes,Month-to-month,Yes,Electronic check,55.21,652.44,Yes
NQOG-9A0B3,Female,0,Yes,No,0,Yes,Yes,DSL,Yes,Yes,Yes,No,No,Yes,One year,No,Mailed check,56.76,56.76,No
ATKK-989FA,Female,1,No,Yes,48,Yes,No,DSL,No,Yes,No,No,No,Yes,Month-to-month,Yes,Bank transfer (automatic),43.0,2032.7,Yes
BFLM-5212F,Female,0,Yes,No,10,Yes,No,Fiber optic,Yes,No,Yes,No,Yes,No,One year,Yes,Credit card (automatic),58.92,593.41,No
KYII-7F904,Male,1,No,No,39,Yes,No,Fiber optic,Yes,No,No,Yes,Yes,No,Month-to-month,No,Electronic check,59.91,2259.07,Yes
ZEVY-389CC,Female,0,Yes,No,56,Yes,Yes,Fiber optic,Yes,No,Yes,Yes,No,Yes,One year,Yes,Electronic check,68.59,3861.62,No
BIYJ-3A32C,Male,0,No,Yes,60,Yes,No,No,No internet service,No internet service,No internet service,No internet service,No internet service,No internet service,One year,No,Bank transfer (automatic),18.8,1093.13,No
DXGC-B2558,Male,0,Yes,No,12,Yes,No,Fiber optic,Yes,No,No,Yes,No,No,Month-to-month,Yes,Electronic check,52.66,662.72,No
MFGF-0A715,Female,0,No,No,38,Yes,No,No,No internet service,No internet service,No internet service,No internet service,No internet service,No internet service,One year,Yes,Electronic check,18.8,746.08,No
RHKT-AB67D,Male,0,Yes,No,17,Yes,No,DSL,Yes,No,No,Yes,Yes,Yes,One year,Yes,Electronic check,56.84,1004.59,No
WBVX-F4801,Female,0,No,No,23,Yes,Yes,Fiber optic,Yes,No,Yes,No,Yes,No,One year,Yes,Bank transfer (automatic),70.26,1697.71,No
OFFH-72CAC,Male,0,Yes,Yes,40,Yes,Yes,No,No internet service,No internet service,No internet service,No internet service,No internet service,No internet service,Month-to-month,No,Mailed check,31.36,1209.63,No
YPJZ-9760F,Female,0,No,No,51,No,No phone service,Fiber optic,No,No,No,Yes,No,Yes,One year,Yes,Electronic check,62.32,3208.57,No
VSFY-23145,Male,0,No,No,2,Yes,Yes,No,No internet service,No internet service,No internet service,No internet service,No internet service,No internet service,One year,Yes,Electronic check,28.15,5.27,Yes
UIYH-89DCD,Female,0,Yes,Yes,18,Yes,Yes,Fiber optic,No,No,No,No,No,No,One year,Yes,Mailed check,62.62,1123.18,Yes
YDCL-27941,Female,0,No,Yes,55,Yes,Yes,No,No internet service,No internet service,No internet service,No internet service,No internet service,No internet service,Month-to-month,Yes,Electronic check,28.37,1496.39,No
ZJVQ-AC43F,Female,0,Yes,No,2,Yes,No,Fiber optic,No,Yes,No,Yes,No,No,Month-to-month,Yes,Mailed check,54.44,148.81,No
RHQK-D85BC,Female,0,No,No,42,Yes,No,Fiber optic,No,Yes,No,No,No,Yes,One year,Yes,Credit card (automatic),61.49,2542.57,No
JTGG-D90A4,Male,1,No,No,9,Yes,No,DSL,No,No,Yes,Yes,No,No,Month-to-month,Yes,Credit card (automatic),41.69,401.73,No
HLLX-64C80,Female,0,Yes,Yes,58,Yes,Yes,Fiber optic,Yes,No,No,No,Yes,No,Two year,Yes,Credit card (automatic),67.89,3976.58,No
QNOE-7AAAF,Male,0,No,No,32,Yes,Yes,DSL,Yes,No,No,No,No,No,Two year,Yes,Electronic check,37.56,1196.26,No
NLOI-5B5BB,Male,0,Yes,No,10,No,No phone service,DSL,No,Yes,No,No,No,No,Two year,Yes,Bank transfer (automatic),22.85,241.36,No
YDJU-6ABE3,Male,0,Yes,No,10,Yes,No,DSL,Yes,No,No,Yes,No,No,Month-to-month,Yes,Credit card (automatic),42.12,497.69,No
GMNX-03E9A,Female,0,No,No,5,Yes,Yes,Fiber optic,No,No,No,No,No,No,Two year,Yes,Credit card (automatic),62.21,366.45,Yes
GQJT-14A9D,Male,0,No,No,18,Yes,Yes,DSL,No,No,No,No,No,No,Month-to-month,Yes,Electronic check,47.16,906.7,No
UACJ-F7E0F,Male,0,Yes,Yes,53,Yes,Yes,No,No internet service,No internet service,No internet service,No internet service,No internet service,No internet service,Month-to-month,Yes,Credit card (automatic),26.3,1446.21,No
BVWH-49B13,Male,1,Yes,No,49,Yes,No,Fiber optic,Yes,No,Yes,No,Yes,Yes,Two year,No,Mailed check,72.42,3583.2,No
TUDX-DD3A2,Female,0,No,No,21,Yes,No,Fiber optic,No,No,Yes,No,No,No,Month-to-month,Yes,Credit card (automatic),53.37,1144.84,Yes
FBMS-3243D,Female,0,Yes,No,71,Yes,Yes,DSL,Yes,No,No,Yes,Yes,No,Month-to-month,Yes,Bank transfer (automatic),59.52,4182.67,No
EHHF-F3794,Male,1,No,No,20,No,No phone service,Fiber optic,No,No,No,No,No,No,Two year,No,Mailed check,50.14,972.97,No
MEMA-7551F,Female,0,No,No,66,Yes,No,DSL,No,No,Yes,Yes,No,No,Two year,Yes,Electronic check,33.86,2269.78,No
ADCZ-56C01,Female,0,Yes,No,50,Yes,Yes,Fiber optic,No,No,No,Yes,No,No,One year,No,Electronic check,72.94,3676.18,No
ERZQ-DE422,Male,0,Yes,No,71,Yes,No,DSL,No,No,Yes,No,No,No,One year,Yes,Mailed check,33.92,2485.93,No
URWN-FECC1,Male,0,No,Yes,5,Yes,Yes,DSL,No,Yes,No,No,Yes,Yes,Month-to-month,Yes,Mailed check,50.8,244.6,Yes
TYHV-53B27,Female,0,Yes,No,15,Yes,No,DSL,No,No,No,No,No,No,Month-to-month,No,Electronic check,28.81,399.08,No
YEEY-C76FB,Male,0,No,Yes,4,Yes,No,Fiber optic,No,No,Yes,No,No,No,Month-to-month,Yes,Mailed check,49.07,134.6,Yes
XCNS-080EA,Female,0,No,No,65,No,No phone service,No,No internet service,No internet service,No internet service,No internet service,No internet service,No internet service,Month-to-month,No,Mailed check,18.8,1245.58,No
ENCU-3912F,Female,1,No,Yes,44,Yes,Yes,DSL,No,No,No,No,No,No,Two year,No,Bank transfer (automatic),42.8,1919.42,No
KDSF-9CA33,Female,0,Yes,No,2,No,No phone service,Fiber optic,No,No,No,No,Yes,No,Two year,Yes,Bank transfer (automatic),54.14,107.69,Yes
FQRN-60DAA,Female,1,Yes,No,16,Yes,No,DSL,No,Yes,No,No,Yes,Yes,Month-to-month,Yes,Electronic check,54.87,841.85,No
CHHP-CD856,Female,1,No,No,9,Yes,No,Fiber optic,No,No,Yes,No,Yes,Yes,Two year,Yes,Electronic check,70.26,613.25,No
TIKU-87B40,Female,0,No,Yes,53,No,No phone service,Fiber optic,No,No,No,Yes,No,Yes,One year,Yes,Mailed check,66.57,3539.6,No
ULIC-EB497,Male,0,No,No,41,Yes,Yes,Fiber optic,Yes,No,No,No,Yes,No,One year,Yes,Electronic check,68.13,2827.2,No
IIBZ-ED5F4,Male,0,Yes,No,46,No,No phone service,Fiber optic,No,No,Yes,No,Yes,Yes,Month-to-month,Yes,Credit card (automatic),73.7,3393.19,No
VCIP-F46D7,Female,0,No,Yes,0,Yes,No,No,No internet service,No internet service,No internet service,No internet service,No internet service,No internet service,Month-to-month,Yes,Mailed check,25.24,25.24,No
RKAH-903F0,Female,0,Yes,No,20,Yes,Yes,Fiber optic,Yes,No,No,No,Yes,No,Two year,Yes,Mailed check,74.27,1480.72,No
GQOF-0E890,Female,1,No,No,1,Yes,Yes,DSL,No,Yes,No,No,Yes,No,Two year,No,Mailed check,49.81,19.9,No
FBZU-8A2F8,Male,0,No,No,37,Yes,No,Fiber optic,No,No,No,No,No,Yes,One year,No,Bank transfer (automatic),58.78,2219.61,No
NYCL-1647B,Female,0,No,No,21,No,No phone service,Fiber optic,No,No,Yes,No,No,No,Month-to-month,Yes,Bank transfer (automatic),47.99,1064.36,Yes
HBES-9FE2B,Male,0,Yes,No,55,Yes,No,Fiber optic,No,Yes,No,No,No,No,Two year,Yes,Bank transfer (automatic),52.52,2882.97,No
CCUK-F084F,Female,0,No,No,65,Yes,No,Fiber optic,No,No,No,No,Yes,No,One year,Yes,Electronic check,53.81,3472.85,No
RUHX-DC7EA,Female,0,Yes,No,7,Yes,No,Fiber optic,No,Yes,Yes,Yes,Yes,No,Month-to-month,Yes,Bank transfer (automatic),60.36,444.8,Yes
BWAR-3EBCB,Male,0,No,Yes,4,Yes,No,Fiber optic,No,Yes,Yes,No,Yes,No,Two year,No,Credit card (automatic),63.59,160.47,No
OWHN-41E70,Male,0,Yes,Yes,16,Yes,No,No,No internet service,No internet service,No internet service,No internet service,No internet service,No internet service,Month-to-month,No,Bank transfer (automatic),21.34,380.48,No
VYRI-DB45F,Female,0,Yes,No,68,Yes,No,No,No internet service,No internet service,No internet service,No internet service,No internet service,No internet service,Month-to-month,No,Credit card (automatic),18.8,1210.41,No
YRAF-58DD4,Female,0,Yes,No,42,Yes,Yes,No,No internet service,No internet service,No internet service,No internet service,No internet service,No internet service,Month-to-month,Yes,Electronic check,29.46,1207.63,No
CHGX-0DA1A,Female,0,No,Yes,20,Yes,No,DSL,No,No,Yes,No,Yes,No,Month-to-month,No,Electronic check,47.03,964.84,No
PAFJ-39921,Male,0,No,No,10,Yes,No,Fiber optic,Yes,Yes,Yes,No,No,No,Month-to-month,Yes,Electronic check,48.42,444.6,No
RMGG-0DD85,Male,0,No,No,34,Yes,No,Fiber optic,No,No,No,No,Yes,Yes,Month-to-month,No,Bank transfer (automatic),68.37,2311.84,No
FHYC-D44CF,Male,0,No,Yes,4,Yes,Yes,Fiber optic,No,Yes,No,No,Yes,No,Month-to-month,Yes,Bank transfer (automatic),79.46,323.4,No
ZGPH-36029,Male,0,No,Yes,49,No,No phone service,Fiber optic,No,Yes,Yes,Yes,No,No,Month-to-month,Yes,Bank transfer (automatic),55.99,2793.75,No
RHOT-E93B2,Male,0,Yes,No,53,Yes,No,No,No internet service,No internet service,No internet service,No internet service,No internet service,No internet service,Month-to-month,Yes,Electronic check,18.8,995.89,Yes
DJID-0FAB1,Male,1,No,No,28,Yes,No,No,No internet service,No internet service,No internet service,No internet service,No internet service,No internet service,One year,No,Bank transfer (automatic),24.61,682.56,No
UJTM-342D6,Female,0,No,No,19,Yes,No,DSL,No,No,No,No,No,No,One year,Yes,Electronic check,32.76,444.3,No
UVEI-10FA7,Female,0,Yes,No,8,Yes,No,Fiber optic,Yes,No,Yes,No,No,Yes,Month-to-month,Yes,Electronic check,49.73,420.5,No
FPOF-078C6,Male,1,Yes,No,4,Yes,Yes,Fiber optic,Yes,No,Yes,No,No,No,Two year,Yes,Electronic check,47.71,265.87,No
CWKS-000C3,Female,0,Yes,No,39,Yes,Yes,Fiber optic,Yes,No,Yes,No,Yes,No,One year,Yes,Electronic check,69.31,2746.41,Yes
UYRZ-EBC93,Female,0,Yes,Yes,58,Yes,No,No,No internet service,No internet service,No internet service,No internet service,No internet service,No internet service,Month-to-month,Yes,Mailed check,25.45,1490.49,No
CJMJ-187FF,Male,1,Yes,No,59,Yes,Yes,DSL,No,Yes,No,No,No,Yes,Month-to-month,No,Mailed check,55.52,3280.15,No
QWIZ-F2B74,Female,0,Yes,No,4,Yes,Yes,Fiber optic,No,Yes,No,No,No,No,Month-to-month,No,Mailed check,64.08,256.43,Yes
KXYI-78B76,Male,0,No,No,11,Yes,No,Fiber optic,No,Yes,No,No,No,No,Month-to-month,Yes,Bank transfer (automatic),53.4,541.9,No
YJGI-58A2E,Male,1,Yes,No,3,Yes,No,DSL,No,No,No,Yes,No,No,One year,Yes,Electronic check,40.81,65.6,No
GCRF-CFBC7,Female,0,Yes,Yes,72,Yes,Yes,No,No internet service,No internet service,No internet service,No internet service,No internet service,No internet service,Month-to-month,Yes,Bank transfer (automatic),33.55,2406.73,No
IPJW-77A38,Male,0,No,No,21,Yes,No,No,No internet service,No internet service,No internet service,No internet service,No internet service,No internet service,Month-to-month,No,Mailed check,23.5,391.23,No
TUFB-3D409,Male,0,No,No,63,Yes,No,Fiber optic,No,No,Yes,No,Yes,Yes,Month-to-month,No,Bank transfer (automatic),67.22,4243.9,No
WFBD-232A3,Male,0,Yes,No,37,Yes,No,Fiber optic,Yes,No,No,No,Yes,No,Month-to-month,No,Credit card (automatic),63.13,2318.68,No
OKRR-9E386,Male,0,No,Yes,3,Yes,No,No,No internet service,No internet service,No internet service,No internet service,No internet service,No internet service,Month-to-month,Yes,Mailed check,23.77,0.0,Yes
NDIY-C61A4,Male,0,Yes,No,2,Yes,No,Fiber optic,No,No,No,No,Yes,Yes,One year,Yes,Electronic check,67.97,58.13,No
ICHF-09F20,Male,1,Yes,No,60,Yes,No,Fiber optic,No,No,No,Yes,Yes,No,Month-to-month,Yes,Credit card (automatic),58.32,3535.71,No
COVI-11955,Male,1,Yes,Yes,66,Yes,Yes,No,No internet service,No internet service,No internet service,No internet service,No internet service,No internet service,Two year,Yes,Electronic check,25.03,1699.69,No
GXJS-B03EE,Male,1,No,Yes,2,Yes,No,No,No internet service,No internet service,No internet service,No internet service,No internet service,No internet service,Month-to-month,Yes,Credit card (automatic),18.8,97.23,No
KEHY-A1B24,Female,0,No,No,36,Yes,Yes,DSL,No,No,No,No,Yes,Yes,One year,Yes,Electronic check,66.08,2320.57,No
MJSE-E94F7,Female,0,No,Yes,13,Yes,Yes,No,No internet service,No internet service,No internet service,No internet service,No internet service,No internet service,Month-to-month,Yes,Electronic check,35.39,452.91,No
KAZW-2FC6E,Female,1,No,No,51,Yes,Yes,DSL,Yes,No,Yes,No,Yes,Yes,Month-to-month,No,Bank transfer (automatic),59.75,3063.08,No
OREC-85F1C,Male,1,No,No,4,Yes,Yes,Fiber optic,No,Yes,Yes,No,Yes,Yes,Two year,No,Electronic check,78.46,374.06,No
PWZW-5B274,Male,0,No,No,25,Yes,No,Fiber optic,Yes,No,No,Yes,No,No,Two year,No,Mailed check,53.9,1384.17,No
GODO-638C9,Female,0,No,No,33,Yes,Yes,DSL,No,Yes,Yes,No,Yes,No,Month-to-month,No,Electronic check,48.05,1522.86,Yes
COQR-6125A,Female,0,Yes,No,8,Yes,Yes,DSL,No,No,Yes,No,No,Yes,Two year,Yes,Mailed check,55.34,445.54,No
TRIL-0C587,Female,0,Yes,No,4,Yes,Yes,Fiber optic,No,No,No,No,Yes,Yes,Month-to-month,Yes,Electronic check,72.71,281.74,No
HEYD-F11EF,Male,0,No,Yes,56,Yes,Yes,DSL,Yes,No,No,No,No,Yes,Month-to-month,No,Credit card (automatic),46.17,2603.8,No
XUMC-98B01,Female,1,No,Yes,39,Yes,Yes,No,No internet service,No internet service,No internet service,No internet service,No internet service,No internet service,Month-to-month,Yes,Bank transfer (automatic),30.72,1212.5,Yes
PWYO-57893,Female,0,No,Yes,38,Yes,Yes,DSL,No,Yes,Yes,Yes,Yes,No,Month-to-month,No,Mailed check,62.46,2425.0,Yes
KOWU-C368F,Male,0,Yes,No,5,Yes,No,Fiber optic,No,Yes,No,No,No,No,Month-to-month,No,Bank transfer (automatic),50.57,324.04,Yes
JXTQ-BCBA6,Female,0,No,No,11,Yes,Yes,DSL,No,Yes,Yes,No,No,No,Month-to-month,Yes,Mailed check,43.52,388.22,No
LPVQ-FA699,Male,0,No,Yes,18,Yes,No,DSL,No,No,No,Yes,No,No,One year,Yes,Electronic check,38.28,755.75,No
WGGF-0AF90,Male,0,Yes,No,51,Yes,No,No,No internet service,No internet service,No internet service,No internet service,No internet service,No internet service,Month-to-month,No,Mailed check,18.8,1026.07,No
JXBP-7E89B,Male,0,No,No,2,Yes,Yes,DSL,Yes,Yes,No,No,No,No,Two year,No,Credit card (automatic),50.56,41.13,No
VNSU-8B550,Female,0,No,No,53,Yes,Yes,Fiber optic,No,No,No,No,No,No,Two year,No,Bank transfer (automatic),57.58,3133.63,No
RGVY-E4AC8,Female,0,No,Yes,19,Yes,No,Fiber optic,No,No,Yes,No,Yes,Yes,One year,Yes,Credit card (automatic),65.77,1246.5,Yes
NLIO-F3009,Male,0,No,No,20,Yes,No,DSL,Yes,Yes,Yes,No,No,No,Month-to-month,No,Electronic check,30.23,599.72,No
HLYB-237B2,Female,0,Yes,No,13,Yes,No,No,No internet service,No internet service,No internet service,No internet service,No internet service,No internet service,Month-to-month,Yes,Mailed check,18.8,235.25,Yes
CCUA-A9184,Female,0,Yes,Yes,56,No,No phone service,DSL,No,No,No,Yes,No,No,Two year,No,Electronic check,38.17,2163.1,No
NDRU-08A0B,Female,1,No,No,33,Yes,Yes,Fiber optic,No,No,No,Yes,No,Yes,Two year,Yes,Bank transfer (automatic),73.78,2394.15,No
OHMR-AC0C0,Female,0,No,Yes,18,Yes,Yes,Fiber optic,No,No,No,Yes,Yes,No,Month-to-month,No,Bank transfer (automatic),66.28,1178.08,No
QJBR-8A649,Male,0,No,No,66,Yes,No,Fiber optic,No,No,No,No,No,Yes,Month-to-month,Yes,Bank transfer (automatic),54.0,3557.2,No
FVRZ-098D6,Female,0,Yes,No,65,Yes,No,Fiber optic,Yes,No,No,Yes,No,Yes,Month-to-month,No,Electronic check,58.89,3873.32,No
YGWN-F3498,Male,1,Yes,No,54,Yes,No,No,No internet service,No internet service,No internet service,No internet service,No internet service,No internet service,One year,No,Credit card (automatic),18.8,966.68,No
DQKD-8B0E9,Male,0,Yes,Yes,5,Yes,No,No,No internet service,No internet service,No internet service,No internet service,No internet service,No internet service,Month-to-month,Yes,Credit card (automatic),21.85,129.49,No
GTVY-C323E,Female,0,Yes,No,47,Yes,No,Fiber optic,Yes,No,No,Yes,Yes,Yes,One year,Yes,Bank transfer (automatic),64.24,2995.16,No
HIXF-6449B,Male,0,No,Yes,4,Yes,Yes,Fiber optic,Yes,Yes,No,No,No,No,One year,Yes,Credit card (automatic),57.32,190.82,Yes
GAQO-A7C9C,Female,0,No,No,54,Yes,Yes,DSL,Yes,No,No,No,Yes,No,Month-to-month,Yes,Credit card (automatic),45.23,2488.49,No
TMIP-A9852,Female,1,Yes,No,66,Yes,No,No,No internet service,No internet service,No internet service,No internet service,No internet service,No internet service,Month-to-month,Yes,Credit card (automatic),18.8,1179.74,Yes
LWST-BE3B1,Male,0,Yes,No,10,Yes,No,No,No internet service,No internet service,No internet service,No internet service,No internet service,No internet service,Month-to-month,Yes,Bank transfer (automatic),18.8,268.98,No
GALD-62076,Male,0,Yes,No,50,Yes,No,DSL,Yes,Yes,Yes,Yes,Yes,No,One year,Yes,Electronic check,51.49,2537.25,No
KIKA-7D22C,Male,0,Yes,Yes,6,Yes,Yes,DSL,No,Yes,No,No,No,No,One year,Yes,Electronic check,43.34,250.79,No
NGUI-982C9,Male,0,No,No,13,Yes,No,No,No internet service,No internet service,No internet service,No internet service,No internet service,No internet service,Month-to-month,No,Credit card (automatic),18.88,242.93,No
FTQW-D5E05,Female,0,No,Yes,20,Yes,No,Fiber optic,No,Yes,Yes,No,Yes,No,Month-to-month,Yes,Mailed check,58.43,1145.34,No
PNFF-CEA8C,Female,0,No,Yes,49,Yes,No,DSL,No,No,No,No,No,No,Month-to-month,No,Bank transfer (automatic),34.49,1801.4,No
GZDP-5E3A2,Female,0,Yes,No,42,Yes,No,Fiber optic,No,Yes,No,No,No,No,One year,Yes,Electronic check,47.05,1997.16,No
EKUH-B9F43,Male,0,No,No,66,Yes,Yes,DSL,Yes,Yes,No,No,Yes,No,Month-to-month,Yes,Bank transfer (automatic),54.94,3735.19,No
XIFV-D1DA4,Male,0,Yes,Yes,41,Yes,No,DSL,Yes,No,Yes,Yes,No,No,One year,Yes,Electronic check,38.43,1567.47,No
NGED-29C70,Male,0,No,No,57,Yes,No,Fiber optic,No,No,No,No,Yes,Yes,Two year,Yes,Mailed check,74.31,4212.58,No
LTVT-5A168,Female,0,No,Yes,30,Yes,No,Fiber optic,No,No,Yes,Yes,No,Yes,Month-to-month,Yes,Electronic check,62.21,1832.31,No
AAUF-294FF,Male,0,No,Yes,8,Yes,Yes,DSL,No,Yes,Yes,Yes,No,No,Month-to-month,Yes,Mailed check,39.77,300.74,No
VHWG-3FA1E,Female,0,Yes,Yes,10,Yes,No,No,No internet service,No internet service,No internet service,No internet service,No internet service,No internet service,Two year,Yes,Credit card (automatic),18.8,180.23,No
ERLA-CAE9C,Male,0,Yes,No,1,Yes,Yes,Fiber optic,No,No,No,No,No,Yes,Month-to-month,No,Bank transfer (automatic),64.99,0.0,No
XZOA-59116,Female,0,No,No,57,Yes,Yes,Fiber optic,No,No,Yes,No,Yes,No,Two year,No,Credit card (automatic),76.85,4396.05,No
XIYU-43DCA,Female,0,Yes,No,1,Yes,Yes,DSL,Yes,No,No,No,No,Yes,Month-to-month,Yes,Mailed check,53.94,21.38,No
ZCKP-1F943,Male,0,Yes,Yes,4,Yes,No,Fiber optic,Yes,No,No,No,No,No,One year,Yes,Electronic check,45.63,172.38,No
APZA-6A6AB,Male,0,No,No,40,Yes,No,No,No internet service,No internet service,No internet service,No internet service,No internet service,No internet service,Two year,Yes,Bank transfer (automatic),18.8,797.01,No
ZPSH-211D0,Female,0,Yes,No,2,Yes,No,No,No internet service,No internet service,No internet service,No internet service,No internet service,No internet service,One year,Yes,Credit card (automatic),18.8,87.8,No
MPRB-D602D,Female,0,No,No,9,Yes,Yes,DSL,No,No,No,Yes,No,No,Month-to-month,Yes,Electronic check,56.64,621.48,Yes
YTIY-43C58,Male,0,Yes,No,2,Yes,Yes,Fiber optic,No,No,No,No,No,No,Month-to-month,Yes,Bank transfer (automatic),59.01,156.47,No
REYE-F4648,Male,1,No,No,40,Yes,No,DSL,Yes,No,No,No,No,No,Month-to-month,No,Mailed check,40.25,1573.15,Yes
AENS-FDECC,Female,0,Yes,No,34,Yes,Yes,No,No internet service,No internet service,No internet service,No internet service,No internet service,No internet service,Month-to-month,No,Mailed check,28.04,845.05,No
IXZN-107A8,Male,1,No,No,41,Yes,Yes,Fiber optic,No,No,No,No,Yes,No,One year,No,Electronic check,66.19,2749.68,No
XNRT-E981A,Female,0,Yes,No,3,No,No phone service,Fiber optic,Yes,No,No,No,No,Yes,Two year,Yes,Bank transfer (automatic),59.03,101.79,Yes
EJNC-B4855,Female,0,No,No,9,Yes,Yes,Fiber optic,No,No,Yes,No,No,No,One year,Yes,Credit card (automatic),67.28,536.53,No
KBFU-1728A,Male,0,No,No,8,Yes,No,No,No internet service,No internet service,No internet service,No internet service,No internet service,No internet service,Two year,Yes,Electronic check,27.92,136.24,No
MUGO-4814B,Male,1,Yes,Yes,11,Yes,No,DSL,Yes,No,No,No,No,No,One year,Yes,Mailed check,43.54,496.4,Yes
UHGH-4FA67,Male,0,Yes,No,26,Yes,No,DSL,Yes,Yes,Yes,No,Yes,No,One year,No,Bank transfer (automatic),40.64,1089.02,No
NOKZ-4607D,Male,0,Yes,No,17,No,No phone service,DSL,No,No,Yes,No,Yes,Yes,Month-to-month,No,Credit card (automatic),51.2,768.26,No
ZMDS-AF80E,Male,0,Yes,Yes,28,Yes,No,DSL,Yes,Yes,No,No,No,No,Two year,Yes,Electronic check,40.6,1069.22,No
RUDL-74D31,Female,0,No,Yes,70,Yes,Yes,DSL,No,No,Yes,No,No,Yes,Month-to-month,Yes,Mailed check,42.79,3003.39,No
GZCP-26803,Female,0,Yes,No,15,Yes,No,Fiber optic,Yes,Yes,Yes,No,No,No,Month-to-month,No,Credit card (automatic),48.78,729.91,No
PAMP-327B0,Male,0,No,No,71,No,No phone service,No,No internet service,No internet service,No internet service,No internet service,No internet service,No internet service,Month-to-month,Yes,Bank transfer (automatic),22.16,1640.74,No
IZII-B76C0,Male,0,No,Yes,59,Yes,Yes,Fiber optic,Yes,Yes,Yes,Yes,Yes,No,Month-to-month,Yes,Credit card (automatic),73.68,4362.14,No
SJXS-F23E6,Male,0,Yes,Yes,9,Yes,Yes,Fiber optic,No,No,Yes,No,No,No,Month-to-month,No,Mailed check,54.4,540.26,Yes
VRMB-1B103,Female,0,No,No,56,No,No phone service,No,No internet service,No internet service,No internet service,No internet service,No internet service,No internet service,Month-to-month,Yes,Bank transfer (automatic),25.54,1379.58,No
XQSQ-9468F,Male,0,Yes,Yes,8,Yes,Yes,No,No internet service,No internet service,No internet service,No internet service,No internet service,No internet service,Month-to-month,Yes,Electronic check,24.34,203.83,No
XTVU-AD107,Male,0,Yes,Yes,26,Yes,No,Fiber optic,No,No,No,No,No,Yes,Two year,Yes,Credit card (automatic),66.88,1640.82,No
BIFY-A09B5,Female,1,Yes,No,32,Yes,No,Fiber optic,No,No,No,No,No,No,Month-to-month,Yes,Mailed check,57.49,1892.47,Yes
WZZC-7C775,Female,1,No,No,28,Yes,No,DSL,No,Yes,Yes,No,Yes,Yes,One year,Yes,Mailed check,53.09,1486.46,No
KSAU-B2C85,Male,1,Yes,No,26,Yes,No,Fiber optic,Yes,Yes,No,Yes,No,No,Two year,Yes,Bank transfer (automatic),55.32,1402.91,No
LNFP-A5798,Male,0,No,Yes,11,Yes,No,Fiber optic,No,Yes,No,Yes,No,No,Month-to-month,No,Mailed check,57.57,561.15,No
LYWJ-BC19C,Male,1,Yes,No,27,Yes,Yes,DSL,No,Yes,Yes,No,No,Yes,Two year,Yes,Credit card (automatic),64.63,1731.85,No
BIUY-F900C,Female,0,No,Yes,4,Yes,Yes,Fiber optic,No,No,Yes,No,No,No,One year,Yes,Bank transfer (automatic),58.29,165.65,No
TFDD-ECF1B,Male,0,No,No,72,Yes,No,Fiber optic,No,No,No,No,No,No,One year,No,Electronic check,52.17,3816.47,No
YNUP-06419,Male,0,Yes,Yes,6,Yes,Yes,Fiber optic,Yes,Yes,No,Yes,No,No,Two year,No,Mailed check,67.92,279.87,No
YBIR-5130F,Male,0,No,Yes,51,Yes,No,Fiber optic,Yes,Yes,Yes,No,No,Yes,Two year,Yes,Credit card (automatic),64.46,3332.51,No
MYRJ-F42C8,Female,1,No,No,14,Yes,Yes,No,No internet service,No internet service,No internet service,No internet service,No internet service,No internet service,Month-to-month,No,Credit card (automatic),31.15,316.06,No
KPZH-EEC21,Female,0,Yes,No,3,Yes,No,Fiber optic,Yes,Yes,No,Yes,No,Yes,Month-to-month,No,Credit card (automatic),59.38,167.22,Yes
DSKZ-054E1,Male,0,Yes,Yes,14,Yes,No,Fiber optic,Yes,Yes,No,No,No,No,Month-to-month,No,Electronic check,53.02,810.97,No
KWZX-A2167,Male,0,Yes,No,62,Yes,Yes,Fiber optic,No,No,Yes,No,No,Yes,Month-to-month,Yes,Mailed check,64.87,4000.54,Yes
NBRK-1E537,Female,0,No,No,42,Yes,No,DSL,Yes,No,No,No,No,No,Two year,Yes,Electronic check,41.1,1684.3,No
YVCR-AEFBA,Female,0,No,No,36,Yes,Yes,Fiber optic,No,No,No,Yes,No,No,One year,No,Mailed check,69.66,2533.97,No
JXYZ-FAFC3,Female,0,Yes,No,3,No,No phone service,No,No internet service,No internet service,No internet service,No internet service,No internet service,No internet service,Month-to-month,Yes,Electronic check,18.8,70.79,Yes
AZLW-45D8A,Female,0,Yes,No,15,Yes,No,No,No internet service,No internet service,No internet service,No internet service,No internet service,No internet service,Month-to-month,Yes,Mailed check,18.8,218.15,Yes
IPMY-71BFE,Female,0,No,No,47,Yes,Yes,Fiber optic,No,No,No,No,Yes,Yes,Month-to-month,Yes,Electronic check,76.67,3613.12,Yes
CZJV-AF59A,Female,0,No,Yes,55,Yes,Yes,Fiber optic,Yes,No,No,Yes,Yes,No,Two year,Yes,Electronic check,72.68,4022.52,No
EUDV-22721,Female,0,No,No,7,Yes,Yes,Fiber optic,No,No,No,No,Yes,No,One year,Yes,Electronic check,67.0,513.38,No
BHMB-295CD,Female,0,No,Yes,61,No,No phone service,DSL,No,No,Yes,No,Yes,No,Month-to-month,Yes,Mailed check,38.34,2335.82,No
AYRV-70E90,Female,1,Yes,Yes,2,Yes,Yes,DSL,No,No,No,No,No,Yes,Two year,Yes,Electronic check,55.32,118.69,No
EFJL-6DFAA,Male,0,Yes,Yes,49,Yes,Yes,DSL,No,No,Yes,No,No,No,Two year,Yes,Bank transfer (automatic),51.49,2542.2,No
WGOQ-4F305,Male,0,Yes,Yes,58,No,No phone service,DSL,No,No,No,No,Yes,Yes,One year,Yes,Bank transfer (automatic),51.92,3037.43,No
VJFW-22E50,Male,0,No,No,54,Yes,Yes,DSL,No,No,Yes,Yes,No,No,Month-to-month,No,Mailed check,51.51,2880.4,No
LTTC-49A95,Female,0,Yes,No,25,Yes,No,Fiber optic,No,No,Yes,No,No,No,Two year,Yes,Credit card (automatic),56.57,1356.41,No
WCVY-A6662,Male,0,Yes,No,67,Yes,No,DSL,No,Yes,No,No,Yes,Yes,Month-to-month,Yes,Electronic check,51.25,3477.64,No
FQOM-71DF3,Female,0,No,Yes,54,Yes,Yes,Fiber optic,Yes,No,No,No,Yes,No,Month-to-month,No,Bank transfer (automatic),69.1,3719.08,Yes
IQAC-E29EB,Female,0,Yes,No,48,Yes,No,No,No internet service,No internet service,No internet service,No internet service,No internet service,No internet service,Month-to-month,No,Bank transfer (automatic),23.75,1135.21,No
HDSK-FA04B,Male,0,Yes,No,1,Yes,No,Fiber optic,Yes,Yes,No,No,No,Yes,Two year,No,Bank transfer (automatic),61.76,61.76,No
STGG-3B0D4,Female,0,No,No,0,Yes,Yes,Fiber optic,Yes,No,No,Yes,No,No,Month-to-month,No,Mailed check,60.31,60.31,No
MGLT-3902A,Male,0,Yes,Yes,71,Yes,No,DSL,No,Yes,Yes,No,Yes,No,Month-to-month,No,Electronic check,43.21,3050.2,No
OPFF-62E4B,Male,0,Yes,Yes,11,No,No phone service,No,No internet service,No internet service,No internet service,No internet service,No internet service,No internet service,Two year,Yes,Credit card (automatic),18.8,195.89,No
EQFH-611C5,Male,0,No,No,5,Yes,No,DSL,No,No,No,No,No,Yes,Month-to-month,Yes,Credit card (automatic),47.21,324.62,No
OQQQ-FA54C,Female,1,Yes,No,0,Yes,No,Fiber optic,No,No,Yes,No,No,No,Month-to-month,Yes,Credit card (automatic),46.9,46.9,No
KOVG-30198,Male,0,Yes,No,9,No,No phone service,No,No internet service,No internet service,No internet service,No internet service,No internet service,No internet service,One year,No,Bank transfer (automatic),18.8,192.14,Yes
HFSC-BE778,Female,0,No,Yes,15,Yes,Yes,No,No internet service,No internet service,No internet service,No internet service,No internet service,No internet service,One year,Yes,Bank transfer (automatic),31.18,491.32,No
CQJM-0E51C,Male,0,Yes,Yes,69,Yes,Yes,No,No internet service,No internet service,No internet service,No internet service,No internet service,No internet service,One year,No,Credit card (automatic),36.51,2518.56,No
ZNAZ-33B51,Male,1,No,Yes,54,No,No phone service,Fiber optic,No,No,No,Yes,No,No,One year,Yes,Mailed check,51.7,2796.27,No
RGWE-EB39F,Male,0,Yes,No,45,Yes,Yes,DSL,No,Yes,Yes,No,No,Yes,Month-to-month,No,Electronic check,55.1,2440.39,No
BVLY-3BF51,Female,0,Yes,No,50,Yes,No,DSL,No,Yes,No,Yes,No,Yes,One year,Yes,Mailed check,47.25,2397.71,No
KPQM-E9AFF,Female,0,Yes,Yes,25,Yes,No,No,No internet service,No internet service,No internet service,No internet service,No internet service,No internet service,Month-to-month,No,Mailed check,26.85,649.97,Yes
IHTN-7BAE5,Female,1,Yes,No,0,Yes,Yes,Fiber optic,No,No,Yes,Yes,No,Yes,Two year,No,Bank transfer (automatic),59.54,59.54,No
TFYC-C1EFD,Male,1,Yes,No,50,No,No phone service,DSL,Yes,No,No,No,Yes,No,One year,Yes,Bank transfer (automatic),42.15,2079.73,No
UMGZ-8DBB5,Male,0,Yes,No,67,Yes,Yes,Fiber optic,No,Yes,No,Yes,Yes,Yes,Month-to-month,No,Electronic check,84.48,5739.49,Yes
LLPS-3308A,Female,0,No,Yes,56,Yes,No,Fiber optic,No,No,No,No,No,No,One year,Yes,Electronic check,48.93,2684.23,No
FSAW-BAB5F,Female,0,Yes,No,8,Yes,Yes,DSL,No,Yes,No,No,Yes,No,One year,No,Bank transfer (automatic),49.77,294.27,Yes
TEXT-4F3AA,Female,0,No,No,71,Yes,Yes,Fiber optic,Yes,No,Yes,No,No,Yes,Two year,Yes,Bank transfer (automatic),60.98,4365.41,No
ZOZH-C3FCA,Female,0,Yes,No,9,Yes,Yes,Fiber optic,Yes,No,Yes,No,No,No,Month-to-month,No,Mailed check,59.94,635.93,No
BMDX-6DE1C,Female,0,Yes,No,25,Yes,No,DSL,No,No,No,No,Yes,No,Month-to-month,Yes,Bank transfer (automatic),39.95,995.97,No
HCGO-DB344,Female,0,Yes,Yes,51,Yes,No,DSL,No,No,No,No,No,No,Month-to-month,Yes,Bank transfer (automatic),34.3,1707.87,No
TNAB-1F87C,Male,0,No,Yes,70,Yes,No,No,No internet service,No internet service,No internet service,No internet service,No internet service,No internet service,Month-to-month,Yes,Mailed check,20.72,1437.43,No
EAHF-CDAE7,Female,0,No,No,59,Yes,Yes,Fiber optic,No,Yes,No,Yes,No,No,Month-to-month,Yes,Mailed check,67.8,3936.9,No
GIDX-9C4B5,Male,0,No,No,12,Yes,No,DSL,No,No,No,No,Yes,No,One year,Yes,Bank transfer (automatic),33.8,422.19,No
LQZO-B96EF,Male,0,Yes,No,11,Yes,No,Fiber optic,No,No,No,No,Yes,Yes,Month-to-month,No,Bank transfer (automatic),65.85,741.78,No
IXLT-8CD6B,Female,1,Yes,No,38,Yes,Yes,Fiber optic,No,Yes,No,No,No,No,Month-to-month,Yes,Mailed check,55.68,2134.15,No
NUES-975B5,Female,0,No,No,20,Yes,No,Fiber optic,No,Yes,No,No,Yes,No,Month-to-month,No,Electronic check,70.22,1396.26,Yes
AYLE-3D547,Male,0,Yes,No,71,Yes,No,DSL,No,No,No,No,Yes,Yes,One year,No,Bank transfer (automatic),49.2,3490.45,No
AOBV-63725,Female,0,Yes,No,18,Yes,Yes,DSL,Yes,No,No,No,No,No,Month-to-month,Yes,Mailed check,54.0,1011.29,No
DRZM-11D54,Female,0,Yes,No,18,Yes,No,DSL,No,Yes,No,No,Yes,No,One year,No,Mailed check,35.82,652.47,No
CRBX-31B5B,Male,0,Yes,No,7,Yes,Yes,DSL,No,Yes,No,No,No,Yes,Month-to-month,Yes,Mailed check,42.73,309.04,Yes
BWIT-E855A,Male,0,Yes,No,37,Yes,No,DSL,Yes,No,Yes,No,No,Yes,One year,No,Mailed check,43.3,1574.68,No
ADQA-4A4EF,Male,0,No,No,3,Yes,Yes,No,No internet service,No internet service,No internet service,No internet service,No internet service,No internet service,One year,No,Bank transfer (automatic),35.59,164.17,Yes
AEXA-7F940,Female,0,No,Yes,64,Yes,No,DSL,Yes,Yes,Yes,Yes,Yes,No,Two year,Yes,Mailed check,47.7,3072.93,No
KOCN-65FEB,Male,0,No,No,66,Yes,Yes,Fiber optic,No,No,Yes,No,Yes,No,Two year,No,Electronic check,64.05,4237.66,No
PMBH-05795,Female,1,Yes,No,8,Yes,Yes,No,No internet service,No internet service,No internet service,No internet service,No internet service,No internet service,Two year,Yes,Credit card (automatic),26.92,206.15,No
GSDD-B9DBE,Male,0,No,No,58,Yes,Yes,No,No internet service,No internet service,No internet service,No internet service,No internet service,No internet service,Two year,Yes,Credit card (automatic),33.74,1963.68,No
RVEN-FC6E5,Male,1,No,No,71,Yes,No,Fiber optic,No,No,No,Yes,No,Yes,Month-to-month,Yes,Electronic check,58.18,4162.57,Yes
AUKA-31FDE,Male,1,No,No,25,Yes,Yes,Fiber optic,No,No,Yes,No,No,No,Month-to-month,No,Bank transfer (automatic),63.96,1642.85,No
EUOH-AF70D,Female,0,Yes,No,0,Yes,Yes,No,No internet service,No internet service,No internet service,No internet service,No internet service,No internet service,Month-to-month,No,Credit card (automatic),30.84,30.84,No
EEQU-CDE24,Female,0,No,Yes,43,Yes,Yes,Fiber optic,No,No,No,No,No,Yes,Month-to-month,No,Credit card (automatic),78.66,3361.6,No
SKSL-709DD,Male,0,Yes,No,67,Yes,No,No,No internet service,No internet service,No internet service,No internet service,No internet service,No internet service,Month-to-month,No,Credit card (automatic),29.79,1964.91,No
IRFQ-6EB1D,Male,0,No,No,11,Yes,No,Fiber optic,Yes,Yes,No,No,No,Yes,Month-to-month,No,Credit card (automatic),56.91,584.36,Yes
SFHE-4FE85,Male,0,Yes,No,64,Yes,Yes,DSL,Yes,No,No,Yes,No,Yes,Month-to-month,No,Mailed check,67.88,4326.08,No
JYFT-FDBE3,Female,1,Yes,No,25,Yes,No,DSL,Yes,Yes,No,No,No,No,Month-to-month,Yes,Credit card (automatic),33.96,881.22,No
ZCAF-93A1B,Male,0,Yes,Yes,0,Yes,No,No,No internet service,No internet service,No internet service,No internet service,No internet service,No internet service,Two year,Yes,Bank transfer (automatic),19.35,19.35,No
FNDZ-69797,Female,0,No,Yes,1,No,No phone service,No,No internet service,No internet service,No internet service,No internet service,No internet service,No internet service,One year,Yes,Mailed check,21.43,0.0,No
BVQG-1E5EC,Male,0,Yes,No,18,No,No phone service,Fiber optic,No,No,Yes,Yes,No,No,Two year,No,Credit card (automatic),55.19,993.36,No
YREA-379E2,Male,0,No,Yes,10,Yes,Yes,DSL,No,Yes,No,No,No,Yes,Month-to-month,No,Electronic check,50.7,534.07,Yes
QCMB-59BC8,Male,0,No,No,11,Yes,No,DSL,No,Yes,Yes,Yes,No,Yes,Two year,Yes,Credit card (automatic),49.14,508.72,No
GXYZ-CC196,Male,0,No,Yes,61,Yes,Yes,No,No internet service,No internet service,No internet service,No internet service,No internet service,No internet service,Month-to-month,Yes,Mailed check,21.03,1281.57,No
GBFX-EB1A2,Male,0,No,Yes,35,Yes,Yes,DSL,No,No,Yes,Yes,No,Yes,One year,No,Credit card (automatic),63.71,2179.29,No
RAHD-E9E0B,Male,0,No,No,67,No,No phone service,Fiber optic,No,No,No,No,No,Yes,Month-to-month,Yes,Electronic check,67.64,4453.03,Yes
MMWB-F0528,Female,0,No,No,8,Yes,Yes,No,No internet service,No internet service,No internet service,No internet service,No internet service,No internet service,Month-to-month,Yes,Credit card (automatic),23.76,164.92,Yes
PQUT-F7224,Male,0,Yes,Yes,26,Yes,Yes,DSL,No,No,No,Yes,No,No,Two year,Yes,Mailed check,57.9,1429.62,No
PBYZ-2C97B,Female,0,No,Yes,16,Yes,No,Fiber optic,No,No,No,Yes,No,No,One year,Yes,Electronic check,40.91,782.22,No
OIOD-4F294,Male,0,No,No,35,Yes,Yes,Fiber optic,Yes,No,Yes,No,No,No,Month-to-month,Yes,Bank transfer (automatic),68.26,2450.7,No
MGOO-949BB,Male,0,Yes,No,7,Yes,No,DSL,Yes,No,Yes,No,No,Yes,Month-to-month,Yes,Electronic check,42.64,278.98,Yes
OHNN-F65BA,Female,0,No,No,3,Yes,No,Fiber optic,Yes,No,No,No,Yes,Yes,Two year,No,Mailed check,58.03,170.23,No
LAST-E8837,Male,0,Yes,Yes,51,No,No phone service,Fiber optic,No,No,Yes,No,No,Yes,Month-to-month,Yes,Mailed check,56.07,2838.19,No
ANSU-ACAC6,Female,0,Yes,No,29,Yes,No,DSL,No,Yes,Yes,No,No,No,Month-to-month,Yes,Mailed check,39.07,1181.96,No
PQOO-C358A,Female,0,Yes,Yes,54,Yes,No,DSL,No,No,Yes,No,Yes,Yes,Two year,No,Bank transfer (automatic),46.81,2557.18,No
NFVO-6E62F,Male,0,Yes,No,1,Yes,No,Fiber optic,No,Yes,Yes,No,No,No,One year,Yes,Electronic check,51.48,23.41,No
JXNG-6EF2F,Female,0,No,No,4,Yes,Yes,Fiber optic,No,No,Yes,No,Yes,No,Month-to-month,No,Bank transfer (automatic),72.37,287.9,Yes
WQEP-61F91,Female,0,No,No,14,No,No phone service,Fiber optic,No,No,No,Yes,No,Yes,Month-to-month,Yes,Electronic check,60.27,853.3,Yes
IVLM-21FF1,Male,0,No,No,0,Yes,No,DSL,No,No,No,No,No,No,Month-to-month,Yes,Credit card (automatic),33.84,33.84,Yes
ORWO-D1074,Female,1,No,Yes,8,No,No phone service,No,No internet service,No internet service,No internet service,No internet service,No internet service,No internet service,Month-to-month,Yes,Mailed check,23.81,218.57,No
TIKN-F1860,Male,0,Yes,No,21,Yes,Yes,DSL,No,No,No,Yes,No,No,Two year,No,Credit card (automatic),49.45,1044.51,No
VXET-BB751,Male,0,Yes,No,41,Yes,No,Fiber optic,No,No,Yes,Yes,Yes,Yes,One year,Yes,Electronic check,64.58,2667.62,No
AEND-A9518,Male,0,No,No,0,Yes,Yes,DSL,Yes,Yes,Yes,No,No,No,Month-to-month,Yes,Bank transfer (automatic),45.01,45.01,No
VKUH-1AEEF,Male,0,No,No,5,Yes,No,DSL,Yes,Yes,Yes,No,Yes,Yes,Month-to-month,Yes,Bank transfer (automatic),36.71,104.01,No
CBOY-F46AE,Female,1,Yes,Yes,28,Yes,No,Fiber optic,No,No,Yes,No,Yes,No,One year,Yes,Credit card (automatic),49.19,1424.82,No
EZVB-DAF3F,Male,0,No,No,10,Yes,No,DSL,Yes,Yes,No,No,Yes,No,Month-to-month,No,Electronic check,49.29,433.13,Yes
BBLR-24622,Male,1,No,Yes,64,Yes,No,DSL,No,No,No,No,No,No,Month-to-month,Yes,Mailed check,36.3,2263.35,No
DYYQ-A206F,Female,0,No,No,61,Yes,No,DSL,Yes,No,No,No,No,Yes,Month-to-month,No,Bank transfer (automatic),51.74,3082.84,No
MVJI-C7BBB,Male,0,Yes,No,63,Yes,No,No,No internet service,No internet service,No internet service,No internet service,No internet service,No internet service,Two year,No,Electronic check,21.41,1328.31,No
RVMH-85058,Male,0,Yes,Yes,2,Yes,No,Fiber optic,No,No,No,Yes,No,No,One year,Yes,Credit card (automatic),49.34,65.29,Yes
NISH-A4FA8,Female,0,No,Yes,65,No,No phone service,No,No internet service,No internet service,No internet service,No internet service,No internet service,No internet service,Two year,Yes,Bank transfer (automatic),20.93,1389.36,No
LTLU-2DF33,Female,0,No,No,46,Yes,Yes,Fiber optic,No,No,No,No,Yes,Yes,Month-to-month,No,Mailed check,73.33,3387.07,No
YKSE-6BE61,Female,0,Yes,No,67,Yes,No,DSL,No,Yes,Yes,No,Yes,Yes,Two year,No,Electronic check,52.27,3570.25,No
KQWV-C2897,Female,0,No,Yes,2,Yes,No,Fiber optic,No,No,Yes,Yes,No,Yes,Month-to-month,Yes,Bank transfer (automatic),63.16,25.19,No
XYFY-DB6C9,Female,0,No,Yes,6,Yes,No,Fiber optic,No,Yes,No,Yes,Yes,Yes,Month-to-month,No,Bank transfer (automatic),66.42,373.92,No
XSZK-17FAB,Female,1,Yes,No,1,Yes,No,Fiber optic,No,No,No,No,Yes,Yes,Month-to-month,No,Electronic check,65.15,76.11,Yes
QPBK-15BC3,Female,0,Yes,No,67,No,No phone service,DSL,Yes,No,No,No,No,No,One year,Yes,Electronic check,37.97,2530.42,No
RFFY-93207,Male,0,No,No,67,Yes,No,DSL,Yes,Yes,Yes,No,Yes,No,Two year,Yes,Electronic check,49.38,3234.82,No
CPLQ-32111,Female,0,Yes,No,29,Yes,No,DSL,Yes,Yes,Yes,Yes,No,No,Month-to-month,No,Credit card (automatic),39.24,1137.25,No
GUPG-ECCEB,Female,0,No,No,20,Yes,No,DSL,No,No,No,No,No,No,Month-to-month,Yes,Mailed check,31.12,551.21,Yes
YIWC-4E285,Female,0,Yes,Yes,9,Yes,Yes,DSL,No,No,No,Yes,No,Yes,Month-to-month,No,Credit card (automatic),57.17,465.63,No
CGNQ-A2510,Male,0,No,Yes,31,Yes,No,No,No internet service,No internet service,No internet service,No internet service,No internet service,No internet service,One year,Yes,Mailed check,18.8,599.95,No
KQJB-365D9,Male,0,No,No,27,Yes,Yes,Fiber optic,No,No,Yes,No,Yes,No,Month-to-month,No,Bank transfer (automatic),77.9,2042.96,No
ZEJC-0E7A4,Female,0,Yes,No,9,Yes,No,Fiber optic,No,No,No,No,Yes,Yes,Month-to-month,Yes,Credit card (automatic),66.67,549.01,Yes
BXRS-866C3,Female,0,No,No,6,Yes,Yes,DSL,No,No,Yes,No,Yes,No,Two year,Yes,Electronic check,55.01,369.94,Yes
IHNZ-E83F5,Female,0,Yes,No,10,Yes,Yes,Fiber optic,No,No,No,No,No,No,Two year,Yes,Credit card (automatic),58.98,546.3,No
JXGM-E590F,Male,0,Yes,No,27,Yes,Yes,DSL,No,No,No,No,No,No,One year,Yes,Electronic check,28.41,763.16,No
KRNL-60465,Male,0,No,No,24,Yes,No,DSL,No,Yes,No,No,No,No,Month-to-month,Yes,Mailed check,34.13,808.29,No
HQVX-FA6A2,Female,0,No,No,45,No,No phone service,Fiber optic,No,No,No,Yes,No,No,One year,Yes,Bank transfer (automatic),56.42,2575.77,No
VNEL-45005,Male,0,Yes,Yes,10,Yes,No,DSL,No,Yes,No,No,No,Yes,One year,Yes,Electronic check,38.36,385.59,Yes
HZGI-ED011,Female,1,Yes,No,5,Yes,Yes,Fiber optic,No,Yes,Yes,No,No,Yes,One year,No,Electronic check,70.92,356.28,Yes
LOJA-3951A,Male,0,Yes,Yes,6,Yes,No,No,No internet service,No internet service,No internet service,No internet service,No internet service,No internet service,Month-to-month,Yes,Electronic check,19.08,149.55,No
PMYV-0E07E,Male,0,Yes,No,44,Yes,Yes,DSL,Yes,Yes,No,No,Yes,No,Month-to-month,Yes,Electronic check,51.94,2269.21,Yes
ZABG-44659,Female,0,Yes,No,38,Yes,Yes,Fiber optic,No,Yes,No,No,No,No,Two year,Yes,Bank transfer (automatic),64.78,2420.19,Yes
WOIO-9EF4E,Female,0,No,No,61,Yes,Yes,DSL,No,No,No,No,No,Yes,Month-to-month,Yes,Credit card (automatic),53.5,3274.93,No
VDOD-70494,Female,0,Yes,No,6,Yes,No,Fiber optic,No,No,Yes,Yes,No,Yes,Month-to-month,Yes,Mailed check,70.1,396.55,Yes
AKOT-27321,Female,0,No,No,40,No,No phone service,Fiber optic,No,No,No,Yes,Yes,No,Month-to-month,No,Credit card (automatic),72.39,2974.11,No
TXRJ-F78AA,Male,0,Yes,Yes,65,Yes,Yes,No,No internet service,No internet service,No internet service,No internet service,No internet service,No internet service,One year,No,Electronic check,29.19,1880.51,No
MMIR-A6B26,Male,1,No,No,26,Yes,Yes,Fiber optic,No,Yes,No,No,No,No,Two year,No,Mailed check,62.64,1750.93,No
ZTSW-9A7DB,Male,0,No,Yes,49,No,No phone service,No,No internet service,No internet service,No internet service,No internet service,No internet service,No internet service,Month-to-month,No,Electronic check,25.87,1301.18,No
NDUI-51321,Female,0,No,No,66,Yes,No,DSL,No,Yes,Yes,No,No,No,Month-to-month,No,Bank transfer (automatic),33.46,2176.05,No
AHTW-36DBE,Male,0,Yes,No,6,Yes,Yes,DSL,Yes,Yes,No,No,Yes,No,One year,Yes,Credit card (automatic),54.67,339.53,Yes
KEDS-075EF,Female,0,No,Yes,34,Yes,No,No,No internet service,No internet service,No internet service,No internet service,No internet service,No internet service,One year,Yes,Electronic check,18.8,738.96,No
MPJU-4BE23,Male,0,No,No,20,Yes,No,Fiber optic,Yes,No,Yes,No,No,Yes,Month-to-month,No,Electronic check,51.81,1034.63,No
JVQF-5AF71,Female,1,No,No,1,No,No phone service,No,No internet service,No internet service,No internet service,No internet service,No internet service,No internet service,Month-to-month,No,Mailed check,18.8,49.34,Yes
CADK-44C7B,Female,0,No,No,27,Yes,Yes,DSL,No,No,No,No,No,No,Two year,Yes,Electronic check,51.3,1462.36,No
OFYM-D1DB3,Male,0,Yes,No,25,Yes,No,Fiber optic,No,No,Yes,No,Yes,No,Month-to-month,Yes,Bank transfer (automatic),60.99,1539.91,Yes
UTXF-EC554,Female,0,No,No,33,Yes,No,DSL,No,No,No,Yes,Yes,No,Month-to-month,No,Credit card (automatic),46.49,1557.63,No
MXVD-2095C,Female,0,No,Yes,9,No,No phone service,No,No internet service,No internet service,No internet service,No internet service,No internet service,No internet service,Two year,Yes,Electronic check,25.52,282.94,Yes
TFST-FB5F4,Male,1,No,No,55,Yes,No,No,No internet service,No internet service,No internet service,No internet service,No internet service,No internet service,Month-to-month,No,Mailed check,26.63,1502.63,Yes
UJYU-933FC,Female,0,No,No,31,Yes,Yes,No,No internet service,No internet service,No internet service,No internet service,No internet service,No internet service,Month-to-month,No,Credit card (automatic),33.38,1069.52,Yes
NWUK-DC70B,Female,0,No,Yes,2,Yes,Yes,Fiber optic,Yes,No,No,Yes,No,No,One year,No,Electronic check,63.26,148.88,No
IJSV-1D49D,Female,0,No,No,41,Yes,No,Fiber optic,No,Yes,No,No,Yes,No,One year,Yes,Bank transfer (automatic),55.87,2329.1,No
FFZJ-F598F,Male,0,No,No,7,No,No phone service,Fiber optic,No,No,No,No,No,Yes,Month-to-month,No,Electronic check,59.64,334.7,Yes
ONMJ-77C08,Male,0,No,No,1,Yes,Yes,Fiber optic,No,No,No,Yes,Yes,No,Month-to-month,Yes,Bank transfer (automatic),72.18,105.48,No
OTRL-1543B,Female,0,Yes,Yes,44,Yes,Yes,Fiber optic,No,No,Yes,No,Yes,No,Month-to-month,No,Bank transfer (automatic),71.52,3101.2,No
MUDZ-745DB,Male,0,No,No,61,No,No phone service,Fiber optic,No,Yes,No,Yes,No,No,Month-to-month,Yes,Credit card (automatic),52.12,3149.07,No
EZDH-B87EC,Female,0,No,Yes,2,Yes,No,Fiber optic,Yes,Yes,No,No,No,No,Month-to-month,Yes,Mailed check,53.18,153.69,No
ZHWF-C891E,Female,1,Yes,No,12,Yes,No,Fiber optic,No,No,No,No,No,No,Month-to-month,Yes,Mailed check,48.11,544.64,No
HPEY-5CC81,Female,0,Yes,No,31,No,No phone service,No,No internet service,No internet service,No internet service,No internet service,No internet service,No internet service,Month-to-month,No,Mailed check,21.07,600.8,No
HPNP-38171,Female,0,No,Yes,54,Yes,No,No,No internet service,No internet service,No internet service,No internet service,No internet service,No internet service,Month-to-month,Yes,Bank transfer (automatic),19.7,1112.73,No
ROWM-23DF0,Female,0,No,Yes,41,No,No phone service,DSL,No,No,No,Yes,Yes,Yes,Month-to-month,No,Credit card (automatic),50.98,2037.87,No
RMGN-E3D1B,Male,0,Yes,No,9,Yes,Yes,DSL,No,No,Yes,No,No,No,Two year,No,Electronic check,35.55,288.04,Yes
BBAU-9B2EC,Female,1,No,Yes,5,Yes,No,Fiber optic,No,No,Yes,No,Yes,No,Month-to-month,Yes,Bank transfer (automatic),49.83,324.51,Yes
MXDH-02D6A,Male,0,No,Yes,34,Yes,Yes,Fiber optic,No,Yes,No,No,No,Yes,Month-to-month,No,Mailed check,67.49,2256.28,Yes
WTKJ-1DF87,Male,0,Yes,No,20,No,No phone service,Fiber optic,No,No,No,No,No,No,Month-to-month,Yes,Credit card (automatic),53.67,1124.73,Yes
WIKX-6E277,Female,0,Yes,No,42,Yes,Yes,Fiber optic,No,Yes,Yes,No,Yes,Yes,Month-to-month,No,Bank transfer (automatic),79.48,3315.03,Yes
HZMW-35793,Female,0,No,No,7,Yes,Yes,No,No internet service,No internet service,No internet service,No internet service,No internet service,No internet service,One year,No,Credit card (automatic),22.16,89.28,Yes
IQHT-7F3D7,Male,0,No,No,48,Yes,No,Fiber optic,Yes,Yes,No,No,Yes,Yes,Month-to-month,Yes,Electronic check,67.3,3194.01,Yes
CSFD-8C490,Male,0,Yes,No,8,Yes,No,Fiber optic,Yes,No,Yes,No,No,No,Month-to-month,Yes,Credit card (automatic),51.98,367.83,No
ETAJ-81F85,Male,1,Yes,No,32,Yes,No,Fiber optic,Yes,No,No,Yes,No,No,Month-to-month,Yes,Bank transfer (automatic),53.32,1692.04,No
ZORC-208DE,Female,0,Yes,Yes,43,Yes,Yes,No,No internet service,No internet service,No internet service,No internet service,No internet service,No internet service,Month-to-month,No,Mailed check,35.6,1566.96,Yes
OBQQ-9B8B7,Male,1,No,No,6,Yes,No,Fiber optic,No,No,Yes,No,No,Yes,One year,Yes,Electronic check,63.78,403.75,Yes
DCXL-540F1,Female,0,Yes,No,2,Yes,No,Fiber optic,No,No,No,Yes,No,Yes,Month-to-month,Yes,Mailed check,57.82,139.89,Yes
FLJB-5C4D5,Female,0,No,Yes,50,Yes,No,Fiber optic,No,Yes,No,No,No,Yes,One year,Yes,Bank transfer (automatic),50.47,2631.79,No
ACVK-FC04B,Female,0,Yes,No,20,Yes,No,Fiber optic,No,Yes,No,No,Yes,No,Two year,Yes,Electronic check,55.18,1112.7,Yes
BZEU-D8CEB,Male,0,No,No,11,Yes,Yes,Fiber optic,Yes,No,Yes,No,Yes,Yes,Month-to-month,Yes,Electronic check,76.13,916.89,Yes
SKHW-36865,Female,0,Yes,No,0,No,No phone service,DSL,No,No,No,No,Yes,No,One year,No,Bank transfer (automatic),42.5,42.5,Yes
PIZE-6D7BA,Female,1,No,No,3,Yes,No,Fiber optic,Yes,Yes,Yes,Yes,No,No,Two year,No,Electronic check,57.14,179.45,No
ITGT-2B1DA,Female,1,No,No,1,Yes,No,No,No internet service,No internet service,No internet service,No internet service,No internet service,No internet service,Month-to-month,No,Bank transfer (automatic),21.12,0.0,No
BCEY-94403,Female,1,Yes,No,13,Yes,Yes,DSL,No,No,No,No,No,No,Month-to-month,No,Bank transfer (automatic),47.88,764.52,Yes
WPJA-5619A,Female,0,Yes,Yes,46,No,No phone service,No,No internet service,No internet service,No internet service,No internet service,No internet service,No internet service,Month-to-month,Yes,Mailed check,18.8,908.61,No
ZJHV-5ABE5,Male,1,No,No,33,Yes,No,No,No internet service,No internet service,No internet service,No internet service,No internet service,No internet service,Month-to-month,Yes,Bank transfer (automatic),19.2,573.07,No
QDUB-B371B,Female,0,Yes,Yes,11,Yes,No,Fiber optic,No,No,No,No,No,No,One year,Yes,Electronic check,51.47,524.64,Yes
MRJA-9BA4B,Female,0,No,Yes,59,Yes,No,DSL,Yes,No,Yes,No,No,No,Month-to-month,Yes,Credit card (automatic),43.47,2540.11,Yes
OFCI-0B002,Male,0,Yes,No,65,Yes,No,No,No internet service,No internet service,No internet service,No internet service,No internet service,No internet service,Month-to-month,No,Electronic check,28.5,1877.06,No
IAQD-C8162,Female,0,Yes,Yes,33,Yes,Yes,DSL,No,No,No,Yes,No,Yes,Month-to-month,No,Bank transfer (automatic),58.55,2033.8,No
ZPVJ-236C6,Male,0,No,Yes,9,Yes,No,Fiber optic,No,No,No,No,Yes,No,Two year,Yes,Bank transfer (automatic),47.37,434.36,No
YJGM-1A1A6,Female,0,No,Yes,10,Yes,No,No,No internet service,No internet service,No internet service,No internet service,No internet service,No internet service,Month-to-month,Yes,Bank transfer (automatic),24.24,140.01,No
JPSY-4CDFF,Male,1,No,No,38,Yes,No,Fiber optic,No,No,No,No,No,No,Two year,Yes,Mailed check,41.13,1576.71,No
UHSU-4DB7D,Male,0,Yes,Yes,12,Yes,No,DSL,No,No,No,No,No,No,Month-to-month,Yes,Credit card (automatic),22.18,198.86,No
CRUB-683EA,Female,0,Yes,No,4,Yes,No,No,No internet service,No internet service,No internet service,No internet service,No internet service,No internet service,One year,No,Bank transfer (automatic),24.27,81.93,No
HLCC-BF43A,Female,1,No,Yes,58,Yes,No,No,No internet service,No internet service,No internet service,No internet service,No internet service,No internet service,Month-to-month,No,Mailed check,21.22,1329.91,No
NDRF-17B8A,Female,0,Yes,No,35,Yes,Yes,Fiber optic,No,No,No,No,Yes,Yes,Month-to-month,No,Bank transfer (automatic),70.0,2474.48,No
GMSN-3F1EB,Male,1,Yes,No,1,Yes,No,No,No internet service,No internet service,No internet service,No internet service,No internet service,No internet service,One year,Yes,Electronic check,21.97,0.0,Yes
CGJY-84E1D,Male,0,Yes,No,49,Yes,Yes,Fiber optic,No,No,No,No,Yes,No,Month-to-month,No,Mailed check,64.37,3151.76,No
VKBX-F6242,Male,0,Yes,No,39,Yes,Yes,Fiber optic,No,Yes,No,No,No,No,One year,Yes,Bank transfer (automatic),63.76,2520.63,Yes
PNJQ-906DC,Female,0,No,No,69,Yes,No,DSL,No,No,No,No,Yes,No,One year,Yes,Credit card (automatic),53.55,3716.21,No
WYBH-78CBB,Male,0,No,No,70,Yes,No,Fiber optic,No,Yes,Yes,No,No,No,Month-to-month,No,Credit card (automatic),45.42,3178.39,No
ERUT-912BD,Male,0,No,No,6,Yes,Yes,Fiber optic,No,Yes,Yes,No,No,Yes,One year,No,Electronic check,56.56,418.53,No
VLPE-93CC0,Female,0,No,Yes,31,Yes,Yes,Fiber optic,No,Yes,No,No,No,No,Month-to-month,No,Credit card (automatic),52.41,1577.12,No
YUJL-1E1EA,Male,0,No,No,3,Yes,No,Fiber optic,Yes,No,No,Yes,No,Yes,Two year,Yes,Mailed check,63.75,209.31,No
XJXL-55F77,Male,1,No,No,29,Yes,No,No,No internet service,No internet service,No internet service,No internet service,No internet service,No internet service,Two year,No,Mailed check,24.15,684.64,No
QOOJ-2F7F7,Female,0,No,No,30,Yes,Yes,Fiber optic,No,Yes,No,No,No,Yes,One year,Yes,Mailed check,65.75,1937.71,No
POZC-82D8E,Male,0,Yes,No,23,Yes,No,No,No internet service,No internet service,No internet service,No internet service,No internet service,No internet service,One year,Yes,Bank transfer (automatic),18.8,408.6,No
HEQD-5532A,Female,0,Yes,No,54,Yes,No,DSL,No,Yes,No,No,No,No,Two year,No,Mailed check,26.69,1361.5,No
TKHE-AC86A,Female,0,No,No,66,Yes,Yes,No,No internet service,No internet service,No internet service,No internet service,No internet service,No internet service,Two year,Yes,Electronic check,36.66,2435.55,No
XZFM-EADF1,Female,0,Yes,No,3,Yes,Yes,DSL,No,Yes,No,Yes,Yes,No,Two year,No,Electronic check,49.67,179.5,Yes
PNHQ-17669,Female,1,Yes,No,12,Yes,No,DSL,No,No,Yes,No,Yes,No,Two year,Yes,Mailed check,31.5,401.89,No
YYSI-FFDDD,Female,0,No,No,54,Yes,No,Fiber optic,No,No,Yes,No,Yes,No,Month-to-month,Yes,Mailed check,50.64,2713.96,Yes
TSQQ-6EA9B,Male,0,No,Yes,4,No,No phone service,Fiber optic,Yes,No,No,Yes,Yes,Yes,One year,Yes,Credit card (automatic),70.5,282.82,Yes
BXPY-13FBA,Male,0,No,No,59,Yes,No,No,No internet service,No internet service,No internet service,No internet service,No internet service,No internet service,Two year,No,Electronic check,27.45,1601.71,No
KOOF-9855C,Female,0,Yes,No,8,No,No phone service,DSL,No,No,No,No,No,Yes,Two year,Yes,Bank transfer (automatic),41.26,325.9,No
RMPG-78428,Female,0,No,No,56,Yes,No,DSL,No,Yes,No,No,Yes,No,One year,No,Bank transfer (automatic),41.38,2302.85,No
YMXW-BE6C2,Male,0,No,Yes,4,No,No phone service,Fiber optic,No,No,No,No,No,Yes,Month-to-month,Yes,Electronic check,60.21,266.29,Yes
IOAT-E1F12,Female,0,No,Yes,56,Yes,No,Fiber optic,No,No,Yes,No,Yes,No,Month-to-month,Yes,Electronic check,52.83,2948.75,No
TRYL-92BF9,Female,0,Yes,No,3,Yes,No,Fiber optic,Yes,No,Yes,No,Yes,Yes,Month-to-month,Yes,Bank transfer (automatic),64.65,192.69,Yes
YKZN-2571E,Female,0,Yes,Yes,7,Yes,No,No,No internet service,No internet service,No internet service,No internet service,No internet service,No internet service,One year,No,Electronic check,18.8,131.45,Yes
GRXL-98C05,Male,0,Yes,No,44,Yes,No,Fiber optic,No,No,No,No,Yes,No,One year,Yes,Electronic check,67.48,2998.12,No
PCWQ-002A8,Male,0,Yes,Yes,6,Yes,Yes,Fiber optic,Yes,No,No,No,No,No,One year,Yes,Electronic check,62.43,381.11,No
MOMI-00BB3,Female,0,Yes,Yes,46,Yes,No,DSL,No,No,No,No,No,No,Two year,Yes,Bank transfer (automatic),35.36,1619.06,No
GKQP-806C9,Female,1,Yes,No,7,Yes,Yes,DSL,Yes,No,Yes,No,No,No,One year,No,Bank transfer (automatic),38.49,211.08,No
USXO-98462,Male,0,No,Yes,0,Yes,No,Fiber optic,Yes,No,Yes,Yes,Yes,No,One year,Yes,Credit card (automatic),62.71,62.71,No
LDMY-7B7E3,Male,0,No,No,25,Yes,Yes,No,No internet service,No internet service,No internet service,No internet service,No internet service,No internet service,Month-to-month,Yes,Mailed check,32.59,841.17,No
VSXD-EE499,Female,0,No,No,8,Yes,Yes,Fiber optic,Yes,No,Yes,Yes,No,Yes,Month-to-month,Yes,Electronic check,73.17,501.29,No
BNRF-59E0E,Female,1,Yes,No,7,Yes,No,Fiber optic,Yes,No,No,No,Yes,No,Month-to-month,Yes,Mailed check,58.04,397.04,Yes
VVBO-5EBA0,Male,1,Yes,No,6,Yes,Yes,Fiber optic,No,Yes,No,Yes,No,Yes,Month-to-month,Yes,Mailed check,65.79,420.19,Yes
WMEW-E7A94,Male,1,Yes,No,1,Yes,No,No,No internet service,No internet service,No internet service,No internet service,No internet service,No internet service,Month-to-month,No,Electronic check,18.8,0.0,No
TZYR-5EE05,Male,0,Yes,No,53,Yes,No,Fiber optic,No,Yes,No,Yes,No,No,One year,Yes,Bank transfer (automatic),51.17,2708.73,No
OPSN-02CBA,Female,0,Yes,Yes,4,Yes,No,No,No internet service,No internet service,No internet service,No internet service,No internet service,No internet service,One year,No,Electronic check,26.62,149.18,No
LHIR-826D9,Male,0,No,Yes,40,Yes,No,Fiber optic,No,Yes,Yes,Yes,Yes,No,Month-to-month,Yes,Electronic check,62.76,2456.47,Yes
WNMY-826A5,Female,0,No,No,1,Yes,Yes,DSL,Yes,No,Yes,Yes,Yes,Yes,Month-to-month,No,Electronic check,74.45,51.37,Yes
KWLH-16C47,Male,0,No,No,0,Yes,No,DSL,No,No,No,No,No,No,Month-to-month,No,Electronic check,31.23,31.23,Yes
RYVH-2A461,Male,0,No,No,43,Yes,No,DSL,No,Yes,No,Yes,No,Yes,Month-to-month,No,Electronic check,46.22,1958.03,No
UEJK-0C982,Male,0,No,Yes,44,Yes,Yes,DSL,Yes,No,No,No,No,No,Month-to-month,No,Electronic check,45.04,1990.07,Yes
BBQT-CC603,Male,0,No,No,0,Yes,No,Fiber optic,No,Yes,No,No,Yes,No,One year,Yes,Bank transfer (automatic),58.18,58.18,No
UTNA-CD3CA,Female,0,No,No,10,Yes,No,DSL,No,No,Yes,No,Yes,Yes,One year,No,Bank transfer (automatic),49.08,435.23,No
XQCQ-14DF7,Female,0,No,No,71,Yes,No,Fiber optic,No,No,No,Yes,No,No,Month-to-month,No,Electronic check,60.82,4303.96,Yes
HKGO-609AA,Male,1,No,Yes,8,Yes,No,Fiber optic,No,Yes,Yes,Yes,No,No,One year,No,Electronic check,52.46,378.74,No
YSRF-76F7B,Female,0,No,Yes,71,Yes,No,DSL,No,Yes,Yes,Yes,No,Yes,Two year,No,Bank transfer (automatic),45.73,3300.78,No
OBYR-30E40,Male,0,Yes,Yes,61,Yes,Yes,Fiber optic,No,Yes,No,No,No,No,Two year,Yes,Electronic check,57.02,3507.92,No
QAFX-0C944,Male,0,No,Yes,51,Yes,Yes,Fiber optic,No,No,Yes,No,Yes,No,Month-to-month,No,Mailed check,73.7,3808.04,No
MNXG-9A0EF,Male,0,No,No,3,Yes,No,No,No internet service,No internet service,No internet service,No internet service,No internet service,No internet service,Month-to-month,Yes,Bank transfer (automatic),22.19,0.0,Yes
CGUV-2E545,Male,0,No,Yes,70,No,No phone service,DSL,No,No,No,No,No,Yes,Two year,No,Mailed check,33.62,2364.56,No
RFOB-2C6CB,Female,0,Yes,No,8,Yes,No,Fiber optic,No,No,No,No,Yes,No,One year,No,Mailed check,50.61,373.48,No
ZDYX-62280,Male,0,Yes,No,29,Yes,Yes,Fiber optic,No,No,Yes,Yes,No,No,Month-to-month,No,Mailed check,67.06,2079.38,Yes
CNOW-F4533,Male,0,No,No,9,Yes,No,Fiber optic,No,No,Yes,No,No,No,Month-to-month,Yes,Bank transfer (automatic),53.49,488.61,Yes
LZXX-7AB37,Female,1,No,No,72,Yes,No,No,No internet service,No internet service,No internet service,No internet service,No internet service,No internet service,Month-to-month,No,Electronic check,18.8,1403.6,No
OJML-0CECE,Male,0,Yes,No,4,Yes,No,DSL,No,No,No,No,No,Yes,Month-to-month,No,Mailed check,36.78,178.83,No
LBGW-28051,Male,0,No,No,61,No,No phone service,DSL,Yes,No,Yes,Yes,No,Yes,One year,Yes,Bank transfer (automatic),45.91,2833.74,No
CENR-4D6B8,Male,0,No,Yes,53,Yes,No,DSL,Yes,No,Yes,No,Yes,Yes,One year,Yes,Electronic check,58.89,3194.81,No
SZZP-FB4E2,Female,1,Yes,Yes,16,Yes,No,DSL,No,No,No,Yes,No,Yes,Two year,Yes,Mailed check,44.97,780.27,No
MDUX-D1451,Male,0,No,Yes,50,Yes,Yes,Fiber optic,No,No,Yes,No,No,Yes,Month-to-month,No,Electronic check,54.85,2701.66,No
NAPO-9EC49,Female,0,Yes,Yes,51,Yes,No,Fiber optic,No,No,Yes,No,Yes,No,Month-to-month,Yes,Electronic check,61.69,3247.53,Yes
UWQC-6D198,Male,1,No,No,37,No,No phone service,DSL,No,No,No,Yes,No,No,One year,No,Mailed check,33.77,1354.4,No
FIZP-F7D9E,Male,1,No,No,61,Yes,No,Fiber optic,No,Yes,Yes,No,No,Yes,One year,No,Electronic check,47.48,2944.96,No
IJBF-224D6,Female,1,No,Yes,3,Yes,No,No,No internet service,No internet service,No internet service,No internet service,No internet service,No internet service,Two year,Yes,Bank transfer (automatic),18.8,78.97,No
VVZN-D6AC2,Male,0,No,No,61,Yes,No,Fiber optic,No,No,No,No,No,Yes,One year,No,Mailed check,57.14,3534.32,No
BESM-4C027,Male,0,Yes,No,59,Yes,Yes,DSL,No,No,No,No,No,No,Month-to-month,Yes,Electronic check,40.46,2288.18,Yes
XTRS-47EB9,Female,1,No,No,0,No,No phone service,DSL,No,Yes,Yes,Yes,No,No,One year,No,Credit card (automatic),43.59,43.59,No
CTJK-A6902,Female,0,No,Yes,46,Yes,No,Fiber optic,No,No,No,No,No,No,Month-to-month,Yes,Bank transfer (automatic),54.11,2550.25,Yes
NYTK-F4E61,Female,0,No,Yes,4,Yes,Yes,Fiber optic,Yes,No,Yes,No,Yes,No,One year,Yes,Bank transfer (automatic),69.87,268.84,No
AZQD-F05B0,Female,0,Yes,No,2,Yes,No,No,No internet service,No internet service,No internet service,No internet service,No internet service,No internet service,One year,Yes,Credit card (automatic),25.12,59.73,No
XRYV-D3332,Female,0,Yes,Yes,10,Yes,Yes,No,No internet service,No internet service,No internet service,No internet service,No internet service,No internet service,Two year,No,Electronic check,33.98,269.54,No
RBLP-8731F,Male,1,No,No,7,No,No phone service,No,No internet service,No internet service,No internet service,No internet service,No internet service,No internet service,One year,Yes,Mailed check,25.11,223.13,No
MPOJ-B66C5,Female,0,No,No,61,Yes,Yes,Fiber optic,Yes,No,No,No,No,No,One year,No,Mailed check,56.67,3404.32,No
SRAR-C4E02,Male,0,Yes,No,6,Yes,No,DSL,No,Yes,Yes,No,No,No,Month-to-month,Yes,Electronic check,37.81,238.2,Yes
YWTP-37919,Male,1,No,No,26,Yes,No,DSL,No,No,No,No,No,No,Month-to-month,Yes,Electronic check,30.56,835.48,No
CDEE-1FC85,Male,0,No,Yes,13,Yes,Yes,Fiber optic,No,No,No,Yes,No,Yes,Month-to-month,No,Electronic check,75.75,1026.42,Yes
EYUT-70A74,Female,0,No,No,16,Yes,Yes,No,No internet service,No internet service,No internet service,No internet service,No internet service,No internet service,Month-to-month,Yes,Credit card (automatic),23.23,345.51,Yes
IBWE-DF091,Female,0,No,Yes,71,Yes,No,DSL,No,Yes,Yes,No,No,No,Month-to-month,No,Electronic check,42.39,2944.28,No
VNAU-CE7EA,Male,0,No,No,49,Yes,No,Fiber optic,No,No,No,Yes,No,Yes,Month-to-month,Yes,Credit card (automatic),54.43,2767.91,No
NJHQ-B0606,Female,0,No,Yes,21,Yes,Yes,Fiber optic,No,Yes,No,No,No,Yes,Month-to-month,Yes,Electronic check,70.64,1491.18,No
URDS-00E04,Female,0,Yes,No,24,Yes,No,DSL,No,No,No,No,No,No,Two year,No,Mailed check,38.58,905.78,No
DPNV-FB70E,Female,0,No,Yes,65,Yes,No,DSL,No,No,No,No,No,No,Month-to-month,Yes,Credit card (automatic),41.63,2699.44,No
OFOK-57C2F,Female,0,No,No,31,Yes,Yes,Fiber optic,Yes,No,Yes,Yes,Yes,No,Month-to-month,Yes,Mailed check,74.28,2316.39,No
BDRD-CB67F,Male,0,No,No,26,Yes,Yes,DSL,No,No,No,Yes,Yes,No,Month-to-month,No,Electronic check,52.88,1287.56,No
UQDP-04B6F,Male,0,No,No,30,Yes,Yes,Fiber optic,Yes,No,No,No,Yes,No,Month-to-month,Yes,Electronic check,74.09,2233.69,Yes
YCWW-16F00,Female,0,Yes,Yes,3,Yes,No,DSL,No,No,No,No,Yes,No,Month-to-month,No,Credit card (automatic),42.15,124.24,Yes
NYHU-B2497,Male,0,Yes,No,61,Yes,No,DSL,No,Yes,No,Yes,No,Yes,Two year,Yes,Mailed check,41.84,2607.54,No
GFOV-6EA6B,Female,0,No,No,44,Yes,Yes,DSL,No,No,No,No,No,No,Month-to-month,Yes,Credit card (automatic),40.58,1764.38,No
LTZU-21CD9,Female,0,Yes,No,69,Yes,No,Fiber optic,No,No,Yes,Yes,Yes,No,Month-to-month,Yes,Mailed check,71.89,4958.5,No
GWLH-5445A,Male,0,No,No,38,Yes,No,Fiber optic,No,No,No,No,No,Yes,Month-to-month,No,Credit card (automatic),54.66,2058.92,No
AJEQ-FC380,Male,0,Yes,No,2,Yes,Yes,Fiber optic,Yes,No,No,No,No,Yes,One year,Yes,Electronic check,72.62,186.88,No
KHNK-A8F1F,Male,1,Yes,Yes,32,Yes,No,Fiber optic,No,No,No,No,No,No,Month-to-month,Yes,Mailed check,53.34,1700.03,Yes
USVB-30C55,Female,0,Yes,No,28,No,No phone service,Fiber optic,No,No,No,Yes,No,No,Month-to-month,No,Mailed check,54.12,1498.13,No
PLQY-5E86E,Male,0,No,No,2,Yes,Yes,Fiber optic,No,Yes,Yes,No,No,Yes,One year,No,Credit card (automatic),64.66,42.82,No
MDHV-88A31,Female,0,No,No,67,Yes,No,DSL,No,No,Yes,No,No,No,One year,No,Mailed check,32.46,2238.64,No
LXDS-F12D1,Male,1,No,No,13,Yes,No,DSL,No,No,No,No,Yes,No,Month-to-month,No,Electronic check,40.96,574.51,No
TUIH-88D9F,Male,0,No,No,2,Yes,Yes,No,No internet service,No internet service,No internet service,No internet service,No internet service,No internet service,Two year,No,Credit card (automatic),27.8,149.52,No
GHGQ-0DCFF,Female,0,Yes,No,40,Yes,Yes,Fiber optic,No,No,Yes,No,Yes,No,Month-to-month,No,Credit card (automatic),67.63,2734.67,No
BTNT-D90D6,Female,0,Yes,Yes,13,No,No phone service,No,No internet service,No internet service,No internet service,No internet service,No internet service,No internet service,Month-to-month,No,Mailed check,18.8,280.23,No
LPXN-3BA18,Female,0,No,No,8,Yes,No,No,No internet service,No internet service,No internet service,No internet service,No internet service,No internet service,Two year,No,Credit card (automatic),29.3,136.19,No
UWHN-D9620,Female,0,No,Yes,27,Yes,No,Fiber optic,Yes,Yes,No,No,No,Yes,Two year,Yes,Electronic check,60.07,1615.03,Yes
RZPU-A5843,Female,0,Yes,No,10,No,No phone service,DSL,Yes,Yes,Yes,No,Yes,Yes,Month-to-month,No,Mailed check,51.3,520.18,No
PQZG-42FC5,Female,0,No,No,3,Yes,Yes,Fiber optic,Yes,Yes,No,No,No,No,One year,Yes,Mailed check,56.48,224.03,No
ZSMJ-912E3,Female,0,No,No,67,Yes,No,Fiber optic,No,Yes,No,No,No,Yes,One year,No,Credit card (automatic),59.79,3943.39,No
EWYV-1D40E,Female,0,Yes,No,64,Yes,Yes,No,No internet service,No internet service,No internet service,No internet service,No internet service,No internet service,Month-to-month,No,Electronic check,36.94,2408.79,No
GRBE-E9F2E,Male,0,Yes,No,67,Yes,Yes,No,No internet service,No internet service,No internet service,No internet service,No internet service,No internet service,Month-to-month,Yes,Mailed check,33.9,2313.45,No
WYBC-811CB,Female,0,No,Yes,63,Yes,No,No,No internet service,No internet service,No internet service,No internet service,No internet service,No internet service,Month-to-month,No,Mailed check,18.8,1171.99,No
VYDV-0543B,Female,0,Yes,Yes,62,No,No phone service,Fiber optic,No,Yes,No,Yes,No,No,Two year,No,Bank transfer (automatic),61.21,3819.56,No
DVWR-19A55,Male,0,Yes,No,5,Yes,Yes,DSL,Yes,Yes,Yes,Yes,No,No,Two year,No,Electronic check,41.99,199.65,No
MZAN-580E7,Female,0,No,Yes,3,Yes,No,No,No internet service,No internet service,No internet service,No internet service,No internet service,No internet service,Two year,No,Electronic check,22.7,85.81,Yes
ZEPR-C0A26,Male,1,Yes,Yes,57,No,No phone service,DSL,No,Yes,No,No,Yes,Yes,Month-to-month,No,Electronic check,60.23,3434.92,Yes
BBTS-EB91C,Male,0,No,No,7,Yes,No,DSL,No,Yes,No,No,No,No,Two year,No,Electronic check,35.85,284.43,No
FCTP-28B7B,Female,1,Yes,Yes,3,Yes,No,No,No internet service,No internet service,No internet service,No internet service,No internet service,No internet service,Month-to-month,No,Mailed check,22.5,19.75,Yes
NJFG-C5B58,Male,0,No,Yes,24,Yes,Yes,DSL,No,Yes,No,No,No,No,One year,No,Electronic check,39.03,941.59,No
PMTY-DE0CB,Female,1,No,Yes,41,Yes,No,No,No internet service,No internet service,No internet service,No internet service,No internet service,No internet service,Month-to-month,Yes,Mailed check,20.55,854.52,Yes
KIBV-D1982,Male,0,Yes,No,9,Yes,No,DSL,Yes,Yes,No,No,No,Yes,Month-to-month,No,Bank transfer (automatic),31.15,270.31,No
OVIS-F7142,Male,0,Yes,Yes,63,Yes,No,Fiber optic,No,No,Yes,No,Yes,No,Month-to-month,No,Mailed check,52.52,3276.27,No
JQFN-F4E49,Male,0,No,No,26,Yes,No,Fiber optic,Yes,No,No,Yes,No,No,Two year,Yes,Bank transfer (automatic),58.53,1541.18,No
EGWP-983E6,Female,0,No,Yes,16,Yes,Yes,Fiber optic,No,No,No,No,Yes,No,One year,No,Bank transfer (automatic),65.33,1027.06,Yes
AXBX-413A8,Female,0,No,No,14,Yes,Yes,No,No internet service,No internet service,No internet service,No internet service,No internet service,No internet service,Month-to-month,Yes,Mailed check,36.12,519.27,Yes
DHFQ-D4E61,Male,0,Yes,No,56,Yes,No,No,No internet service,No internet service,No internet service,No internet service,No internet service,No internet service,Two year,No,Electronic check,24.41,1382.35,No
IWVS-6CBC8,Male,0,No,No,6,Yes,No,DSL,Yes,No,No,No,No,No,Month-to-month,No,Credit card (automatic),31.92,193.7,Yes
NZYN-368A5,Female,0,No,No,52,No,No phone service,Fiber optic,Yes,No,Yes,No,Yes,No,Month-to-month,Yes,Mailed check,59.54,3050.8,No
BVYC-56CC5,Female,0,No,No,51,Yes,No,No,No internet service,No internet service,No internet service,No internet service,No internet service,No internet service,One year,Yes,Bank transfer (automatic),23.19,1185.83,No
IKGL-40BC4,Male,0,No,No,61,Yes,No,Fiber optic,No,Yes,Yes,No,Yes,Yes,Two year,Yes,Mailed check,68.31,4073.52,No
KKAO-7F5C6,Male,0,Yes,No,35,Yes,Yes,DSL,No,No,No,No,No,No,Month-to-month,No,Bank transfer (automatic),51.46,1791.31,No
EJWG-DABC8,Female,0,No,No,7,Yes,No,Fiber optic,No,No,No,No,Yes,Yes,Month-to-month,No,Credit card (automatic),65.35,542.01,Yes
PBSS-18841,Female,0,Yes,No,30,Yes,Yes,Fiber optic,No,Yes,Yes,No,No,Yes,One year,No,Mailed check,75.41,2268.16,Yes
AFGF-9611A,Female,0,Yes,No,10,Yes,No,DSL,No,No,Yes,No,Yes,No,Two year,Yes,Credit card (automatic),39.87,343.02,No
YVTI-B1222,Female,1,No,No,54,Yes,No,DSL,Yes,Yes,Yes,No,No,No,Month-to-month,Yes,Electronic check,38.57,2082.37,No
JBVS-A2D0F,Female,0,No,Yes,41,Yes,Yes,DSL,No,No,No,No,No,Yes,Month-to-month,Yes,Electronic check,54.65,2201.66,No
SFFS-C7077,Male,0,Yes,No,4,Yes,No,Fiber optic,No,No,Yes,No,No,No,One year,No,Credit card (automatic),43.4,213.8,No
IXIG-A9985,Female,0,No,No,2,Yes,Yes,No,No internet service,No internet service,No internet service,No internet service,No internet service,No internet service,Month-to-month,Yes,Electronic check,30.49,85.44,No
GDEP-6BC81,Male,0,Yes,No,32,Yes,Yes,No,No internet service,No internet service,No internet service,No internet service,No internet service,No internet service,Two year,Yes,Mailed check,28.65,925.09,No
AFHB-C5B30,Female,0,No,No,6,Yes,No,Fiber optic,Yes,No,No,No,No,No,Month-to-month,No,Electronic check,40.95,207.39,Yes
DMML-FAB17,Male,0,No,Yes,72,Yes,No,Fiber optic,No,No,No,No,No,No,Month-to-month,Yes,Bank transfer (automatic),60.53,4414.43,No
QPYM-5F590,Female,0,Yes,No,5,Yes,Yes,Fiber optic,Yes,No,No,No,Yes,No,One year,Yes,Electronic check,65.57,408.8,Yes
EBKY-1FD00,Female,0,Yes,No,25,Yes,No,Fiber optic,No,Yes,No,No,No,Yes,Month-to-month,Yes,Electronic check,57.92,1356.86,Yes
XPEY-8AA35,Male,0,Yes,Yes,3,Yes,No,No,No internet service,No internet service,No internet service,No internet service,No internet service,No internet service,Month-to-month,Yes,Electronic check,18.8,7.43,No
DNZQ-B38F1,Male,0,Yes,No,43,Yes,No,No,No internet service,No internet service,No internet service,No internet service,No internet service,No internet service,One year,No,Electronic check,29.28,1164.6,No
FSAF-F0656,Female,0,Yes,No,22,Yes,No,DSL,No,Yes,No,Yes,Yes,No,Month-to-month,No,Credit card (automatic),53.19,1121.32,No
GHTA-24D60,Female,0,No,Yes,43,Yes,No,No,No internet service,No internet service,No internet service,No internet service,No internet service,No internet service,Month-to-month,No,Credit card (automatic),24.52,1012.64,No
NQLC-EDEF5,Female,1,Yes,Yes,58,No,No phone service,DSL,Yes,Yes,No,No,Yes,Yes,Month-to-month,Yes,Electronic check,56.68,3233.14,No
KYLW-AE0BC,Female,0,No,Yes,14,No,No phone service,Fiber optic,Yes,Yes,Yes,Yes,Yes,Yes,Two year,Yes,Mailed check,74.09,979.99,No
FTFX-E086E,Female,0,Yes,No,28,Yes,No,DSL,No,Yes,No,No,No,No,Two year,No,Bank transfer (automatic),37.18,1031.4,No
ISDF-F6CFF,Male,0,No,No,41,Yes,Yes,Fiber optic,No,Yes,No,No,No,No,Month-to-month,Yes,Mailed check,59.41,2440.87,No
AGSY-FB1B4,Male,0,Yes,Yes,38,Yes,No,DSL,No,Yes,No,Yes,No,Yes,Month-to-month,Yes,Credit card (automatic),43.84,1615.37,No
VOEV-F8D04,Female,0,Yes,No,51,Yes,No,Fiber optic,No,No,No,No,Yes,Yes,Two year,Yes,Mailed check,64.7,3288.33,No
DHJL-5835D,Male,0,No,Yes,6,Yes,No,DSL,No,No,Yes,No,No,Yes,Two year,No,Mailed check,34.43,283.48,No
OAIV-2E4A7,Male,0,Yes,No,37,Yes,Yes,No,No internet service,No internet service,No internet service,No internet service,No internet service,No internet service,Month-to-month,Yes,Bank transfer (automatic),27.84,1097.97,No
QUDJ-946E3,Male,0,No,Yes,1,Yes,No,DSL,No,No,Yes,Yes,Yes,No,Two year,Yes,Credit card (automatic),43.44,43.17,No
EPCA-D41A7,Female,0,No,No,5,No,No phone service,DSL,No,No,No,No,No,Yes,Two year,No,Electronic check,48.73,230.07,Yes
LLDW-074A8,Male,0,No,No,22,Yes,No,Fiber optic,No,Yes,No,No,Yes,No,Month-to-month,Yes,Credit card (automatic),66.29,1486.38,No
KNFD-E9AFE,Female,0,Yes,No,7,Yes,Yes,Fiber optic,No,No,Yes,No,No,No,Month-to-month,Yes,Electronic check,62.68,441.36,Yes
PUNG-9EE8F,Male,0,Yes,Yes,71,No,No phone service,Fiber optic,No,No,No,No,Yes,Yes,One year,Yes,Bank transfer (automatic),64.6,4527.05,No
FBKF-F18C1,Female,0,No,Yes,61,Yes,Yes,DSL,No,No,No,Yes,No,No,Two year,Yes,Bank transfer (automatic),50.53,2987.86,No
BOXA-0E9B4,Male,0,No,No,12,Yes,No,DSL,No,No,No,No,No,No,Month-to-month,No,Credit card (automatic),28.52,371.85,No
IMFL-FBD7C,Female,0,Yes,Yes,4,Yes,No,DSL,Yes,No,No,No,No,No,Month-to-month,Yes,Bank transfer (automatic),38.17,157.26,Yes
KQSV-E1CBB,Female,1,Yes,No,5,Yes,No,DSL,No,No,Yes,No,No,No,Month-to-month,Yes,Credit card (automatic),35.8,234.2,Yes
AMYX-37DE5,Male,0,Yes,No,41,Yes,Yes,No,No internet service,No internet service,No internet service,No internet service,No internet service,No internet service,Month-to-month,Yes,Bank transfer (automatic),32.3,1342.12,Yes
UVDA-02B6A,Female,0,No,No,0,Yes,No,No,No internet service,No internet service,No internet service,No internet service,No internet service,No internet service,One year,Yes,Credit card (automatic),18.83,18.83,No
CPTZ-5875A,Female,0,Yes,No,0,Yes,Yes,Fiber optic,Yes,No,No,No,No,Yes,Month-to-month,No,Bank transfer (automatic),61.82,61.82,Yes
OVAF-99EA0,Female,1,No,No,61,Yes,No,DSL,Yes,No,No,Yes,Yes,No,Month-to-month,Yes,Bank transfer (automatic),48.26,3000.52,No
MVWU-713D5,Female,0,Yes,No,43,Yes,No,DSL,No,Yes,Yes,No,No,No,Month-to-month,Yes,Credit card (automatic),41.78,1821.75,Yes
TAMY-30419,Female,0,Yes,No,0,Yes,Yes,DSL,Yes,No,Yes,No,No,No,One year,Yes,Electronic check,45.57,45.57,No
EGPI-AEEBF,Female,0,Yes,No,63,Yes,No,DSL,No,No,No,Yes,No,Yes,Month-to-month,No,Electronic check,54.27,3406.96,No
TBYO-0938A,Female,0,No,No,4,Yes,No,Fiber optic,Yes,No,No,Yes,No,No,Two year,Yes,Electronic check,51.78,181.36,No
ALBC-3C60B,Female,0,Yes,Yes,0,Yes,No,Fiber optic,Yes,Yes,Yes,Yes,No,No,Month-to-month,Yes,Mailed check,60.44,60.44,No
ODOG-AF5B0,Male,0,Yes,No,10,Yes,Yes,DSL,Yes,Yes,No,No,Yes,No,Month-to-month,Yes,Credit card (automatic),64.89,561.79,No
KXBY-17205,Male,0,Yes,Yes,48,Yes,No,Fiber optic,Yes,Yes,No,No,No,No,Month-to-month,Yes,Bank transfer (automatic),57.91,2764.82,No
PSIM-2B2D2,Female,0,Yes,No,4,Yes,No,Fiber optic,Yes,No,Yes,No,No,Yes,Month-to-month,Yes,Credit card (automatic),53.28,204.88,No
RIZH-FD775,Female,0,Yes,Yes,27,Yes,Yes,DSL,No,No,Yes,No,No,No,Month-to-month,Yes,Electronic check,41.04,1132.87,Yes
LMDI-EF0B3,Male,0,No,No,5,Yes,No,No,No internet service,No internet service,No internet service,No internet service,No internet service,No internet service,Month-to-month,No,Bank transfer (automatic),18.8,79.96,Yes
RQWS-DCA65,Male,0,No,No,17,Yes,Yes,Fiber optic,Yes,No,No,No,Yes,Yes,Month-to-month,No,Credit card (automatic),77.43,1292.71,No
JJHI-945B5,Male,0,Yes,No,38,Yes,Yes,Fiber optic,Yes,No,Yes,Yes,No,Yes,Month-to-month,Yes,Mailed check,70.91,2671.07,No
CATY-A0945,Female,0,No,No,45,Yes,Yes,DSL,No,Yes,No,Yes,No,Yes,Two year,No,Credit card (automatic),65.5,2885.76,No
XVTN-9EA91,Male,0,Yes,Yes,24,Yes,No,Fiber optic,No,Yes,No,Yes,No,Yes,Two year,No,Mailed check,66.51,1610.48,No
ZVJG-FF63C,Female,0,Yes,No,25,Yes,Yes,DSL,Yes,Yes,No,No,Yes,Yes,Month-to-month,No,Credit card (automatic),56.23,1434.27,Yes
QXOO-2953C,Female,0,No,No,44,Yes,No,No,No internet service,No internet service,No internet service,No internet service,No internet service,No internet service,Month-to-month,Yes,Bank transfer (automatic),26.07,1159.62,No
IFYZ-742A9,Male,0,No,No,72,No,No phone service,Fiber optic,No,No,No,No,Yes,Yes,Month-to-month,Yes,Electronic check,66.9,4852.36,No
QTMR-ACB09,Female,0,No,No,27,Yes,Yes,No,No internet service,No internet service,No internet service,No internet service,No internet service,No internet service,Month-to-month,Yes,Electronic check,22.92,650.46,No
ZONP-86F1D,Female,0,Yes,No,21,Yes,Yes,Fiber optic,Yes,Yes,No,Yes,No,No,Month-to-month,No,Mailed check,64.95,1390.63,No
EFPQ-E4048,Female,0,Yes,No,23,Yes,No,DSL,Yes,Yes,No,No,No,Yes,Month-to-month,Yes,Credit card (automatic),47.5,1113.21,No
JGXO-AB6BF,Female,0,No,No,9,Yes,Yes,No,No internet service,No internet service,No internet service,No internet service,No internet service,No internet service,Month-to-month,No,Bank transfer (automatic),27.12,196.24,Yes
SHUG-17874,Male,0,No,Yes,20,Yes,Yes,DSL,No,Yes,Yes,No,No,No,One year,Yes,Mailed check,45.97,975.13,No
HXHU-4113D,Male,0,Yes,No,48,Yes,Yes,Fiber optic,No,Yes,No,Yes,No,No,Month-to-month,Yes,Mailed check,62.43,3001.58,No
LSZB-1E995,Female,0,No,No,16,Yes,Yes,No,No internet service,No internet service,No internet service,No internet service,No internet service,No internet service,Month-to-month,No,Credit card (automatic),26.26,497.35,No
VQGQ-033CB,Female,0,No,Yes,10,Yes,No,No,No internet service,No internet service,No internet service,No internet service,No internet service,No internet service,Month-to-month,No,Electronic check,22.27,280.01,No
CXVL-369A5,Male,0,Yes,No,14,No,No phone service,Fiber optic,No,No,No,Yes,No,No,One year,Yes,Mailed check,53.54,668.07,No
CPSG-A9804,Female,0,No,Yes,7,Yes,Yes,DSL,No,Yes,Yes,Yes,Yes,No,Month-to-month,Yes,Electronic check,44.2,335.54,Yes
JVVW-757C9,Male,0,No,Yes,23,Yes,Yes,Fiber optic,Yes,No,No,Yes,No,No,Two year,Yes,Mailed check,66.75,1552.72,No
PLSW-A6DFC,Female,1,Yes,No,6,Yes,No,Fiber optic,No,No,Yes,No,Yes,No,Two year,Yes,Credit card (automatic),58.51,353.22,No
WGKG-5BA0C,Female,0,No,No,31,Yes,Yes,No,No internet service,No internet service,No internet service,No internet service,No internet service,No internet service,Month-to-month,No,Electronic check,29.25,954.11,No
EEOG-F22C4,Male,0,Yes,Yes,48,Yes,No,No,No internet service,No internet service,No internet service,No internet service,No internet service,No internet service,Month-to-month,No,Electronic check,19.98,976.1,No
SREP-81CDF,Male,0,Yes,No,71,Yes,Yes,No,No internet service,No internet service,No internet service,No internet service,No internet service,No internet service,Month-to-month,Yes,Mailed check,23.29,1517.2,No
CEVH-A5393,Male,0,No,No,12,No,No phone service,No,No internet service,No internet service,No internet service,No internet service,No internet service,No internet service,Two year,Yes,Bank transfer (automatic),22.87,306.27,No
DNFE-C8822,Male,0,No,Yes,13,Yes,Yes,Fiber optic,No,No,No,Yes,No,No,Two year,Yes,Electronic check,64.02,829.49,No
KKLD-E5D67,Female,0,No,No,3,Yes,No,Fiber optic,Yes,Yes,No,No,No,Yes,Two year,Yes,Mailed check,59.01,235.98,No
CRBT-E5EB0,Male,0,No,No,50,Yes,Yes,Fiber optic,No,No,No,Yes,Yes,No,Month-to-month,No,Electronic check,84.98,4223.15,Yes
FQSC-AC1E8,Female,0,No,No,22,Yes,Yes,DSL,Yes,Yes,No,No,No,No,Two year,No,Bank transfer (automatic),47.54,1054.06,No
QBPL-5C307,Male,0,No,Yes,5,Yes,No,Fiber optic,No,Yes,No,No,No,No,Month-to-month,Yes,Bank transfer (automatic),42.87,287.84,Yes
TDZR-E7128,Male,0,Yes,No,22,Yes,Yes,Fiber optic,No,No,Yes,Yes,No,No,Two year,No,Credit card (automatic),67.53,1520.75,Yes
PTUT-908DD,Female,0,No,Yes,10,Yes,Yes,DSL,No,No,No,Yes,No,No,Month-to-month,Yes,Credit card (automatic),50.94,578.01,Yes
VALQ-36130,Male,0,No,Yes,3,Yes,Yes,No,No internet service,No internet service,No internet service,No internet service,No internet service,No internet service,Two year,Yes,Bank transfer (automatic),35.19,81.29,No
ZWKA-562AF,Male,1,Yes,No,11,Yes,No,DSL,No,No,No,No,Yes,No,Month-to-month,Yes,Mailed check,44.64,468.44,Yes
VWVB-89129,Male,0,No,Yes,50,Yes,Yes,Fiber optic,No,No,Yes,No,Yes,No,One year,Yes,Electronic check,72.97,3696.06,No
SFMB-198CE,Male,0,No,Yes,19,Yes,Yes,Fiber optic,No,No,Yes,No,No,No,Two year,Yes,Bank transfer (automatic),47.95,847.7,Yes
EIWB-DF12A,Female,0,No,No,11,Yes,No,DSL,No,No,No,No,Yes,No,Two year,No,Credit card (automatic),43.9,504.33,Yes
MZOR-35221,Female,0,Yes,No,5,Yes,No,No,No internet service,No internet service,No internet service,No internet service,No internet service,No internet service,Month-to-month,Yes,Credit card (automatic),21.52,92.6,No
XBNN-0D822,Male,0,No,Yes,52,Yes,No,DSL,No,No,Yes,No,No,Yes,One year,Yes,Bank transfer (automatic),39.73,2071.52,No
SQKK-00854,Male,1,Yes,No,5,Yes,No,Fiber optic,No,No,No,No,Yes,No,One year,Yes,Credit card (automatic),53.39,285.18,No
JPHJ-4A0E8,Male,0,Yes,Yes,9,Yes,No,DSL,No,No,No,Yes,No,Yes,One year,No,Mailed check,46.21,421.17,No
GTYB-321B3,Female,1,No,No,10,Yes,Yes,Fiber optic,No,No,No,No,Yes,Yes,Month-to-month,No,Bank transfer (automatic),81.67,872.78,No
JVPR-1F1BA,Female,0,No,Yes,12,Yes,No,Fiber optic,Yes,Yes,Yes,No,No,No,Month-to-month,Yes,Mailed check,51.33,589.74,Yes
KVXB-F3CD8,Female,0,Yes,No,55,Yes,Yes,DSL,No,No,No,No,No,No,Month-to-month,No,Mailed check,42.98,2385.23,No
WVNE-6E3F2,Female,1,Yes,No,0,Yes,Yes,Fiber optic,No,Yes,No,No,Yes,No,Two year,No,Credit card (automatic),73.65,73.65,Yes
RQFM-25F0D,Male,0,No,Yes,3,Yes,Yes,Fiber optic,No,No,No,No,No,No,Two year,Yes,Electronic check,53.86,174.0,Yes
RTHY-480EB,Male,0,No,No,71,Yes,No,Fiber optic,No,Yes,No,No,No,Yes,Month-to-month,Yes,Electronic check,60.86,4309.77,Yes
EREL-8E506,Male,0,No,No,7,No,No phone service,Fiber optic,Yes,No,Yes,Yes,Yes,No,Two year,No,Electronic check,62.13,440.77,No
YUBB-CB814,Female,1,No,No,66,Yes,No,No,No internet service,No internet service,No internet service,No internet service,No internet service,No internet service,One year,Yes,Electronic check,22.45,1473.5,No
WDFL-BD976,Male,0,Yes,No,51,Yes,Yes,Fiber optic,No,No,No,No,No,Yes,Month-to-month,Yes,Mailed check,60.2,3097.84,No
BGFB-B5839,Female,1,Yes,No,6,Yes,No,No,No internet service,No internet service,No internet service,No internet service,No internet service,No internet service,Month-to-month,No,Bank transfer (automatic),29.62,194.46,No
DRTI-3C325,Female,0,Yes,No,9,Yes,No,Fiber optic,No,No,No,Yes,No,Yes,One year,No,Electronic check,70.14,674.9,No
ZMGN-5A796,Male,0,Yes,No,0,Yes,No,DSL,No,No,No,Yes,No,No,Month-to-month,Yes,Electronic check,36.62,36.62,No
MLKZ-4CB85,Male,0,Yes,No,72,Yes,No,DSL,No,No,Yes,No,No,Yes,One year,Yes,Mailed check,37.57,2551.89,No
MWEP-CA282,Male,0,Yes,No,44,Yes,Yes,DSL,No,No,Yes,Yes,No,No,One year,Yes,Bank transfer (automatic),54.9,2410.23,No
YJKW-63EA9,Female,1,No,No,22,Yes,No,DSL,No,No,Yes,Yes,No,No,Two year,Yes,Electronic check,43.22,921.55,No
BLLG-937CB,Female,0,Yes,No,31,No,No phone service,Fiber optic,No,No,No,Yes,No,No,Two year,Yes,Bank transfer (automatic),46.13,1376.69,No
HFAI-02FD8,Male,0,No,No,45,Yes,No,DSL,No,No,No,No,Yes,No,Month-to-month,No,Mailed check,44.4,2008.61,No
UMPX-151CD,Male,0,No,No,70,Yes,No,Fiber optic,No,No,Yes,No,No,No,Two year,Yes,Electronic check,57.9,3981.81,Yes
SPMA-CEF53,Female,0,No,Yes,39,Yes,Yes,Fiber optic,No,No,No,No,Yes,No,Month-to-month,No,Mailed check,71.74,2794.12,No
RABV-F6882,Male,0,No,No,37,Yes,Yes,Fiber optic,Yes,Yes,No,No,No,Yes,One year,Yes,Electronic check,71.39,2698.8,No
FHVL-B3FE7,Female,1,No,No,8,Yes,No,Fiber optic,No,No,No,No,No,No,Month-to-month,Yes,Mailed check,58.9,388.64,No
FZVN-495AD,Female,1,Yes,No,47,Yes,No,Fiber optic,No,Yes,No,Yes,No,Yes,Two year,Yes,Bank transfer (automatic),58.75,2779.33,No
MBOW-3F5AB,Male,0,Yes,No,7,Yes,Yes,Fiber optic,No,No,No,No,Yes,Yes,Two year,Yes,Credit card (automatic),76.97,582.71,No
EBYS-A4148,Male,1,Yes,No,6,Yes,Yes,No,No internet service,No internet service,No internet service,No internet service,No internet service,No internet service,Month-to-month,No,Bank transfer (automatic),40.21,318.4,No
SIFG-FAF07,Male,1,Yes,No,2,Yes,Yes,Fiber optic,No,No,Yes,No,No,No,Two year,Yes,Electronic check,55.15,232.31,Yes
LKKC-0C725,Male,0,No,No,38,Yes,No,Fiber optic,No,No,No,Yes,No,No,Two year,No,Bank transfer (automatic),51.78,1959.28,No
YMZE-19AF7,Female,0,No,No,40,No,No phone service,Fiber optic,No,Yes,Yes,No,No,No,Month-to-month,No,Bank transfer (automatic),46.43,1920.01,Yes
FOHE-1BA28,Female,1,No,Yes,4,Yes,Yes,DSL,No,No,No,No,No,No,Month-to-month,Yes,Mailed check,53.08,228.34,No
XVLB-A8E8B,Female,0,Yes,No,57,Yes,No,No,No internet service,No internet service,No internet service,No internet service,No internet service,No internet service,Month-to-month,Yes,Bank transfer (automatic),24.15,1353.55,No
NOIK-47F57,Male,1,No,No,12,Yes,No,Fiber optic,No,Yes,No,No,Yes,Yes,Month-to-month,Yes,Mailed check,68.02,818.07,Yes
YDGM-65C75,Female,0,Yes,No,64,No,No phone service,Fiber optic,No,No,No,No,No,Yes,Month-to-month,No,Electronic check,51.42,3228.72,Yes
MXZG-007A0,Male,0,No,No,2,Yes,Yes,DSL,No,No,No,Yes,No,Yes,Month-to-month,Yes,Electronic check,51.96,184.64,Yes
NKYP-69275,Male,0,Yes,No,10,Yes,No,DSL,No,No,No,Yes,Yes,No,Month-to-month,Yes,Mailed check,46.75,493.21,No
EKQP-F4B8D,Male,0,Yes,Yes,30,Yes,No,DSL,Yes,Yes,No,No,Yes,No,Month-to-month,Yes,Bank transfer (automatic),43.97,1296.74,No
XSLN-AC3DC,Male,0,Yes,No,43,No,No phone service,Fiber optic,Yes,No,No,No,No,Yes,Month-to-month,No,Mailed check,56.61,2449.27,No
CHGP-34317,Male,0,No,Yes,60,Yes,No,No,No internet service,No internet service,No internet service,No internet service,No internet service,No internet service,Month-to-month,Yes,Mailed check,18.8,1095.93,No
INFH-EC42F,Male,0,Yes,No,21,Yes,No,No,No internet service,No internet service,No internet service,No internet service,No internet service,No internet service,One year,Yes,Mailed check,18.8,449.87,No
RMSF-66B27,Female,0,Yes,Yes,53,Yes,Yes,Fiber optic,Yes,No,No,No,No,No,One year,Yes,Electronic check,53.1,2823.73,Yes
VFDV-D6084,Male,0,No,No,49,Yes,Yes,Fiber optic,Yes,No,Yes,No,No,No,Month-to-month,Yes,Mailed check,66.25,3196.75,No
PDUR-A83F4,Female,1,No,No,71,Yes,Yes,DSL,No,No,No,No,Yes,No,Month-to-month,Yes,Electronic check,47.86,3381.88,Yes
JYBD-C599D,Female,0,Yes,Yes,0,Yes,No,Fiber optic,No,No,No,No,Yes,No,Month-to-month,No,Bank transfer (automatic),60.87,60.87,No
QLOT-627F1,Male,0,No,No,68,Yes,Yes,Fiber optic,Yes,No,No,Yes,No,No,Month-to-month,No,Bank transfer (automatic),64.95,4361.88,No
EZVD-3BCBD,Male,0,Yes,Yes,24,Yes,Yes,Fiber optic,No,No,Yes,No,No,Yes,Month-to-month,No,Bank transfer (automatic),64.79,1459.32,No
NWPM-A69DF,Male,0,Yes,Yes,4,No,No phone service,Fiber optic,No,No,No,No,No,No,Month-to-month,No,Electronic check,51.82,142.19,No
PAQG-3E7C5,Female,0,Yes,No,1,Yes,No,Fiber optic,No,No,Yes,No,No,No,Two year,No,Mailed check,53.23,33.09,No
PRXF-867D2,Male,0,Yes,No,52,Yes,Yes,Fiber optic,No,Yes,No,No,Yes,No,Two year,Yes,Bank transfer (automatic),68.82,3597.67,No
OKXF-31708,Female,0,No,Yes,68,Yes,No,No,No internet service,No internet service,No internet service,No internet service,No internet service,No internet service,Two year,No,Credit card (automatic),21.02,1458.75,No
FKPR-0258E,Male,0,No,No,22,Yes,Yes,Fiber optic,No,Yes,Yes,Yes,No,Yes,Month-to-month,Yes,Credit card (automatic),65.73,1500.83,No
DBQZ-D9097,Male,0,Yes,No,28,Yes,No,No,No internet service,No internet service,No internet service,No internet service,No internet service,No internet service,Month-to-month,Yes,Credit card (automatic),20.63,585.81,Yes
LMOS-31068,Female,1,No,Yes,29,No,No phone service,Fiber optic,No,No,No,Yes,Yes,Yes,One year,No,Electronic check,76.22,2238.69,No
ULNZ-BB52E,Female,0,No,No,11,Yes,Yes,Fiber optic,Yes,No,No,No,Yes,No,Two year,Yes,Bank transfer (automatic),73.96,762.74,No
OCMC-F8C70,Male,1,Yes,No,10,Yes,Yes,Fiber optic,No,No,Yes,Yes,No,Yes,Month-to-month,No,Bank transfer (automatic),77.07,745.26,Yes
QQFS-3BB24,Female,1,Yes,No,41,Yes,Yes,Fiber optic,No,No,No,No,No,No,Two year,Yes,Electronic check,60.93,2488.38,Yes
ESGQ-61EB4,Female,1,No,No,69,No,No phone service,Fiber optic,No,No,No,Yes,Yes,No,One year,No,Credit card (automatic),69.84,4818.48,No
WSVE-008CE,Female,1,No,No,2,No,No phone service,No,No internet service,No internet service,No internet service,No internet service,No internet service,No internet service,Two year,No,Mailed check,19.26,5.43,No
YPQH-030A8,Female,0,No,No,11,No,No phone service,DSL,No,Yes,Yes,No,Yes,No,Month-to-month,No,Bank transfer (automatic),45.72,481.25,Yes
UDXS-EA5A9,Female,0,No,No,8,Yes,No,DSL,No,Yes,Yes,No,No,No,Two year,Yes,Mailed check,40.23,339.67,Yes
ECQC-119E7,Male,0,Yes,No,10,Yes,Yes,Fiber optic,No,No,Yes,No,Yes,No,Month-to-month,No,Electronic check,72.37,690.66,Yes
DNMP-685E8,Male,0,No,Yes,7,Yes,Yes,DSL,Yes,Yes,Yes,Yes,Yes,No,Two year,Yes,Mailed check,57.21,353.17,No
IARJ-377C8,Female,0,Yes,No,71,Yes,Yes,DSL,No,No,No,No,No,Yes,Month-to-month,Yes,Credit card (automatic),50.52,3556.29,Yes
SQWA-6B276,Male,0,No,No,69,Yes,Yes,No,No internet service,No internet service,No internet service,No internet service,No internet service,No internet service,Two year,Yes,Electronic check,33.06,2314.17,No
UZCF-C27FF,Male,1,No,No,1,Yes,Yes,DSL,No,Yes,No,No,Yes,Yes,Month-to-month,No,Mailed check,55.52,83.78,Yes
YDDE-C26D7,Female,1,Yes,No,11,Yes,No,DSL,No,No,Yes,Yes,No,No,Month-to-month,No,Bank transfer (automatic),38.92,445.26,No
YMJZ-82ACD,Male,0,Yes,No,47,Yes,Yes,DSL,Yes,Yes,No,No,No,Yes,Month-to-month,Yes,Bank transfer (automatic),51.62,2448.15,Yes
ACQT-A6C9E,Female,0,No,Yes,33,Yes,No,Fiber optic,No,Yes,No,Yes,No,No,Month-to-month,Yes,Mailed check,51.36,1680.71,No
JTDT-B40F1,Female,1,Yes,No,42,No,No phone service,Fiber optic,No,No,Yes,No,No,No,Month-to-month,No,Electronic check,50.75,2135.16,Yes
MAKV-83619,Male,0,No,Yes,10,Yes,No,Fiber optic,No,Yes,Yes,Yes,No,No,Two year,Yes,Electronic check,58.65,638.84,No
AJBG-1ECEA,Female,0,No,No,14,Yes,No,DSL,Yes,No,No,No,No,Yes,Two year,Yes,Mailed check,44.78,588.79,No
MEZX-6366E,Female,0,No,No,60,Yes,No,Fiber optic,No,No,Yes,No,Yes,No,Month-to-month,No,Electronic check,69.32,4165.89,No
BQTT-36561,Female,0,Yes,Yes,19,Yes,Yes,Fiber optic,No,No,No,No,No,Yes,Two year,Yes,Bank transfer (automatic),65.76,1245.47,No
CAZK-3C751,Female,0,No,No,6,No,No phone service,DSL,No,Yes,No,No,No,Yes,Month-to-month,No,Electronic check,40.31,255.64,No
KQQK-9CE83,Female,1,No,No,71,Yes,No,Fiber optic,No,No,No,No,No,No,One year,Yes,Electronic check,47.75,3425.78,No
DEAO-33B5D,Male,0,No,No,1,Yes,Yes,Fiber optic,No,Yes,No,No,No,No,Month-to-month,Yes,Mailed check,57.01,61.54,Yes
DIBN-13BE8,Male,0,No,Yes,31,Yes,No,Fiber optic,Yes,Yes,No,Yes,No,No,Two year,No,Electronic check,55.18,1762.93,No
ZTTZ-1369F,Female,0,No,No,30,Yes,Yes,No,No internet service,No internet service,No internet service,No internet service,No internet service,No internet service,Two year,No,Bank transfer (automatic),30.69,928.72,No
CFHR-FFBC6,Female,0,No,No,2,Yes,No,Fiber optic,No,No,Yes,No,No,No,Month-to-month,No,Credit card (automatic),61.21,112.82,Yes
PENH-E566E,Male,1,Yes,No,47,Yes,No,No,No internet service,No internet service,No internet service,No internet service,No internet service,No internet service,Month-to-month,Yes,Mailed check,29.08,1364.24,Yes
YLZT-DE584,Female,0,No,No,40,No,No phone service,DSL,Yes,No,Yes,Yes,Yes,Yes,One year,No,Bank transfer (automatic),63.46,2580.07,No
IMBF-C29C4,Male,0,Yes,No,67,No,No phone service,DSL,Yes,No,No,No,No,No,Month-to-month,Yes,Electronic check,38.1,2612.31,Yes
LWVX-AE69A,Female,0,Yes,No,47,Yes,Yes,Fiber optic,Yes,No,Yes,No,No,No,Month-to-month,No,Electronic check,57.85,2672.76,No
ZJWN-1AF78,Female,0,Yes,No,20,Yes,Yes,DSL,No,No,No,No,No,No,Two year,Yes,Electronic check,42.99,912.68,No
YXKT-AAB54,Female,0,No,No,29,Yes,No,Fiber optic,Yes,No,No,No,No,No,One year,Yes,Electronic check,42.88,1339.07,No
AWHR-ABDD0,Female,0,No,No,70,Yes,No,DSL,Yes,Yes,No,No,No,No,Two year,No,Mailed check,31.34,2127.95,No
VFQR-04E23,Female,0,No,No,53,Yes,No,Fiber optic,No,Yes,No,No,Yes,No,Month-to-month,No,Bank transfer (automatic),56.27,3001.76,No
CEQV-94D55,Female,0,Yes,No,38,Yes,No,No,No internet service,No internet service,No internet service,No internet service,No internet service,No internet service,Month-to-month,No,Electronic check,26.19,1078.55,Yes
NDJU-9FC5C,Female,0,Yes,No,40,Yes,Yes,DSL,Yes,No,No,No,Yes,No,Two year,Yes,Mailed check,55.48,2312.52,No
WQTN-E3641,Male,1,Yes,No,8,Yes,No,Fiber optic,No,No,Yes,No,No,No,Month-to-month,Yes,Mailed check,53.93,427.13,Yes
QDFT-3D071,Male,1,No,No,10,Yes,No,Fiber optic,No,Yes,No,No,No,No,Month-to-month,No,Electronic check,52.8,543.8,No
BUBX-97E66,Male,0,Yes,No,9,Yes,Yes,Fiber optic,No,No,No,No,No,Yes,Month-to-month,No,Credit card (automatic),67.63,662.43,Yes
KQWO-4E9D6,Female,0,Yes,Yes,40,Yes,No,DSL,No,No,Yes,Yes,Yes,No,Month-to-month,No,Bank transfer (automatic),51.36,2078.39,No
FYRI-D0E99,Female,0,Yes,No,0,Yes,Yes,Fiber optic,No,No,No,No,No,No,Two year,No,Electronic check,64.82,64.82,No
AESO-2AB4B,Female,1,No,Yes,6,Yes,No,DSL,Yes,Yes,No,No,No,No,Month-to-month,Yes,Bank transfer (automatic),33.0,169.2,Yes
ZMFZ-E76D0,Female,0,No,Yes,0,Yes,No,Fiber optic,No,No,No,No,No,Yes,Month-to-month,No,Credit card (automatic),65.0,65.0,No
IORQ-5DA8F,Female,0,No,Yes,11,Yes,No,No,No internet service,No internet service,No internet service,No internet service,No internet service,No internet service,One year,No,Electronic check,18.94,262.74,No
CSYR-9548E,Female,0,Yes,No,32,Yes,Yes,Fiber optic,No,No,Yes,No,No,Yes,Two year,Yes,Credit card (automatic),63.37,2066.5,No
MDMC-E8398,Female,0,Yes,No,67,Yes,Yes,No,No internet service,No internet service,No internet service,No internet service,No internet service,No internet service,Two year,Yes,Bank transfer (automatic),25.12,1645.91,No
NPYW-43FA0,Male,0,Yes,Yes,13,Yes,No,No,No internet service,No internet service,No internet service,No internet service,No internet service,No internet service,Month-to-month,Yes,Mailed check,20.19,224.47,No
NDAE-41D78,Female,0,Yes,No,0,Yes,No,DSL,No,No,No,No,No,No,Month-to-month,Yes,Mailed check,38.21,38.21,No
WVVF-BF0DD,Male,0,Yes,Yes,67,Yes,Yes,Fiber optic,No,No,No,Yes,No,No,One year,No,Electronic check,64.03,4272.68,No
VKFT-9B42E,Male,0,Yes,No,61,Yes,Yes,No,No internet service,No internet service,No internet service,No internet service,No internet service,No internet service,Month-to-month,No,Electronic check,31.63,1962.65,No
NWYL-4EBAF,Female,0,Yes,No,5,Yes,No,Fiber optic,Yes,Yes,No,No,No,No,Two year,Yes,Mailed check,45.26,202.42,No
GJBK-772C7,Female,0,Yes,Yes,52,Yes,Yes,No,No internet service,No internet service,No internet service,No internet service,No internet service,No internet service,Two year,Yes,Mailed check,32.4,1656.69,No
LWMX-3DFCE,Male,0,Yes,Yes,3,Yes,Yes,Fiber optic,Yes,Yes,No,No,No,No,Two year,Yes,Credit card (automatic),63.56,300.71,No
TPTY-9A1FC,Male,0,No,No,33,Yes,No,Fiber optic,No,No,Yes,No,No,No,Two year,No,Mailed check,48.07,1662.46,No
EHFI-E76C5,Female,1,No,No,11,Yes,No,DSL,No,No,No,No,Yes,No,Month-to-month,No,Bank transfer (automatic),36.58,295.9,Yes
XTGQ-75E61,Female,0,No,Yes,4,Yes,Yes,No,No internet service,No internet service,No internet service,No internet service,No internet service,No internet service,One year,No,Bank transfer (automatic),24.62,149.95,No
KNDT-3182C,Male,0,Yes,No,71,Yes,No,Fiber optic,No,No,No,No,No,No,Two year,Yes,Credit card (automatic),50.91,3647.85,No
BKBJ-EA825,Female,0,Yes,No,71,Yes,Yes,Fiber optic,No,Yes,Yes,No,No,Yes,Two year,No,Mailed check,72.11,5091.53,No
JPFZ-A4197,Female,1,No,No,26,Yes,Yes,Fiber optic,No,No,No,No,Yes,No,Two year,Yes,Electronic check,61.81,1633.44,No
RPQV-8B5F6,Female,0,Yes,No,6,Yes,No,DSL,No,No,Yes,Yes,Yes,No,Month-to-month,No,Electronic check,49.11,336.27,No
RZJC-33084,Male,0,No,No,66,Yes,No,Fiber optic,No,No,No,Yes,Yes,Yes,Month-to-month,No,Mailed check,63.78,4170.64,No
CDHJ-FBBBC,Male,1,No,No,54,Yes,No,DSL,No,No,Yes,No,No,No,Month-to-month,Yes,Electronic check,41.9,2228.13,No
ICNA-3C8B8,Male,0,No,No,48,Yes,Yes,No,No internet service,No internet service,No internet service,No internet service,No internet service,No internet service,Month-to-month,Yes,Credit card (automatic),34.34,1539.47,Yes
OHFG-CF187,Female,0,No,No,0,No,No phone service,Fiber optic,No,No,No,No,Yes,No,Month-to-month,Yes,Mailed check,63.84,63.84,No
OGAF-205AF,Female,0,No,Yes,13,Yes,Yes,DSL,No,No,No,No,Yes,Yes,Month-to-month,Yes,Mailed check,64.18,789.12,Yes
REJH-3FA76,Male,0,No,No,35,No,No phone service,Fiber optic,No,Yes,No,Yes,Yes,Yes,Two year,Yes,Mailed check,73.24,2591.98,No
IKQY-72F51,Male,1,Yes,Yes,10,Yes,No,No,No internet service,No internet service,No internet service,No internet service,No internet service,No internet service,Month-to-month,No,Electronic check,18.8,273.74,No
OUGH-4CFD3,Male,0,Yes,Yes,21,Yes,No,DSL,Yes,No,Yes,Yes,Yes,Yes,Two year,No,Electronic check,58.61,1245.06,No
WIWZ-BF2A0,Female,0,Yes,No,14,Yes,No,DSL,Yes,No,No,No,No,No,Two year,Yes,Bank transfer (automatic),30.85,445.31,No
QIZM-C41B3,Male,0,Yes,No,8,Yes,No,Fiber optic,No,Yes,No,No,No,No,Month-to-month,No,Bank transfer (automatic),54.77,345.42,Yes
SMZJ-6BC2B,Male,0,Yes,Yes,61,Yes,No,Fiber optic,No,No,No,No,No,Yes,Two year,No,Electronic check,53.79,3306.27,No
MZQU-54C09,Female,0,Yes,No,10,Yes,Yes,Fiber optic,Yes,No,Yes,No,No,No,Two year,Yes,Electronic check,53.86,518.03,No
ZZSM-D0C3B,Female,0,No,No,3,Yes,Yes,Fiber optic,No,No,No,No,No,Yes,Month-to-month,No,Mailed check,66.23,152.49,Yes
JTPY-CE266,Female,0,Yes,No,1,Yes,No,No,No internet service,No internet service,No internet service,No internet service,No internet service,No internet service,Month-to-month,No,Bank transfer (automatic),22.31,30.31,No
AABT-7CD0D,Male,0,Yes,Yes,33,Yes,No,DSL,No,No,No,No,No,No,Two year,Yes,Electronic check,35.37,1052.84,No
FKZH-F80D0,Female,0,Yes,No,9,No,No phone service,No,No internet service,No internet service,No internet service,No internet service,No internet service,No internet service,Month-to-month,Yes,Mailed check,20.65,83.74,No
QLDN-51808,Female,0,No,No,7,Yes,No,DSL,No,No,No,No,No,No,One year,Yes,Credit card (automatic),32.31,344.66,No
FVYY-F1831,Male,0,Yes,No,32,Yes,Yes,DSL,Yes,No,No,Yes,No,No,Month-to-month,No,Mailed check,54.22,1681.42,No
KLHC-62071,Female,0,No,No,41,No,No phone service,DSL,No,No,No,No,No,Yes,Two year,Yes,Credit card (automatic),45.39,1872.11,No
ZVYC-7D94D,Male,0,No,No,40,Yes,No,No,No internet service,No internet service,No internet service,No internet service,No internet service,No internet service,One year,No,Mailed check,25.96,1107.95,No
IZCS-0E50D,Male,0,No,No,53,Yes,No,Fiber optic,Yes,No,Yes,No,No,No,One year,Yes,Bank transfer (automatic),43.44,2256.21,No
ZXMB-30029,Female,0,Yes,No,2,Yes,No,Fiber optic,No,Yes,No,Yes,Yes,No,Two year,No,Bank transfer (automatic),61.25,151.4,No
TPFP-37E2D,Female,0,No,No,18,Yes,No,Fiber optic,Yes,Yes,No,No,Yes,No,One year,Yes,Electronic check,66.81,1156.48,No
HRGE-7683F,Female,0,No,No,10,No,No phone service,Fiber optic,No,Yes,No,Yes,Yes,Yes,Month-to-month,Yes,Electronic check,76.45,768.67,Yes
RVUS-29E17,Female,1,Yes,Yes,49,Yes,Yes,Fiber optic,Yes,No,Yes,No,No,No,Month-to-month,No,Bank transfer (automatic),60.06,2964.14,No
EUYB-C5F03,Female,0,Yes,No,71,Yes,No,No,No internet service,No internet service,No internet service,No internet service,No internet service,No internet service,Month-to-month,Yes,Bank transfer (automatic),18.8,1367.2,No
SUCE-50CAB,Female,0,Yes,No,60,Yes,No,DSL,No,Yes,No,No,Yes,Yes,Month-to-month,Yes,Mailed check,49.19,2894.07,No
MQOS-7AAAD,Male,0,No,Yes,57,Yes,Yes,Fiber optic,No,Yes,No,No,No,Yes,Month-to-month,Yes,Bank transfer (automatic),60.06,3402.54,Yes
JWAM-7D037,Male,0,Yes,No,58,Yes,Yes,Fiber optic,No,No,No,No,No,No,Month-to-month,No,Mailed check,53.05,3093.14,No
VMQE-FC0B2,Female,0,No,No,66,Yes,Yes,Fiber optic,Yes,No,Yes,Yes,Yes,No,One year,Yes,Bank transfer (automatic),63.4,4280.06,No
OSYB-4B4B2,Male,1,Yes,No,18,Yes,No,No,No internet service,No internet service,No internet service,No internet service,No internet service,No internet service,Month-to-month,Yes,Bank transfer (automatic),29.05,598.45,No
EORF-DD148,Female,0,No,Yes,6,Yes,No,DSL,No,No,No,No,No,Yes,Two year,No,Bank transfer (automatic),46.86,328.06,No
MGNZ-43B9B,Male,0,No,No,29,Yes,No,No,No internet service,No internet service,No internet service,No internet service,No internet service,No internet service,Month-to-month,Yes,Mailed check,18.8,471.56,No
QTSP-77479,Male,0,Yes,No,48,Yes,Yes,No,No internet service,No internet service,No internet service,No internet service,No internet service,No internet service,Two year,Yes,Electronic check,29.66,1387.23,No
SUJT-6524A,Male,0,Yes,No,8,Yes,Yes,No,No internet service,No internet service,No internet service,No internet service,No internet service,No internet service,Month-to-month,Yes,Credit card (automatic),24.18,175.54,No
FCHZ-2266E,Female,0,Yes,Yes,59,Yes,Yes,DSL,No,No,Yes,No,No,No,Two year,No,Mailed check,39.33,2369.71,No
GKHG-54BC2,Male,0,Yes,No,63,Yes,Yes,No,No internet service,No internet service,No internet service,No internet service,No internet service,No internet service,Month-to-month,Yes,Electronic check,31.42,1943.72,No
MGWC-655F8,Female,0,No,No,34,Yes,No,No,No internet service,No internet service,No internet service,No internet service,No internet service,No internet service,Month-to-month,No,Credit card (automatic),18.8,661.25,Yes
JVUD-7675D,Male,0,Yes,No,46,Yes,Yes,Fiber optic,No,No,Yes,Yes,Yes,No,Month-to-month,No,Bank transfer (automatic),73.4,3333.54,No
ZAWW-57153,Male,0,No,Yes,3,Yes,Yes,DSL,No,No,No,No,No,Yes,Month-to-month,Yes,Credit card (automatic),55.73,234.3,Yes
XCIM-FDE44,Male,0,Yes,No,10,Yes,No,Fiber optic,Yes,No,No,No,Yes,No,Two year,Yes,Electronic check,69.51,746.0,No
OIAV-13FBA,Male,0,Yes,No,2,Yes,Yes,No,No internet service,No internet service,No internet service,No internet service,No internet service,No internet service,Month-to-month,Yes,Bank transfer (automatic),33.82,39.01,Yes
DGFQ-85BCB,Male,0,No,Yes,8,Yes,No,Fiber optic,No,No,No,No,Yes,No,Month-to-month,No,Mailed check,57.26,509.33,No
CPFH-F6C3F,Female,0,No,Yes,37,Yes,Yes,Fiber optic,No,Yes,No,No,No,No,Month-to-month,No,Electronic check,50.06,1905.41,No
HEIE-923B0,Female,1,Yes,Yes,8,Yes,No,DSL,No,No,No,Yes,No,Yes,Month-to-month,Yes,Mailed check,43.05,371.49,Yes
LSLA-2FC5D,Male,0,No,Yes,37,No,No phone service,DSL,Yes,No,Yes,Yes,No,No,One year,No,Mailed check,36.46,1447.15,No
ABWR-95D96,Male,1,Yes,No,6,Yes,Yes,Fiber optic,No,No,No,No,No,Yes,Month-to-month,No,Electronic check,62.75,350.06,Yes
JJOR-C6489,Male,1,No,No,1,Yes,Yes,Fiber optic,No,No,No,Yes,No,No,Month-to-month,No,Bank transfer (automatic),62.05,25.99,Yes
HBIB-1FC05,Male,1,Yes,Yes,56,Yes,Yes,DSL,Yes,Yes,No,Yes,No,No,Two year,Yes,Mailed check,47.45,2728.33,No
GZLG-A7242,Female,0,Yes,No,6,Yes,No,No,No internet service,No internet service,No internet service,No internet service,No internet service,No internet service,Month-to-month,Yes,Electronic check,18.8,131.29,Yes
SZVJ-7050B,Male,0,No,No,57,No,No phone service,Fiber optic,No,No,Yes,Yes,No,No,Two year,Yes,Electronic check,54.39,3038.63,No
XERP-6BA4C,Female,0,Yes,Yes,4,No,No phone service,No,No internet service,No internet service,No internet service,No internet service,No internet service,No internet service,One year,Yes,Credit card (automatic),18.8,157.05,Yes
RITQ-12506,Male,0,Yes,No,26,Yes,Yes,Fiber optic,Yes,No,Yes,No,No,Yes,Month-to-month,No,Bank transfer (automatic),79.17,1982.71,No
MUEO-A7E56,Female,0,Yes,Yes,1,Yes,Yes,DSL,Yes,No,No,No,No,Yes,Month-to-month,No,Credit card (automatic),49.42,102.71,No
AKAZ-3C141,Male,0,No,No,3,Yes,Yes,No,No internet service,No internet service,No internet service,No internet service,No internet service,No internet service,Two year,No,Mailed check,30.61,161.96,No
JPKP-C0698,Male,0,No,Yes,1,Yes,No,Fiber optic,Yes,No,No,No,No,No,Month-to-month,Yes,Credit card (automatic),49.94,73.42,Yes
DFJQ-F5840,Female,0,No,No,5,Yes,No,DSL,No,Yes,No,No,Yes,No,Month-to-month,Yes,Mailed check,44.9,297.77,No
KJDR-436FA,Male,1,No,Yes,9,No,No phone service,Fiber optic,No,No,Yes,No,Yes,No,Two year,No,Mailed check,62.84,536.78,No
LVAI-87AB7,Male,1,No,No,28,Yes,Yes,Fiber optic,No,Yes,No,Yes,No,No,Two year,Yes,Electronic check,65.48,1868.52,No
YYMX-A2113,Male,1,Yes,No,3,No,No phone service,No,No internet service,No internet service,No internet service,No internet service,No internet service,No internet service,One year,No,Bank transfer (automatic),18.8,103.49,No
IBPK-9849F,Female,0,Yes,No,7,Yes,Yes,DSL,No,No,Yes,No,No,Yes,Month-to-month,No,Mailed check,51.49,420.87,No
IHNU-8D116,Male,1,No,No,53,Yes,No,Fiber optic,No,No,Yes,No,Yes,No,Month-to-month,No,Electronic check,56.48,2973.61,No
GAFH-EC5FD,Male,0,Yes,Yes,0,Yes,Yes,DSL,Yes,No,Yes,No,No,No,One year,No,Mailed check,47.46,47.46,No
GMXL-5EA7D,Female,0,Yes,No,54,Yes,No,DSL,Yes,Yes,No,Yes,No,No,Month-to-month,Yes,Mailed check,36.36,1856.9,No
TJLB-1F0D3,Female,0,No,No,44,Yes,Yes,DSL,Yes,Yes,Yes,No,Yes,Yes,Month-to-month,No,Electronic check,59.3,2540.78,Yes
OSZJ-E7D14,Female,1,No,No,71,Yes,No,DSL,No,No,Yes,Yes,No,No,Month-to-month,No,Bank transfer (automatic),37.08,2663.45,No
QSUJ-99F10,Male,1,Yes,Yes,70,Yes,Yes,Fiber optic,No,Yes,Yes,No,No,No,Month-to-month,No,Electronic check,64.67,4591.39,No
OAFN-445A5,Male,0,Yes,Yes,57,Yes,No,Fiber optic,No,Yes,No,Yes,No,Yes,Two year,Yes,Mailed check,61.78,3550.91,No
UECE-E405B,Male,0,No,No,4,Yes,No,Fiber optic,No,No,No,No,No,Yes,Month-to-month,Yes,Bank transfer (automatic),58.99,243.1,Yes
JJCR-31BE9,Female,0,No,Yes,50,Yes,No,Fiber optic,No,Yes,No,No,Yes,Yes,Month-to-month,No,Electronic check,66.63,3411.75,No
YKNJ-8EA09,Male,0,Yes,No,46,Yes,No,DSL,No,Yes,No,Yes,Yes,No,Two year,Yes,Electronic check,39.99,1814.62,No
JOOP-DDF94,Male,1,Yes,Yes,21,Yes,Yes,Fiber optic,No,No,No,No,Yes,Yes,Two year,No,Bank transfer (automatic),71.11,1519.53,No
FWXA-3A20F,Female,1,No,No,63,Yes,Yes,DSL,No,Yes,Yes,No,No,No,Month-to-month,No,Electronic check,55.85,3475.15,No
CFZC-C88D0,Female,0,Yes,No,68,Yes,No,No,No internet service,No internet service,No internet service,No internet service,No internet service,No internet service,Two year,No,Mailed check,18.8,1193.98,No
BFMZ-16635,Female,0,No,Yes,71,No,No phone service,DSL,Yes,Yes,Yes,No,No,Yes,Month-to-month,Yes,Electronic check,34.45,2474.15,No
FDNY-6AADD,Female,0,Yes,No,54,Yes,Yes,DSL,No,Yes,No,No,Yes,No,Month-to-month,Yes,Credit card (automatic),46.73,2473.98,No
XVYZ-B749D,Female,0,Yes,No,32,Yes,No,Fiber optic,No,No,No,Yes,Yes,Yes,Two year,Yes,Electronic check,79.96,2512.39,Yes
TNBH-96741,Male,0,Yes,No,46,Yes,No,No,No internet service,No internet service,No internet service,No internet service,No internet service,No internet service,One year,Yes,Mailed check,18.8,841.63,No
MLUC-7D451,Female,0,No,No,16,Yes,Yes,DSL,No,Yes,No,No,Yes,Yes,Month-to-month,Yes,Mailed check,61.89,1121.0,Yes
OWMK-B76C4,Male,0,No,Yes,69,Yes,Yes,Fiber optic,Yes,Yes,No,Yes,No,Yes,One year,No,Bank transfer (automatic),77.86,5402.34,No
WGNG-A63BE,Male,0,Yes,Yes,69,Yes,Yes,No,No internet service,No internet service,No internet service,No internet service,No internet service,No internet service,Two year,Yes,Electronic check,30.2,2118.06,No
AOSS-318A4,Female,0,No,No,28,No,No phone service,Fiber optic,Yes,No,No,No,Yes,No,Month-to-month,Yes,Mailed check,58.11,1588.81,Yes
JNLM-AFC05,Female,0,Yes,No,18,Yes,No,Fiber optic,No,Yes,No,No,No,Yes,Month-to-month,No,Credit card (automatic),58.83,1114.12,No
AWQF-D902C,Female,0,No,No,24,Yes,Yes,No,No internet service,No internet service,No internet service,No internet service,No internet service,No internet service,Month-to-month,Yes,Electronic check,19.32,494.58,No
HNXH-01E95,Male,0,Yes,Yes,57,Yes,No,Fiber optic,No,No,Yes,No,Yes,Yes,One year,Yes,Electronic check,66.78,3898.97,No
CSBC-9A9E4,Female,0,No,No,24,Yes,No,DSL,No,No,No,No,Yes,No,Month-to-month,Yes,Credit card (automatic),39.39,922.09,Yes
OHJD-CBB21,Female,1,Yes,No,5,Yes,No,DSL,No,Yes,Yes,No,No,Yes,Two year,Yes,Mailed check,39.09,208.58,No
URAR-FC45C,Female,0,No,Yes,69,Yes,No,Fiber optic,No,Yes,Yes,No,No,No,Two year,No,Electronic check,50.98,3635.91,No
KTYK-9781F,Female,1,No,No,8,Yes,No,DSL,No,No,No,Yes,Yes,No,One year,Yes,Electronic check,41.16,370.86,No
OFOK-DC6B0,Female,1,Yes,No,56,Yes,No,Fiber optic,No,Yes,Yes,No,Yes,Yes,Two year,No,Bank transfer (automatic),68.3,3819.68,No
ZNRQ-5B6A1,Male,0,Yes,No,25,Yes,Yes,Fiber optic,Yes,Yes,No,No,No,No,One year,No,Bank transfer (automatic),66.4,1780.71,No
DYTD-38065,Male,0,Yes,No,19,Yes,Yes,Fiber optic,Yes,Yes,No,No,Yes,No,Two year,Yes,Electronic check,67.84,1253.35,No
DHHB-A400F,Male,0,No,No,36,Yes,No,DSL,Yes,Yes,Yes,No,Yes,Yes,Two year,Yes,Electronic check,45.67,1758.61,No
DXEC-8D15C,Female,1,Yes,Yes,70,Yes,Yes,Fiber optic,No,Yes,No,No,Yes,No,Month-to-month,Yes,Credit card (automatic),67.11,4751.22,No
BEHU-CBA03,Female,1,No,No,19,Yes,Yes,No,No internet service,No internet service,No internet service,No internet service,No internet service,No internet service,Month-to-month,No,Bank transfer (automatic),19.71,383.77,No
XSGS-BBF80,Female,0,No,Yes,45,Yes,Yes,DSL,No,No,Yes,Yes,No,Yes,Month-to-month,Yes,Bank transfer (automatic),65.14,2900.49,No
VAQU-2CCA5,Male,0,Yes,No,48,Yes,Yes,Fiber optic,Yes,No,No,No,Yes,Yes,One year,Yes,Mailed check,87.83,4260.86,No
FSER-2582C,Female,0,Yes,No,23,Yes,No,Fiber optic,No,No,No,No,No,No,Month-to-month,Yes,Electronic check,50.92,1188.91,Yes
SAWS-D9A63,Female,0,No,No,31,Yes,Yes,DSL,No,No,No,Yes,Yes,Yes,Month-to-month,No,Mailed check,59.56,1758.6,Yes
GIHT-86BBE,Female,0,No,No,7,Yes,No,Fiber optic,No,Yes,No,No,Yes,No,Month-to-month,Yes,Bank transfer (automatic),53.77,384.67,Yes
IGAE-9C9FA,Male,0,No,No,71,Yes,No,Fiber optic,Yes,No,No,Yes,Yes,No,One year,Yes,Bank transfer (automatic),70.62,5201.78,No
WGIV-A7FC4,Female,0,Yes,Yes,0,Yes,No,No,No internet service,No internet service,No internet service,No internet service,No internet service,No internet service,Two year,No,Mailed check,20.51,20.51,Yes
PKKU-A09A8,Male,0,Yes,Yes,2,Yes,No,Fiber optic,No,No,No,No,No,No,Two year,Yes,Bank transfer (automatic),57.67,115.13,No
HQYC-9E653,Female,0,No,No,25,Yes,Yes,Fiber optic,No,Yes,No,No,No,No,One year,Yes,Mailed check,51.03,1387.01,Yes
FKUE-3FF36,Male,0,No,No,13,Yes,Yes,DSL,No,No,Yes,No,Yes,No,Month-to-month,Yes,Electronic check,49.06,689.67,No
KHDB-90912,Male,1,No,No,3,Yes,Yes,DSL,No,No,No,No,No,Yes,One year,Yes,Electronic check,52.29,142.1,Yes
AKII-4F6C3,Male,0,Yes,No,9,Yes,No,DSL,No,Yes,Yes,No,Yes,No,Month-to-month,Yes,Mailed check,36.41,329.67,No
MBGB-0225B,Female,0,Yes,No,11,Yes,No,DSL,No,Yes,Yes,No,Yes,No,Two year,No,Mailed check,37.36,434.34,No
DPJK-E7432,Female,0,Yes,Yes,70,No,No phone service,Fiber optic,Yes,Yes,Yes,No,No,No,Month-to-month,No,Mailed check,64.85,4612.16,No
URGM-80EC8,Male,0,No,No,11,Yes,No,Fiber optic,Yes,No,No,Yes,No,Yes,One year,No,Bank transfer (automatic),66.47,799.76,No
SCZQ-FD94A,Male,0,Yes,No,2,No,No phone service,Fiber optic,No,No,No,No,No,Yes,Month-to-month,Yes,Bank transfer (automatic),58.79,69.55,Yes
NKSX-28C55,Female,0,No,No,42,No,No phone service,Fiber optic,Yes,Yes,No,Yes,No,No,Two year,No,Electronic check,52.66,2214.29,No
AIPZ-84C32,Female,0,No,No,4,Yes,No,DSL,Yes,Yes,No,No,No,No,Month-to-month,Yes,Mailed check,45.74,216.61,Yes
NVFA-B9A61,Male,1,Yes,Yes,54,Yes,No,Fiber optic,No,No,No,Yes,No,Yes,Month-to-month,Yes,Electronic check,56.45,2986.4,No
IMLX-3429C,Female,0,Yes,No,30,Yes,Yes,Fiber optic,No,Yes,Yes,Yes,No,No,Month-to-month,No,Bank transfer (automatic),67.42,2075.81,Yes
WFLT-0B201,Female,1,No,No,10,No,No phone service,No,No internet service,No internet service,No internet service,No internet service,No internet service,No internet service,Month-to-month,Yes,Mailed check,20.74,304.98,Yes
WRUR-C7C09,Female,0,Yes,Yes,39,Yes,No,Fiber optic,Yes,No,No,No,No,Yes,Month-to-month,No,Bank transfer (automatic),56.28,2219.93,No
TZJE-B1CBB,Female,0,Yes,No,11,Yes,No,Fiber optic,No,No,No,No,No,No,Month-to-month,No,Credit card (automatic),50.77,491.81,No
HDPJ-635DE,Male,0,Yes,No,54,Yes,Yes,DSL,Yes,No,No,No,No,No,One year,No,Electronic check,46.23,2583.01,No
JDAE-0AAC5,Female,0,No,No,51,No,No phone service,DSL,No,No,Yes,No,Yes,No,Month-to-month,Yes,Credit card (automatic),40.4,2078.75,No
VEGX-E99BD,Female,0,No,No,7,Yes,Yes,DSL,No,No,No,Yes,Yes,Yes,One year,No,Electronic check,70.09,558.01,No
GBEJ-3829B,Male,0,No,No,56,Yes,No,Fiber optic,No,Yes,Yes,No,Yes,No,Two year,No,Bank transfer (automatic),57.72,3207.37,No
CHOB-AC508,Male,0,No,Yes,8,Yes,Yes,DSL,No,Yes,No,No,Yes,Yes,Month-to-month,No,Electronic check,56.99,416.27,Yes
WHWW-4908E,Female,0,No,Yes,38,Yes,No,No,No internet service,No internet service,No internet service,No internet service,No internet service,No internet service,One year,No,Bank transfer (automatic),25.74,983.06,No
YFRB-4DA6F,Female,0,No,No,41,Yes,No,No,No internet service,No internet service,No internet service,No internet service,No internet service,No internet service,Two year,No,Electronic check,18.8,756.54,No
TACQ-E28DD,Female,0,No,Yes,42,Yes,No,Fiber optic,No,No,Yes,Yes,No,Yes,Month-to-month,No,Credit card (automatic),56.76,2359.09,No
QZYV-AF018,Female,1,Yes,No,9,Yes,Yes,DSL,No,Yes,No,No,Yes,No,Month-to-month,Yes,Credit card (automatic),61.62,573.82,No
RXRG-E11BF,Male,1,Yes,No,50,Yes,No,DSL,No,No,No,No,No,No,Month-to-month,No,Mailed check,32.86,1638.12,Yes
NDBZ-4A53A,Male,0,No,No,13,Yes,Yes,Fiber optic,No,Yes,No,No,Yes,Yes,One year,Yes,Credit card (automatic),78.0,1021.46,No
TMNM-9CB43,Male,1,No,No,35,Yes,Yes,Fiber optic,Yes,Yes,No,No,No,Yes,Month-to-month,Yes,Mailed check,65.8,2345.74,Yes
RQJV-6583B,Female,0,Yes,Yes,1,Yes,Yes,DSL,Yes,Yes,Yes,Yes,No,No,Month-to-month,No,Credit card (automatic),51.39,169.16,No
XYLG-71A61,Female,0,No,No,48,Yes,No,DSL,Yes,No,No,No,No,No,Month-to-month,No,Electronic check,35.24,1741.36,No
OSFK-EBC77,Female,0,Yes,No,72,Yes,Yes,DSL,No,No,No,No,Yes,No,Month-to-month,No,Mailed check,60.26,4509.0,No
MLDB-D8896,Female,1,Yes,No,31,Yes,Yes,DSL,No,No,No,No,No,No,Month-to-month,No,Electronic check,43.71,1323.87,No
XMNN-22242,Male,0,No,No,64,No,No phone service,Fiber optic,Yes,No,Yes,No,Yes,No,Month-to-month,Yes,Electronic check,63.23,4005.71,No
FYJU-6DCD4,Male,0,Yes,Yes,0,Yes,Yes,DSL,No,Yes,No,No,Yes,No,Two year,No,Mailed check,53.75,53.75,Yes
CISR-BF377,Female,0,No,No,6,Yes,No,DSL,Yes,No,No,No,Yes,Yes,Month-to-month,Yes,Bank transfer (automatic),50.44,242.88,Yes
DRBX-112ED,Male,0,Yes,No,35,Yes,No,Fiber optic,No,No,No,No,Yes,No,Month-to-month,Yes,Electronic check,61.59,2155.12,Yes
XVYM-0733B,Female,0,Yes,No,7,Yes,Yes,Fiber optic,Yes,Yes,No,No,No,No,One year,No,Electronic check,59.28,405.5,Yes
EIKB-BC80C,Female,0,No,No,1,Yes,No,No,No internet service,No internet service,No internet service,No internet service,No internet service,No internet service,One year,No,Credit card (automatic),18.8,0.0,No
LGYW-77E36,Male,0,No,Yes,24,Yes,No,DSL,Yes,Yes,No,Yes,No,Yes,Month-to-month,Yes,Electronic check,39.47,899.63,No
OJIC-45D52,Female,0,Yes,No,20,Yes,No,Fiber optic,No,No,No,Yes,No,Yes,Two year,Yes,Credit card (automatic),60.18,1330.21,No
WJXC-0E10A,Female,0,No,Yes,22,Yes,No,No,No internet service,No internet service,No internet service,No internet service,No internet service,No internet service,Month-to-month,Yes,Electronic check,32.16,679.63,No
IMKH-74331,Male,0,No,No,54,Yes,Yes,No,No internet service,No internet service,No internet service,No internet service,No internet service,No internet service,Month-to-month,No,Electronic check,20.7,1134.19,No
NOAL-B04F6,Female,0,Yes,No,67,Yes,No,Fiber optic,Yes,No,No,Yes,No,Yes,Month-to-month,Yes,Credit card (automatic),68.73,4651.08,No
ANKF-1EDA0,Female,0,Yes,No,6,Yes,Yes,Fiber optic,No,No,No,No,Yes,Yes,Month-to-month,Yes,Mailed check,80.16,487.95,No
WMMW-633E8,Male,1,No,Yes,9,Yes,No,Fiber optic,No,No,No,No,Yes,No,Month-to-month,Yes,Electronic check,61.73,474.21,Yes
PPFK-F2F44,Female,0,No,No,42,Yes,No,No,No internet service,No internet service,No internet service,No internet service,No internet service,No internet service,Two year,Yes,Electronic check,29.82,1297.33,No
ARIL-9AF82,Male,0,Yes,No,69,No,No phone service,Fiber optic,Yes,No,No,Yes,No,Yes,Month-to-month,No,Bank transfer (automatic),66.8,4688.26,No
SBVH-B26B9,Female,0,Yes,No,13,Yes,Yes,Fiber optic,Yes,Yes,Yes,Yes,Yes,Yes,One year,Yes,Credit card (automatic),78.56,983.47,No
AAZN-D179E,Male,1,Yes,Yes,72,Yes,Yes,Fiber optic,Yes,No,No,No,No,Yes,Month-to-month,Yes,Mailed check,69.21,4990.3,No
SQHZ-54BFD,Male,1,Yes,No,69,No,No phone service,Fiber optic,No,No,No,Yes,No,No,One year,Yes,Electronic check,59.64,4090.06,No
EVJF-EF503,Male,0,No,Yes,7,Yes,No,Fiber optic,No,Yes,Yes,No,Yes,No,Month-to-month,Yes,Electronic check,60.02,373.43,No
OBFD-F5660,Female,0,No,No,68,No,No phone service,DSL,Yes,Yes,Yes,Yes,Yes,No,Two year,Yes,Electronic check,45.34,3001.27,No
OXVG-0CDE9,Male,0,Yes,No,65,Yes,Yes,Fiber optic,No,No,Yes,No,Yes,Yes,One year,Yes,Electronic check,80.3,5248.41,No
MTRT-4E01A,Male,0,No,No,23,No,No phone service,No,No internet service,No internet service,No internet service,No internet service,No internet service,No internet service,Month-to-month,No,Mailed check,21.57,479.92,Yes
OOXW-B2129,Male,0,No,Yes,64,Yes,No,DSL,Yes,Yes,No,No,No,No,Month-to-month,Yes,Mailed check,35.75,2304.58,No
SUCH-5A0D1,Male,0,No,No,29,Yes,No,No,No internet service,No internet service,No internet service,No internet service,No internet service,No internet service,One year,Yes,Bank transfer (automatic),19.78,588.71,No
NYFR-8D9D6,Male,0,No,Yes,58,Yes,No,No,No internet service,No internet service,No internet service,No internet service,No internet service,No internet service,Month-to-month,Yes,Electronic check,18.8,1039.96,Yes
ERZL-DEAC9,Female,0,No,No,69,No,No phone service,DSL,No,Yes,No,No,Yes,No,Month-to-month,Yes,Electronic check,42.25,2903.2,Yes
UINC-39B01,Female,0,No,No,35,Yes,Yes,Fiber optic,No,No,Yes,Yes,No,No,One year,Yes,Mailed check,64.85,2335.84,Yes
ANIB-C80AE,Female,0,Yes,No,63,Yes,Yes,DSL,Yes,No,No,No,No,No,Two year,Yes,Credit card (automatic),42.13,2713.08,No
KYKC-11467,Female,0,No,Yes,7,No,No phone service,DSL,No,No,No,Yes,No,Yes,Two year,Yes,Bank transfer (automatic),52.92,334.63,No
MWAX-3F211,Female,0,No,Yes,48,Yes,No,Fiber optic,Yes,Yes,No,Yes,No,Yes,One year,Yes,Electronic check,62.93,3013.76,No
HYME-A8BBC,Female,0,Yes,No,9,Yes,Yes,DSL,No,No,No,No,Yes,No,Month-to-month,Yes,Mailed check,46.07,444.63,Yes
DMQO-FFC38,Female,0,Yes,No,43,Yes,Yes,Fiber optic,Yes,No,Yes,No,Yes,Yes,Month-to-month,Yes,Electronic check,73.68,3184.89,Yes
UGSG-23EFD,Male,0,Yes,No,63,No,No phone service,Fiber optic,No,Yes,Yes,No,No,No,Month-to-month,Yes,Electronic check,48.21,3021.26,No
HUFD-42AA0,Female,0,No,Yes,8,Yes,Yes,Fiber optic,No,No,No,No,Yes,Yes,Two year,No,Credit card (automatic),86.11,712.49,Yes
CMCV-660BB,Male,0,No,Yes,40,Yes,No,Fiber optic,No,No,No,Yes,No,No,Month-to-month,Yes,Electronic check,55.75,2220.98,Yes
TOHC-58103,Male,0,No,No,59,No,No phone service,DSL,No,Yes,Yes,No,No,Yes,One year,Yes,Bank transfer (automatic),38.69,2210.7,No
BAMT-71509,Female,0,Yes,No,18,Yes,No,Fiber optic,Yes,No,No,No,Yes,No,Two year,No,Mailed check,54.36,960.97,No
GKXP-C5EB8,Male,0,No,No,25,Yes,No,Fiber optic,No,No,No,No,No,No,Month-to-month,Yes,Electronic check,49.96,1235.15,Yes
PQEG-A7C81,Male,0,Yes,No,9,Yes,No,No,No internet service,No internet service,No internet service,No internet service,No internet service,No internet service,Two year,Yes,Credit card (automatic),21.41,178.08,No
RPJU-511E6,Male,0,No,No,1,Yes,Yes,Fiber optic,No,No,No,No,Yes,No,Month-to-month,Yes,Credit card (automatic),66.63,5.27,No
KHTP-EEF59,Male,0,Yes,No,70,Yes,No,Fiber optic,No,No,No,No,Yes,No,One year,Yes,Electronic check,62.43,4470.39,No
JSTG-D4FD0,Female,0,No,Yes,33,Yes,No,No,No internet service,No internet service,No internet service,No internet service,No internet service,No internet service,One year,Yes,Mailed check,19.48,615.1,No
KKVS-0D352,Female,0,No,No,23,Yes,No,Fiber optic,No,No,Yes,Yes,Yes,Yes,One year,No,Bank transfer (automatic),69.99,1555.82,No
ENCC-C5AF0,Female,0,No,No,9,Yes,No,DSL,Yes,No,Yes,No,Yes,No,One year,Yes,Credit card (automatic),46.05,390.56,Yes
UCTH-235BA,Female,1,No,No,10,Yes,No,DSL,No,No,Yes,Yes,No,Yes,Month-to-month,Yes,Mailed check,58.34,588.07,Yes
SAZL-1EC16,Female,0,No,No,6,No,No phone service,Fiber optic,No,No,No,No,Yes,No,Month-to-month,No,Credit card (automatic),59.15,368.52,Yes
XRFS-353BE,Female,0,Yes,No,59,Yes,No,Fiber optic,Yes,No,Yes,No,Yes,No,Month-to-month,Yes,Mailed check,46.85,2800.41,No
BPGT-253D1,Female,0,No,No,11,Yes,No,Fiber optic,Yes,Yes,No,Yes,No,No,One year,Yes,Electronic check,58.55,767.39,Yes
PDPT-C0C4A,Female,0,No,No,62,Yes,No,Fiber optic,No,Yes,No,No,No,Yes,Two year,No,Credit card (automatic),67.93,4262.38,No
ZDJW-248F4,Female,0,Yes,No,56,No,No phone service,Fiber optic,Yes,Yes,No,No,No,Yes,One year,Yes,Credit card (automatic),60.19,3284.75,No
KUDI-56936,Female,0,No,No,13,Yes,No,Fiber optic,No,Yes,No,Yes,Yes,No,One year,Yes,Bank transfer (automatic),57.13,779.9,No
XVYR-93286,Male,1,No,No,4,Yes,No,Fiber optic,Yes,No,No,Yes,No,No,Month-to-month,Yes,Credit card (automatic),61.95,115.29,No
UAXE-65EB0,Female,0,No,Yes,7,Yes,Yes,DSL,Yes,No,Yes,No,No,No,One year,Yes,Bank transfer (automatic),46.9,308.12,No
WRBU-06208,Male,0,No,Yes,44,No,No phone service,Fiber optic,No,Yes,No,No,No,No,One year,Yes,Mailed check,45.23,1990.9,No
RMIN-2020C,Male,1,No,No,50,Yes,No,Fiber optic,No,No,Yes,No,No,Yes,Month-to-month,No,Mailed check,49.68,2436.27,Yes
PEOM-1FFCC,Male,0,No,No,5,No,No phone service,Fiber optic,No,No,No,Yes,Yes,No,One year,No,Electronic check,53.45,244.72,Yes
OUNE-2D7B2,Male,0,No,No,7,Yes,No,Fiber optic,No,No,Yes,No,Yes,No,Month-to-month,No,Bank transfer (automatic),60.67,434.11,Yes
LCFC-3903B,Female,0,No,No,5,Yes,Yes,DSL,Yes,No,Yes,No,Yes,No,Month-to-month,Yes,Electronic check,59.09,345.78,No
DOWU-12B56,Male,0,No,No,10,No,No phone service,DSL,No,No,Yes,No,No,Yes,Month-to-month,Yes,Mailed check,46.29,554.97,No
MPLA-104DF,Female,0,Yes,Yes,0,Yes,No,Fiber optic,No,Yes,No,No,No,No,Month-to-month,No,Mailed check,53.02,53.02,No
MABV-5E8E2,Female,0,Yes,No,42,Yes,Yes,Fiber optic,Yes,Yes,Yes,No,No,No,Month-to-month,No,Mailed check,69.22,2875.27,No
WOLN-59CCF,Male,0,Yes,Yes,25,Yes,No,DSL,Yes,No,No,No,No,No,One year,Yes,Electronic check,38.84,925.62,No
KTXA-7B71A,Female,0,No,No,7,Yes,No,No,No internet service,No internet service,No internet service,No internet service,No internet service,No internet service,Two year,No,Mailed check,18.8,164.76,Yes
KQAA-9FAFD,Male,1,No,No,10,Yes,No,Fiber optic,No,No,No,Yes,No,Yes,One year,Yes,Mailed check,60.2,526.99,No
HCOQ-C8ED9,Male,0,No,No,27,Yes,No,Fiber optic,No,Yes,No,No,No,No,Two year,No,Mailed check,52.22,1574.53,Yes
OAUR-E12A7,Female,0,No,Yes,4,Yes,Yes,Fiber optic,No,No,No,No,Yes,Yes,One year,Yes,Credit card (automatic),81.19,383.36,Yes
PLQR-3C799,Female,0,Yes,No,12,Yes,Yes,No,No internet service,No internet service,No internet service,No internet service,No internet service,No internet service,One year,Yes,Mailed check,29.21,370.08,No
THAE-F33D3,Male,0,Yes,No,9,Yes,Yes,DSL,No,No,Yes,Yes,No,No,Two year,Yes,Bank transfer (automatic),54.74,421.63,No
MJRP-88D98,Female,1,No,No,59,Yes,Yes,DSL,No,Yes,No,Yes,No,No,Month-to-month,Yes,Credit card (automatic),50.02,2801.57,No
XCVF-509D6,Female,0,Yes,Yes,34,No,No phone service,Fiber optic,Yes,No,No,No,No,Yes,One year,Yes,Credit card (automatic),56.93,1967.98,No
RKTZ-B5D0F,Female,0,Yes,No,48,Yes,Yes,DSL,No,Yes,No,No,Yes,Yes,Two year,Yes,Credit card (automatic),59.07,2939.88,No
VQQG-61595,Male,0,No,No,6,Yes,No,Fiber optic,No,No,Yes,Yes,No,No,Two year,Yes,Credit card (automatic),48.07,241.31,No
UWOI-48B27,Male,1,Yes,No,7,Yes,No,Fiber optic,No,No,No,No,Yes,No,Month-to-month,Yes,Mailed check,58.12,380.47,Yes
LHGV-69043,Female,0,No,Yes,33,Yes,No,DSL,No,No,No,Yes,Yes,No,Month-to-month,Yes,Bank transfer (automatic),44.61,1535.39,No
IVOX-6C2D9,Female,0,Yes,Yes,14,Yes,No,Fiber optic,No,No,Yes,No,Yes,Yes,Month-to-month,Yes,Electronic check,79.25,1196.97,Yes
BRMA-D8991,Female,0,No,No,7,Yes,No,No,No internet service,No internet service,No internet service,No internet service,No internet service,No internet service,Two year,No,Electronic check,20.94,148.11,Yes
ISIX-5770C,Female,1,Yes,No,4,Yes,Yes,DSL,Yes,No,No,No,No,No,Two year,Yes,Credit card (automatic),47.61,116.78,No
DMXZ-369B4,Female,0,Yes,No,0,Yes,No,DSL,No,Yes,Yes,No,No,Yes,Two year,No,Electronic check,37.27,37.27,No
OVTV-ED8F7,Male,0,No,No,18,Yes,No,Fiber optic,No,Yes,No,No,Yes,Yes,Month-to-month,Yes,Electronic check,68.85,1186.26,Yes
SYBY-DFC24,Female,0,No,Yes,61,Yes,No,No,No internet service,No internet service,No internet service,No internet service,No internet service,No internet service,Month-to-month,Yes,Electronic check,24.05,1514.14,Yes
APLM-BD1E5,Male,0,No,Yes,15,Yes,Yes,Fiber optic,Yes,No,No,No,No,No,Two year,Yes,Mailed check,54.53,925.47,Yes
TPLF-3B530,Female,0,Yes,Yes,46,Yes,No,No,No internet service,No internet service,No internet service,No internet service,No internet service,No internet service,One year,Yes,Electronic check,18.8,890.87,No
VKJJ-97844,Male,1,Yes,No,20,No,No phone service,No,No internet service,No internet service,No internet service,No internet service,No internet service,No internet service,One year,Yes,Electronic check,30.01,552.96,No
WLZV-B8D07,Female,1,No,No,68,Yes,No,Fiber optic,No,No,Yes,Yes,Yes,Yes,Month-to-month,Yes,Electronic check,75.68,5097.18,Yes
SCEB-78707,Male,1,Yes,Yes,42,Yes,Yes,No,No internet service,No internet service,No internet service,No internet service,No internet service,No internet service,One year,No,Mailed check,27.36,1068.8,No
XAUH-10067,Female,0,Yes,Yes,52,Yes,No,Fiber optic,No,Yes,Yes,No,No,No,Month-to-month,Yes,Mailed check,51.99,2568.5,No
QCRT-1A17A,Male,0,No,No,64,Yes,No,Fiber optic,Yes,Yes,No,No,No,No,Two year,No,Electronic check,51.6,3271.0,No
WNLV-33710,Male,1,Yes,No,67,Yes,No,No,No internet service,No internet service,No internet service,No internet service,No internet service,No internet service,Two year,No,Credit card (automatic),20.17,1324.99,No
JDQO-77161,Male,0,Yes,No,28,Yes,No,Fiber optic,No,Yes,No,Yes,No,Yes,Two year,No,Credit card (automatic),58.0,1623.64,No
JRZH-4AE4D,Male,0,Yes,No,65,Yes,No,Fiber optic,No,No,Yes,Yes,No,Yes,Month-to-month,No,Mailed check,58.29,3851.65,No
IQFG-F60C2,Male,0,No,No,14,Yes,No,No,No internet service,No internet service,No internet service,No internet service,No internet service,No internet service,Two year,Yes,Electronic check,18.8,257.77,No
CVJD-F4A49,Male,1,Yes,Yes,8,Yes,No,DSL,No,No,No,No,Yes,No,One year,No,Credit card (automatic),42.74,283.2,No
STKQ-DDB68,Female,0,No,Yes,11,Yes,No,Fiber optic,No,Yes,No,Yes,No,No,Month-to-month,Yes,Electronic check,52.54,549.74,No
ZGSU-7D6DA,Male,1,Yes,Yes,67,Yes,No,Fiber optic,No,Yes,Yes,No,No,No,Two year,No,Bank transfer (automatic),52.43,3562.2,No
BVSF-B8F44,Female,0,No,Yes,65,Yes,Yes,Fiber optic,Yes,No,No,No,Yes,Yes,Month-to-month,Yes,Bank transfer (automatic),68.49,4479.12,Yes
BUZR-5E4B9,Female,0,Yes,No,28,Yes,No,Fiber optic,No,No,Yes,No,Yes,Yes,One year,No,Credit card (automatic),65.08,1788.77,No
WZJC-2B52D,Female,0,No,No,5,Yes,No,DSL,No,No,No,No,Yes,Yes,Two year,Yes,Electronic check,40.97,207.97,Yes
QDSQ-FFFEC,Female,0,No,Yes,52,Yes,Yes,Fiber optic,No,Yes,No,No,Yes,Yes,Month-to-month,No,Electronic check,74.09,3831.54,Yes
ROUZ-12748,Female,0,No,No,2,Yes,No,Fiber optic,No,No,No,No,No,No,One year,Yes,Mailed check,49.48,82.3,No
IUXH-C1CBB,Male,1,No,No,45,Yes,Yes,DSL,Yes,Yes,Yes,Yes,Yes,Yes,Month-to-month,Yes,Credit card (automatic),71.14,3291.58,Yes
MCVC-72D98,Male,0,No,No,7,Yes,Yes,DSL,Yes,No,Yes,Yes,Yes,Yes,Month-to-month,No,Electronic check,60.21,326.57,Yes
IUFS-F4A4E,Male,0,Yes,No,26,Yes,No,Fiber optic,No,No,No,Yes,Yes,Yes,Month-to-month,Yes,Credit card (automatic),73.23,1873.76,No
XIGC-BE2DC,Female,0,No,No,32,No,No phone service,No,No internet service,No internet service,No internet service,No internet service,No internet service,No internet service,One year,Yes,Bank transfer (automatic),22.47,716.69,No
MFQP-C9036,Male,0,No,Yes,59,Yes,Yes,DSL,No,No,Yes,No,No,No,Two year,Yes,Electronic check,48.69,2906.59,No
MJWH-A5FEC,Male,0,No,No,6,Yes,Yes,DSL,No,No,No,No,No,No,One year,Yes,Bank transfer (automatic),42.06,164.37,No
TQPO-0EF8D,Male,0,Yes,No,46,Yes,Yes,DSL,No,No,No,No,Yes,Yes,One year,No,Mailed check,61.5,2846.81,No
KCVN-F37A2,Male,1,No,No,5,Yes,Yes,Fiber optic,Yes,Yes,Yes,Yes,No,Yes,One year,Yes,Bank transfer (automatic),79.49,440.61,No
ZPET-E59B2,Male,0,Yes,No,68,No,No phone service,Fiber optic,Yes,Yes,Yes,No,No,Yes,Two year,No,Mailed check,62.97,4258.07,No
NOHH-AC62C,Female,0,No,No,3,Yes,No,Fiber optic,No,No,No,No,Yes,No,Month-to-month,No,Credit card (automatic),55.28,181.8,Yes
EAIV-C48FB,Male,0,Yes,No,54,Yes,Yes,DSL,Yes,No,No,No,Yes,No,Month-to-month,No,Credit card (automatic),48.78,2546.93,No
TCGC-F5788,Female,0,Yes,No,9,Yes,Yes,Fiber optic,Yes,No,No,No,Yes,Yes,Month-to-month,No,Mailed check,74.11,568.0,Yes
BXJX-CBBF4,Female,1,No,No,7,Yes,No,No,No internet service,No internet service,No internet service,No internet service,No internet service,No internet service,Month-to-month,Yes,Electronic check,18.8,126.16,Yes
IRGU-0E509,Female,0,No,No,53,Yes,Yes,DSL,No,No,No,No,Yes,Yes,Two year,No,Mailed check,69.09,3750.86,No
HHMP-20759,Female,1,No,No,44,Yes,Yes,DSL,No,No,Yes,Yes,No,Yes,Two year,No,Electronic check,55.13,2479.12,No
TPCZ-B0CE9,Female,0,No,No,65,Yes,Yes,DSL,No,Yes,Yes,No,Yes,No,Month-to-month,No,Electronic check,53.15,3410.4,Yes
VXZY-30AA9,Male,0,No,Yes,4,No,No phone service,Fiber optic,No,No,No,Yes,No,Yes,Month-to-month,Yes,Mailed check,57.72,192.54,No
GYKT-9EBAD,Male,1,No,No,69,Yes,No,Fiber optic,Yes,Yes,Yes,No,No,Yes,Month-to-month,Yes,Credit card (automatic),54.49,3705.62,No
BSPU-39419,Male,0,No,No,18,Yes,Yes,DSL,No,No,Yes,No,No,No,Two year,Yes,Electronic check,41.24,690.58,No
ACNX-B0166,Female,0,No,Yes,0,Yes,No,Fiber optic,No,No,No,No,No,Yes,Two year,No,Credit card (automatic),57.24,57.24,No
BGDO-A693D,Male,0,Yes,No,22,Yes,Yes,Fiber optic,No,No,Yes,Yes,Yes,Yes,Two year,No,Electronic check,77.64,1745.93,No
ANIL-8AE83,Male,0,Yes,No,36,Yes,No,Fiber optic,Yes,No,No,No,No,Yes,Month-to-month,No,Electronic check,55.29,2069.9,No
NNWO-DA954,Female,0,No,No,43,Yes,No,DSL,No,No,No,No,Yes,Yes,Month-to-month,Yes,Credit card (automatic),50.14,2119.4,No
COXA-FD759,Female,0,No,Yes,42,Yes,No,Fiber optic,No,No,No,Yes,Yes,Yes,Two year,No,Mailed check,61.65,2680.99,No
WALB-A15BC,Female,0,Yes,No,48,Yes,Yes,Fiber optic,No,Yes,No,No,No,Yes,Month-to-month,Yes,Credit card (automatic),67.95,3253.45,Yes
FNEP-0D096,Female,0,Yes,Yes,41,Yes,Yes,Fiber optic,No,No,Yes,Yes,No,Yes,Month-to-month,Yes,Electronic check,75.92,3101.56,No
FODP-A757F,Male,1,No,No,5,Yes,No,Fiber optic,No,No,No,Yes,No,Yes,Month-to-month,Yes,Electronic check,62.48,275.42,No
TAHA-3CD7B,Female,0,Yes,No,70,Yes,No,No,No internet service,No internet service,No internet service,No internet service,No internet service,No internet service,Two year,Yes,Bank transfer (automatic),22.8,1608.6,No
JMVH-5230D,Female,0,No,No,38,No,No phone service,Fiber optic,No,No,Yes,No,No,No,Two year,Yes,Bank transfer (automatic),51.36,1899.47,No
WKPG-082D4,Male,1,No,No,51,Yes,Yes,DSL,No,No,No,Yes,No,No,Two year,Yes,Mailed check,49.68,2484.56,No
TGDO-264E8,Male,0,Yes,Yes,21,No,No phone service,Fiber optic,No,No,Yes,No,Yes,Yes,Two year,Yes,Credit card (automatic),67.59,1465.95,No
SPXL-DEEBF,Female,0,No,No,32,No,No phone service,Fiber optic,No,No,No,No,No,Yes,Month-to-month,No,Bank transfer (automatic),51.93,1751.2,No
TIEF-923A5,Male,0,No,No,71,Yes,Yes,DSL,No,Yes,No,Yes,No,No,One year,No,Credit card (automatic),49.54,3579.07,No
RZCQ-D2C8A,Female,0,No,Yes,3,Yes,No,Fiber optic,No,No,No,No,No,No,One year,Yes,Bank transfer (automatic),52.38,171.52,No
BLJD-C8E2B,Female,0,Yes,No,70,Yes,Yes,DSL,Yes,No,No,Yes,Yes,No,Month-to-month,Yes,Credit card (automatic),55.51,3917.5,No
PQIR-3C779,Male,0,Yes,No,53,Yes,Yes,Fiber optic,No,Yes,No,Yes,No,No,One year,Yes,Bank transfer (automatic),69.76,3662.78,No
CJFZ-600E2,Male,0,No,No,62,Yes,No,Fiber optic,No,No,No,No,Yes,No,One year,No,Electronic check,55.02,3428.56,Yes
AFFC-F0BDA,Female,0,Yes,Yes,22,Yes,Yes,Fiber optic,No,No,No,Yes,No,Yes,One year,No,Mailed check,67.96,1534.95,No
DSIK-4C926,Female,0,Yes,No,6,Yes,No,Fiber optic,No,Yes,No,No,No,No,Month-to-month,Yes,Mailed check,56.61,357.72,Yes
UYYD-D9B6A,Female,0,Yes,No,58,Yes,No,DSL,Yes,No,No,No,No,No,Month-to-month,No,Mailed check,43.72,2531.4,Yes
GNFK-6DAA4,Male,0,Yes,Yes,38,No,No phone service,Fiber optic,Yes,Yes,Yes,No,Yes,Yes,Month-to-month,Yes,Mailed check,75.32,2859.94,No
LMUE-08DBC,Female,1,Yes,Yes,59,Yes,No,DSL,No,Yes,Yes,No,Yes,No,Month-to-month,Yes,Credit card (automatic),40.37,2326.44,No
KFRA-EB834,Female,0,Yes,Yes,4,Yes,No,No,No internet service,No internet service,No internet service,No internet service,No internet service,No internet service,Month-to-month,Yes,Bank transfer (automatic),19.11,26.25,No
ZAAJ-3A0CC,Female,0,No,No,55,No,No phone service,DSL,No,No,No,Yes,No,Yes,Month-to-month,No,Bank transfer (automatic),47.44,2596.29,No
FPRW-BF19C,Female,0,No,No,28,Yes,Yes,DSL,No,Yes,No,No,No,Yes,Month-to-month,Yes,Credit card (automatic),47.97,1301.55,Yes
GFCZ-D137E,Female,1,Yes,No,37,Yes,Yes,Fiber optic,Yes,Yes,No,Yes,No,No,One year,Yes,Electronic check,66.61,2522.48,No
VWVQ-497F7,Male,1,No,Yes,6,Yes,No,Fiber optic,Yes,No,No,No,No,No,Month-to-month,Yes,Bank transfer (automatic),39.36,227.47,Yes
TERL-6C706,Female,0,Yes,No,3,Yes,No,Fiber optic,No,Yes,No,No,Yes,Yes,Month-to-month,Yes,Bank transfer (automatic),66.79,247.51,No
ZYPQ-4C90F,Female,0,No,No,13,Yes,Yes,No,No internet service,No internet service,No internet service,No internet service,No internet service,No internet service,One year,Yes,Mailed check,29.8,389.48,No
WCKT-B20FE,Female,0,Yes,Yes,40,Yes,No,DSL,Yes,No,No,Yes,No,No,Month-to-month,No,Electronic check,37.48,1516.57,Yes
TRRL-A4144,Female,0,Yes,No,11,Yes,Yes,Fiber optic,Yes,No,No,Yes,Yes,Yes,Two year,Yes,Electronic check,80.19,919.53,No
HMDK-737A6,Male,0,No,Yes,36,Yes,No,DSL,No,No,Yes,No,No,No,Month-to-month,Yes,Credit card (automatic),43.83,1583.38,Yes
ASPK-011D4,Male,0,Yes,No,37,Yes,No,No,No internet service,No internet service,No internet service,No internet service,No internet service,No internet service,One year,Yes,Mailed check,18.95,750.66,No
LSRB-E4CD8,Male,0,No,No,0,Yes,Yes,No,No internet service,No internet service,No internet service,No internet service,No internet service,No internet service,Month-to-month,Yes,Electronic check,29.66,29.66,Yes
EOGW-CDD20,Female,0,Yes,No,0,Yes,Yes,Fiber optic,No,No,No,No,No,No,Month-to-month,Yes,Bank transfer (automatic),62.3,62.3,Yes
QPWQ-C5106,Female,0,Yes,No,7,No,No phone service,DSL,No,No,Yes,No,Yes,No,One year,Yes,Bank transfer (automatic),44.24,371.19,No
ANKG-9A07F,Male,0,No,No,20,Yes,No,No,No internet service,No internet service,No internet service,No internet service,No internet service,No internet service,Two year,Yes,Credit card (automatic),18.8,356.66,No
HUIH-D5DAC,Male,1,No,Yes,11,Yes,No,No,No internet service,No internet service,No internet service,No internet service,No internet service,No internet service,Two year,Yes,Mailed check,22.22,240.04,No
VXOY-0761D,Male,0,Yes,No,46,Yes,No,DSL,Yes,No,No,No,No,Yes,Two year,No,Credit card (automatic),57.28,2629.92,No
UTQP-6AF45,Female,0,Yes,No,70,Yes,No,Fiber optic,No,No,No,Yes,No,Yes,Month-to-month,Yes,Credit card (automatic),63.98,4445.22,No
CXNP-40CD5,Female,0,Yes,No,0,Yes,Yes,No,No internet service,No internet service,No internet service,No internet service,No internet service,No internet service,Month-to-month,Yes,Electronic check,33.4,33.4,Yes
TOQE-92353,Male,0,No,Yes,72,Yes,No,Fiber optic,Yes,No,No,No,No,No,Two year,Yes,Mailed check,55.69,4046.3,No
XAXE-D5E87,Male,0,No,Yes,72,Yes,No,No,No internet service,No internet service,No internet service,No internet service,No internet service,No internet service,Month-to-month,Yes,Bank transfer (automatic),19.59,1384.17,Yes
DLOZ-4143F,Male,0,Yes,No,32,No,No phone service,DSL,No,No,No,No,No,No,Two year,Yes,Mailed check,31.62,1006.23,No
DZCV-609BD,Female,0,No,Yes,2,No,No phone service,DSL,No,No,No,No,Yes,No,One year,Yes,Credit card (automatic),40.37,117.3,No
EQOL-E668E,Female,1,Yes,Yes,14,Yes,No,Fiber optic,Yes,No,Yes,No,No,No,Month-to-month,No,Mailed check,37.28,578.04,No
WSCH-01DD1,Female,0,Yes,No,69,Yes,Yes,Fiber optic,No,Yes,No,No,Yes,Yes,Month-to-month,Yes,Credit card (automatic),79.01,5490.8,No
LHBJ-1BF63,Male,1,Yes,No,55,No,No phone service,No,No internet service,No internet service,No internet service,No internet service,No internet service,No internet service,Month-to-month,Yes,Electronic check,18.8,1009.7,Yes
MZER-14762,Male,0,No,No,61,Yes,No,Fiber optic,Yes,Yes,No,No,No,No,Two year,No,Credit card (automatic),57.15,3542.19,No
URLK-1A34D,Female,1,Yes,No,53,Yes,No,DSL,Yes,Yes,No,No,Yes,Yes,Month-to-month,Yes,Electronic check,49.47,2613.99,No
QSGN-03C7A,Male,0,No,No,5,Yes,Yes,No,No internet service,No internet service,No internet service,No internet service,No internet service,No internet service,Two year,Yes,Bank transfer (automatic),25.01,79.96,No
UYCP-F3D95,Female,0,No,Yes,68,Yes,Yes,No,No internet service,No internet service,No internet service,No internet service,No internet service,No internet service,One year,Yes,Mailed check,31.74,2161.61,No
UWDR-EA827,Male,0,Yes,No,0,Yes,No,Fiber optic,Yes,No,No,Yes,No,No,Month-to-month,Yes,Electronic check,50.4,50.4,Yes
XULI-CF4C4,Male,0,Yes,No,63,No,No phone service,DSL,Yes,No,Yes,No,Yes,No,Month-to-month,Yes,Credit card (automatic),43.6,2727.85,No
VZRM-500DA,Male,0,Yes,No,63,Yes,Yes,DSL,Yes,Yes,No,Yes,No,No,One year,Yes,Bank transfer (automatic),51.56,3297.07,No
FOWQ-E11A9,Male,0,No,No,49,Yes,Yes,Fiber optic,No,No,Yes,No,No,Yes,Two year,Yes,Bank transfer (automatic),65.46,3129.8,No
RZCY-08DA3,Female,0,No,Yes,2,Yes,Yes,Fiber optic,No,Yes,No,No,No,No,Month-to-month,Yes,Bank transfer (automatic),65.95,206.04,No
PXFY-A15D5,Male,0,Yes,Yes,5,Yes,Yes,DSL,Yes,No,Yes,No,Yes,Yes,Two year,No,Credit card (automatic),72.3,361.29,No
YKIW-C3C4E,Female,0,Yes,No,23,Yes,Yes,DSL,Yes,Yes,No,No,Yes,Yes,Month-to-month,No,Credit card (automatic),67.18,1586.72,No
ARER-FA6D3,Female,1,Yes,No,21,Yes,No,Fiber optic,No,No,Yes,Yes,Yes,Yes,Month-to-month,No,Electronic check,76.28,1647.58,No
OZJA-77CC5,Female,0,Yes,Yes,29,Yes,No,Fiber optic,No,Yes,No,No,Yes,No,Month-to-month,No,Mailed check,60.63,1787.39,Yes
UDEP-BC92A,Male,0,No,Yes,2,Yes,No,DSL,No,No,No,No,No,No,Two year,No,Electronic check,33.38,56.96,No
LGIV-281B2,Female,0,Yes,No,10,Yes,Yes,Fiber optic,No,No,Yes,Yes,No,Yes,One year,Yes,Electronic check,61.46,584.4,No
YWWJ-C2420,Female,0,Yes,No,65,Yes,No,DSL,No,No,Yes,No,Yes,No,Month-to-month,Yes,Bank transfer (automatic),40.28,2622.16,Yes
JOWA-6B3B9,Female,0,No,No,2,Yes,Yes,DSL,No,No,No,No,Yes,No,Month-to-month,No,Electronic check,51.43,52.88,No
ODEW-E7988,Male,0,Yes,Yes,33,Yes,Yes,DSL,Yes,No,No,No,Yes,No,Month-to-month,No,Mailed check,49.08,1655.02,No
SODC-DB303,Male,0,No,No,30,Yes,No,Fiber optic,No,No,No,No,Yes,No,Month-to-month,Yes,Bank transfer (automatic),51.93,1600.21,No
PPEE-37370,Female,0,Yes,No,65,Yes,Yes,Fiber optic,No,No,No,No,Yes,No,Month-to-month,Yes,Bank transfer (automatic),74.72,4862.19,No
YXIU-8040B,Male,1,No,No,66,Yes,Yes,No,No internet service,No internet service,No internet service,No internet service,No internet service,No internet service,Month-to-month,No,Credit card (automatic),29.98,1954.17,No
UQAG-72149,Female,0,Yes,Yes,48,Yes,No,DSL,Yes,No,No,No,Yes,No,One year,Yes,Credit card (automatic),38.47,1798.95,No
CZLE-0F9DC,Female,0,No,No,63,No,No phone service,DSL,No,No,No,No,Yes,No,Month-to-month,Yes,Bank transfer (automatic),46.29,2885.88,Yes
ZXTW-D49FD,Male,0,Yes,No,52,Yes,Yes,No,No internet service,No internet service,No internet service,No internet service,No internet service,No internet service,Month-to-month,No,Electronic check,32.58,1756.91,No
CCFT-6A20C,Female,0,No,Yes,15,Yes,Yes,Fiber optic,Yes,Yes,No,No,Yes,No,Month-to-month,Yes,Credit card (automatic),68.89,1006.31,No
HBFI-6E394,Male,0,Yes,Yes,11,Yes,No,DSL,No,No,No,Yes,No,No,Month-to-month,No,Electronic check,40.07,421.95,Yes
MHIP-9223E,Male,0,No,No,11,Yes,No,Fiber optic,No,Yes,Yes,Yes,Yes,No,Month-to-month,No,Electronic check,58.88,608.58,Yes
IPLJ-07FF4,Female,1,Yes,No,51,Yes,No,Fiber optic,Yes,No,No,No,No,Yes,Two year,No,Electronic check,57.53,2890.48,No
NHXO-ED579,Male,0,No,No,50,Yes,No,Fiber optic,No,Yes,Yes,No,Yes,Yes,Month-to-month,No,Mailed check,70.8,3522.97,Yes
GVOF-7D6BF,Male,0,No,No,66,Yes,Yes,DSL,No,No,No,Yes,No,Yes,Two year,No,Credit card (automatic),51.57,3386.14,No
IZKO-C1B9A,Female,0,No,No,41,Yes,Yes,DSL,Yes,No,Yes,No,No,No,Month-to-month,Yes,Bank transfer (automatic),37.56,1517.57,Yes
YMYO-3A3E2,Female,0,No,Yes,69,Yes,Yes,Fiber optic,No,Yes,No,No,No,Yes,One year,Yes,Bank transfer (automatic),73.61,5023.0,No
MVAM-85A55,Male,0,Yes,No,7,Yes,Yes,Fiber optic,No,No,Yes,No,No,Yes,Month-to-month,Yes,Bank transfer (automatic),66.4,558.58,Yes
HQWE-633FB,Male,0,Yes,No,29,Yes,Yes,DSL,No,No,No,Yes,Yes,No,Month-to-month,Yes,Electronic check,60.61,1713.49,Yes
YQRS-AD517,Female,0,No,No,1,Yes,No,DSL,No,No,No,No,No,No,One year,No,Electronic check,35.59,59.26,No
ABBC-B9E45,Male,0,Yes,Yes,21,Yes,Yes,Fiber optic,No,No,No,No,No,No,Month-to-month,Yes,Credit card (automatic),50.99,1048.5,No
MUYS-8F273,Male,0,Yes,Yes,50,Yes,Yes,No,No internet service,No internet service,No internet service,No internet service,No internet service,No internet service,Month-to-month,No,Electronic check,26.66,1397.58,No
EKTI-D9B3D,Male,0,Yes,No,6,Yes,No,DSL,No,Yes,No,No,No,Yes,Two year,No,Mailed check,29.14,137.28,No
FJUR-44670,Male,0,Yes,Yes,6,Yes,Yes,No,No internet service,No internet service,No internet service,No internet service,No internet service,No internet service,Month-to-month,Yes,Bank transfer (automatic),32.15,268.14,No
GEEJ-0AA3E,Male,0,No,Yes,72,Yes,Yes,Fiber optic,No,No,Yes,Yes,No,Yes,Two year,Yes,Bank transfer (automatic),73.69,5373.34,No
PIFL-F006E,Male,1,No,Yes,19,Yes,No,Fiber optic,No,No,No,No,No,Yes,Two year,No,Mailed check,50.78,1015.01,No
HTOF-E28AA,Male,0,No,Yes,10,Yes,Yes,Fiber optic,No,Yes,No,Yes,No,No,Month-to-month,No,Mailed check,69.19,664.59,Yes
WSRD-45511,Female,0,Yes,No,4,Yes,No,Fiber optic,No,No,No,No,No,Yes,Month-to-month,Yes,Bank transfer (automatic),54.15,221.75,Yes
LSXY-7E773,Female,0,No,No,32,Yes,No,Fiber optic,No,No,No,No,No,No,One year,No,Bank transfer (automatic),39.61,1300.1,No
QIMY-84AB9,Female,0,No,Yes,9,Yes,No,Fiber optic,Yes,Yes,No,Yes,Yes,Yes,Month-to-month,Yes,Mailed check,70.7,617.46,No
BFDY-47EF3,Female,0,No,No,8,Yes,No,Fiber optic,No,Yes,No,No,Yes,Yes,One year,Yes,Bank transfer (automatic),60.06,515.54,No
WSPE-B9793,Female,0,No,No,8,Yes,Yes,Fiber optic,No,Yes,Yes,No,No,Yes,One year,No,Mailed check,73.47,621.35,No
QDHM-2EE79,Male,0,No,No,68,No,No phone service,Fiber optic,No,No,Yes,No,Yes,Yes,Month-to-month,Yes,Mailed check,64.51,4384.13,No
HFYK-F117C,Male,1,Yes,No,20,Yes,Yes,DSL,Yes,No,No,No,No,Yes,Month-to-month,Yes,Mailed check,58.18,1139.37,No
LVDW-74ACE,Male,1,Yes,No,55,Yes,No,DSL,No,No,No,No,Yes,Yes,Two year,Yes,Credit card (automatic),45.14,2460.1,No
CSIN-7C647,Male,0,Yes,Yes,33,Yes,No,Fiber optic,No,No,Yes,No,Yes,No,Month-to-month,No,Electronic check,55.07,1848.61,Yes
RWAO-199D3,Female,0,No,No,28,Yes,No,Fiber optic,No,No,Yes,No,Yes,No,One year,No,Bank transfer (automatic),52.06,1512.91,No
URRQ-81D61,Male,0,No,No,37,Yes,No,No,No internet service,No internet service,No internet service,No internet service,No internet service,No internet service,One year,No,Electronic check,21.31,801.57,No
PYSG-DD58D,Male,0,No,No,8,Yes,No,DSL,Yes,Yes,No,No,Yes,Yes,Month-to-month,Yes,Mailed check,50.82,439.82,No
EJLA-29434,Female,0,No,No,20,Yes,Yes,DSL,Yes,Yes,No,No,No,Yes,Two year,No,Electronic check,48.53,959.79,No
DQGQ-D7E3F,Male,0,No,No,34,Yes,No,DSL,Yes,No,Yes,Yes,No,No,Month-to-month,No,Bank transfer (automatic),47.98,1552.21,No
IHZL-BC757,Male,0,No,No,1,Yes,No,Fiber optic,No,No,Yes,No,No,No,Month-to-month,No,Electronic check,48.03,4.68,Yes
KKGX-9CA55,Female,0,No,No,15,Yes,No,DSL,Yes,No,No,No,Yes,Yes,Month-to-month,Yes,Bank transfer (automatic),51.74,805.18,Yes
ZAHT-89039,Male,0,Yes,No,24,Yes,No,Fiber optic,No,Yes,No,No,No,Yes,Two year,Yes,Mailed check,60.59,1498.3,No
IMYQ-A39FA,Male,0,Yes,Yes,14,Yes,No,DSL,Yes,Yes,No,No,No,No,Month-to-month,No,Mailed check,32.31,445.67,No
UYXI-44C6D,Male,0,Yes,Yes,36,Yes,No,No,No internet service,No internet service,No internet service,No internet service,No internet service,No internet service,One year,No,Mailed check,20.5,763.63,No
URDS-3830A,Male,0,Yes,No,48,Yes,No,No,No internet service,No internet service,No internet service,No internet service,No internet service,No internet service,One year,Yes,Bank transfer (automatic),21.81,958.02,No
LQMJ-04EC7,Male,0,No,Yes,20,No,No phone service,Fiber optic,No,No,No,No,Yes,No,One year,No,Mailed check,59.62,1258.22,No
AZTA-32EF6,Female,0,Yes,No,69,No,No phone service,No,No internet service,No internet service,No internet service,No internet service,No internet service,No internet service,Month-to-month,Yes,Electronic check,18.8,1237.75,No
EQHD-440B5,Female,0,No,No,65,Yes,Yes,DSL,No,No,Yes,No,No,No,Month-to-month,Yes,Bank transfer (automatic),47.22,3016.08,No
OOUT-9D90D,Female,0,Yes,No,22,Yes,No,DSL,No,Yes,No,Yes,No,Yes,One year,Yes,Bank transfer (automatic),47.68,1094.13,No
ULKX-65B56,Female,0,Yes,No,56,Yes,No,DSL,No,No,No,Yes,Yes,No,One year,Yes,Mailed check,45.33,2515.1,No
UFAI-25198,Female,0,No,No,11,Yes,Yes,DSL,Yes,No,No,No,Yes,No,One year,No,Electronic check,42.09,363.43,Yes
HQDA-72D46,Female,0,No,Yes,8,Yes,Yes,Fiber optic,No,No,No,No,No,Yes,Month-to-month,Yes,Electronic check,65.87,474.17,Yes
HLCY-26D6B,Male,0,Yes,No,5,Yes,Yes,Fiber optic,No,No,No,Yes,No,No,Two year,Yes,Bank transfer (automatic),69.11,310.33,No
BHTG-6185D,Female,0,No,No,6,Yes,Yes,No,No internet service,No internet service,No internet service,No internet service,No internet service,No internet service,Month-to-month,Yes,Bank transfer (automatic),34.63,284.16,No
KVXV-B9712,Female,0,Yes,No,34,Yes,No,No,No internet service,No internet service,No internet service,No internet service,No internet service,No internet service,Month-to-month,Yes,Electronic check,18.8,670.6,No
JRAY-F11D3,Male,0,No,No,9,Yes,No,DSL,No,Yes,No,No,No,Yes,Month-to-month,Yes,Bank transfer (automatic),38.15,382.39,No
EESD-269F3,Male,0,No,No,38,Yes,No,DSL,Yes,No,Yes,No,No,Yes,Month-to-month,Yes,Mailed check,43.85,1693.73,No
GOKP-39EAB,Female,1,Yes,No,7,Yes,Yes,DSL,Yes,No,No,Yes,No,No,Two year,Yes,Electronic check,44.84,313.58,No
BXSQ-28A91,Male,0,No,No,9,Yes,No,Fiber optic,No,Yes,Yes,No,No,No,Month-to-month,Yes,Mailed check,46.79,402.98,No
BMSK-BFEAB,Female,0,No,No,15,Yes,Yes,DSL,No,No,Yes,No,No,No,Two year,Yes,Electronic check,55.95,837.54,No
CCSU-39416,Male,0,No,No,9,No,No phone service,DSL,No,Yes,Yes,Yes,No,Yes,Month-to-month,No,Bank transfer (automatic),49.36,388.52,No
LUWY-1E82A,Female,0,No,Yes,13,Yes,No,Fiber optic,No,No,No,No,No,Yes,One year,Yes,Electronic check,52.72,706.9,No
BMVZ-4292F,Male,0,Yes,No,28,No,No phone service,No,No internet service,No internet service,No internet service,No internet service,No internet service,No internet service,One year,Yes,Electronic check,18.8,530.41,Yes
IEGJ-BDBA4,Male,0,No,No,5,Yes,Yes,DSL,No,No,Yes,Yes,Yes,Yes,Month-to-month,Yes,Electronic check,61.19,266.39,Yes
YZQU-47C6C,Female,0,No,No,25,Yes,Yes,Fiber optic,Yes,No,No,Yes,No,No,Month-to-month,Yes,Bank transfer (automatic),60.07,1578.3,No
WYHM-68B53,Female,0,No,Yes,2,No,No phone service,DSL,No,No,No,Yes,No,No,Month-to-month,No,Electronic check,42.69,103.06,Yes
GTZC-F082F,Female,0,Yes,No,70,Yes,No,Fiber optic,No,No,No,No,No,Yes,Month-to-month,No,Mailed check,68.74,4792.05,Yes
TJRW-3A4B9,Female,0,No,No,72,Yes,No,Fiber optic,No,No,Yes,No,No,No,One year,Yes,Electronic check,47.95,3484.84,No
SQQC-D268D,Female,1,No,No,0,Yes,Yes,No,No internet service,No internet service,No internet service,No internet service,No internet service,No internet service,Month-to-month,Yes,Electronic check,24.39,24.39,No
QEHF-9BBCB,Male,0,No,No,21,Yes,No,No,No internet service,No internet service,No internet service,No internet service,No internet service,No internet service,Month-to-month,Yes,Credit card (automatic),23.4,474.46,Yes
XXHH-048AE,Female,0,Yes,Yes,7,Yes,No,Fiber optic,No,No,No,No,No,No,Month-to-month,Yes,Bank transfer (automatic),51.83,393.13,No
PZOW-C7DD4,Female,0,Yes,No,8,Yes,No,No,No internet service,No internet service,No internet service,No internet service,No internet service,No internet service,Two year,Yes,Electronic check,18.8,130.69,No
FDXL-94669,Male,0,Yes,No,71,Yes,No,DSL,No,Yes,No,No,No,No,One year,Yes,Mailed check,33.74,2374.33,No
EUKG-014BD,Male,1,Yes,No,1,Yes,No,Fiber optic,Yes,No,Yes,Yes,Yes,No,Month-to-month,Yes,Electronic check,64.94,5.14,No
YHQG-28AC1,Female,1,No,No,51,Yes,No,Fiber optic,No,No,No,No,No,Yes,One year,No,Bank transfer (automatic),56.34,2886.29,Yes
THHA-37358,Male,0,No,Yes,66,Yes,No,Fiber optic,Yes,No,Yes,No,No,Yes,Month-to-month,No,Bank transfer (automatic),55.94,3637.32,No
CWIT-AC422,Male,0,No,No,4,Yes,No,DSL,No,Yes,No,No,Yes,No,Month-to-month,Yes,Credit card (automatic),40.82,220.67,No
FOQT-FD57F,Female,0,No,No,11,Yes,No,Fiber optic,No,Yes,No,Yes,No,No,One year,No,Mailed check,57.98,656.05,No
SKVD-AF890,Male,0,Yes,Yes,0,Yes,Yes,Fiber optic,No,Yes,No,No,Yes,Yes,Month-to-month,Yes,Mailed check,71.51,71.51,Yes
PHZI-56BF5,Male,0,Yes,No,6,Yes,Yes,DSL,No,No,No,No,No,Yes,One year,Yes,Bank transfer (automatic),47.83,323.33,No
FTOL-F79F3,Female,1,No,No,28,No,No phone service,No,No internet service,No internet service,No internet service,No internet service,No internet service,No internet service,Month-to-month,No,Bank transfer (automatic),28.53,811.3,No
XYMI-20F6A,Female,1,No,No,15,Yes,No,No,No internet service,No internet service,No internet service,No internet service,No internet service,No internet service,Month-to-month,Yes,Mailed check,18.8,346.43,No
GIVR-30D10,Male,1,No,No,25,Yes,No,Fiber optic,No,No,Yes,No,No,No,One year,No,Mailed check,45.59,1137.46,No
HYQB-EFB10,Male,0,Yes,No,60,Yes,Yes,DSL,No,No,No,No,No,No,Month-to-month,No,Electronic check,40.2,2399.94,Yes
WVVM-92039,Female,0,No,No,65,Yes,Yes,Fiber optic,No,Yes,Yes,No,No,No,Month-to-month,No,Mailed check,56.23,3662.13,No
KQLO-FAFF9,Male,0,Yes,No,69,No,No phone service,DSL,No,Yes,No,No,No,Yes,Month-to-month,Yes,Electronic check,49.73,3391.01,Yes
ZGNB-1226B,Male,0,No,Yes,48,Yes,Yes,Fiber optic,No,Yes,No,No,No,No,Month-to-month,Yes,Electronic check,66.04,3148.49,No
ZZEL-6105D,Male,0,No,No,54,No,No phone service,Fiber optic,No,No,No,Yes,Yes,No,One year,No,Electronic check,63.58,3453.41,No
KJZJ-AF185,Female,0,No,No,1,No,No phone service,Fiber optic,No,No,Yes,No,Yes,No,Month-to-month,Yes,Mailed check,61.8,72.81,Yes
DBQQ-8AB00,Male,0,Yes,Yes,9,Yes,No,No,No internet service,No internet service,No internet service,No internet service,No internet service,No internet service,One year,Yes,Mailed check,28.76,238.42,No
IOXZ-D4917,Male,0,No,No,60,No,No phone service,Fiber optic,No,Yes,No,No,Yes,Yes,Month-to-month,No,Electronic check,60.97,3734.18,Yes
CZLS-1F815,Female,1,Yes,No,64,Yes,Yes,No,No internet service,No internet service,No internet service,No internet service,No internet service,No internet service,Month-to-month,No,Bank transfer (automatic),32.51,2076.22,No
FBAS-DAB02,Male,1,Yes,No,10,Yes,Yes,No,No internet service,No internet service,No internet service,No internet service,No internet service,No internet service,Month-to-month,Yes,Electronic check,28.33,291.15,Yes
AZTY-E38AB,Male,1,No,Yes,24,Yes,No,DSL,Yes,No,No,No,No,No,Month-to-month,No,Mailed check,33.45,742.07,No
RLAY-BD31E,Female,0,Yes,No,10,Yes,Yes,Fiber optic,No,No,No,No,Yes,No,Two year,No,Bank transfer (automatic),79.95,815.12,No
UVLX-3C72B,Female,0,No,No,13,No,No phone service,Fiber optic,No,Yes,No,No,Yes,No,Two year,No,Electronic check,60.73,799.68,No
JESU-5FB05,Female,0,Yes,No,30,Yes,Yes,DSL,No,Yes,No,Yes,No,No,Month-to-month,Yes,Mailed check,46.87,1407.63,No
ZEYN-AA889,Female,0,No,No,8,Yes,No,DSL,No,No,Yes,No,Yes,No,One year,Yes,Credit card (automatic),49.71,450.87,No
QTLL-CCA79,Male,1,No,No,5,Yes,Yes,Fiber optic,No,No,No,No,No,Yes,Month-to-month,Yes,Electronic check,66.49,258.16,Yes
OLEN-70FA1,Male,1,Yes,Yes,33,Yes,No,Fiber optic,Yes,No,No,Yes,Yes,Yes,One year,Yes,Credit card (automatic),68.12,2231.86,No
FOWM-C28DD,Female,0,No,No,46,Yes,No,No,No internet service,No internet service,No internet service,No internet service,No internet service,No internet service,Month-to-month,No,Credit card (automatic),18.8,945.95,No
GRBD-EB3FF,Female,0,No,Yes,5,Yes,Yes,Fiber optic,No,No,Yes,No,No,No,Month-to-month,No,Mailed check,63.36,345.53,Yes
BAGU-9867A,Male,0,No,No,61,Yes,No,Fiber optic,No,Yes,No,No,Yes,Yes,Month-to-month,Yes,Electronic check,61.88,3770.93,Yes
BPFU-31678,Female,0,No,Yes,10,No,No phone service,Fiber optic,Yes,Yes,No,Yes,Yes,Yes,One year,Yes,Bank transfer (automatic),76.04,663.5,No
WSJS-83003,Male,1,No,No,35,Yes,No,Fiber optic,No,No,Yes,No,No,No,Two year,Yes,Bank transfer (automatic),51.81,1845.46,No
VMLK-4B09E,Female,0,Yes,No,5,Yes,Yes,No,No internet service,No internet service,No internet service,No internet service,No internet service,No internet service,Two year,Yes,Bank transfer (automatic),39.86,128.0,No
WJWG-3504D,Male,0,Yes,No,42,Yes,No,No,No internet service,No internet service,No internet service,No internet service,No internet service,No internet service,Month-to-month,Yes,Electronic check,25.39,992.76,No
TIIJ-12FBA,Female,0,Yes,No,11,Yes,Yes,Fiber optic,No,Yes,No,Yes,No,Yes,Month-to-month,Yes,Mailed check,80.07,844.14,Yes
HWEZ-85C64,Female,0,No,Yes,9,Yes,Yes,Fiber optic,No,No,No,No,No,No,Month-to-month,Yes,Bank transfer (automatic),55.04,596.33,Yes
RSPM-56D5F,Male,0,No,No,1,Yes,No,Fiber optic,No,Yes,No,No,No,No,Month-to-month,No,Mailed check,49.48,27.25,No
DEIA-E519F,Female,1,No,No,44,Yes,No,Fiber optic,No,No,Yes,No,No,No,Month-to-month,Yes,Bank transfer (automatic),38.52,1608.97,No
ZCUJ-D9BDE,Male,0,No,No,47,Yes,Yes,Fiber optic,No,No,No,No,Yes,Yes,Two year,No,Mailed check,75.02,3613.04,Yes
DSDY-A34EA,Male,0,No,Yes,14,Yes,Yes,Fiber optic,No,No,No,Yes,No,No,One year,No,Mailed check,62.58,830.73,No
FVSB-4D509,Male,0,Yes,Yes,68,No,No phone service,Fiber optic,No,No,No,No,No,No,Two year,Yes,Electronic check,49.57,3381.4,No
XOZC-AAF8D,Male,0,Yes,No,19,Yes,Yes,DSL,No,No,Yes,No,No,Yes,Two year,No,Credit card (automatic),47.62,903.91,No
DBSA-D0B7A,Male,0,No,No,41,Yes,Yes,No,No internet service,No internet service,No internet service,No internet service,No internet service,No internet service,Month-to-month,No,Bank transfer (automatic),29.11,1216.89,No
QLMN-AB750,Female,0,Yes,No,72,Yes,No,DSL,No,No,No,Yes,Yes,No,Month-to-month,Yes,Bank transfer (automatic),45.3,3289.21,No
UFLZ-C575A,Female,0,No,Yes,61,Yes,Yes,No,No internet service,No internet service,No internet service,No internet service,No internet service,No internet service,One year,Yes,Electronic check,44.42,2708.24,No
DYZH-38AA0,Male,0,Yes,No,48,Yes,Yes,DSL,No,No,Yes,Yes,No,Yes,One year,No,Bank transfer (automatic),54.05,2566.91,No
SBIS-EA2A0,Female,0,Yes,No,57,Yes,No,DSL,No,Yes,Yes,Yes,No,No,Two year,No,Electronic check,28.83,1640.55,No
GDZJ-8CFF2,Male,0,No,Yes,11,Yes,No,DSL,No,No,No,No,Yes,No,Month-to-month,No,Bank transfer (automatic),41.9,491.36,No
KKUI-3C7B6,Female,0,Yes,No,24,Yes,No,DSL,No,Yes,No,No,No,No,One year,Yes,Bank transfer (automatic),27.66,578.89,No
MAAA-2502D,Female,0,No,No,8,Yes,Yes,DSL,No,No,Yes,No,No,No,Month-to-month,Yes,Electronic check,49.99,324.55,Yes
WHYD-0541D,Female,0,Yes,No,24,Yes,No,Fiber optic,No,Yes,No,No,No,No,One year,No,Mailed check,55.53,1283.58,No
ZHIS-E4A09,Female,0,No,Yes,22,No,No phone service,Fiber optic,Yes,No,No,Yes,No,No,Month-to-month,Yes,Bank transfer (automatic),55.81,1260.78,No
ZMQR-AAE0E,Male,0,No,No,3,Yes,No,Fiber optic,Yes,No,No,No,Yes,No,One year,Yes,Bank transfer (automatic),72.29,222.57,Yes
XXJP-5D65A,Male,0,No,Yes,2,Yes,No,DSL,No,No,No,No,Yes,No,Month-to-month,Yes,Mailed check,46.52,179.27,No
BJFJ-71D65,Female,1,No,No,69,No,No phone service,Fiber optic,No,No,No,No,No,Yes,Two year,Yes,Electronic check,51.12,3616.01,Yes
DZWM-57F3A,Female,0,Yes,No,6,Yes,Yes,Fiber optic,No,No,No,Yes,No,No,Month-to-month,Yes,Bank transfer (automatic),69.49,412.81,Yes
XTWY-03296,Male,0,Yes,No,10,Yes,No,DSL,No,Yes,No,No,No,Yes,Month-to-month,Yes,Electronic check,47.38,379.43,No
BOCK-5EA9D,Female,1,Yes,Yes,41,Yes,No,Fiber optic,No,No,No,No,Yes,Yes,Two year,Yes,Electronic check,69.85,2856.4,Yes
EGTT-0330A,Male,0,No,No,33,Yes,No,Fiber optic,No,No,No,Yes,Yes,Yes,Month-to-month,No,Credit card (automatic),72.2,2361.81,Yes
BVPT-7F480,Male,0,No,Yes,68,Yes,No,Fiber optic,Yes,No,No,Yes,No,No,Month-to-month,Yes,Mailed check,49.04,3320.81,Yes
VOEV-F1DB5,Male,0,Yes,No,41,Yes,No,Fiber optic,No,Yes,No,No,No,No,Two year,No,Mailed check,45.11,1764.67,No
QUMR-0EE37,Female,0,No,Yes,65,No,No phone service,No,No internet service,No internet service,No internet service,No internet service,No internet service,No internet service,Month-to-month,Yes,Mailed check,19.28,1292.99,No
GKHW-BDCB2,Male,0,Yes,No,21,Yes,No,DSL,Yes,No,Yes,Yes,Yes,No,Month-to-month,Yes,Credit card (automatic),47.12,974.56,Yes
VUDC-C656D,Female,0,Yes,No,47,Yes,Yes,Fiber optic,No,No,No,No,Yes,Yes,Month-to-month,Yes,Mailed check,78.03,3675.47,No
JJKB-060C6,Male,0,No,Yes,61,No,No phone service,Fiber optic,No,Yes,No,Yes,Yes,No,One year,Yes,Mailed check,52.06,3139.48,No
NITL-07299,Female,1,Yes,No,8,Yes,No,No,No internet service,No internet service,No internet service,No internet service,No internet service,No internet service,Month-to-month,Yes,Electronic check,18.8,161.89,Yes
MKPR-EF1A1,Female,0,Yes,No,72,Yes,Yes,Fiber optic,No,No,No,No,No,No,Two year,No,Mailed check,63.73,4644.39,No
KTOV-EFAAC,Female,0,No,No,4,Yes,Yes,Fiber optic,Yes,No,Yes,No,Yes,Yes,Month-to-month,No,Mailed check,82.93,305.88,Yes
GHIT-52CB9,Male,0,No,Yes,36,No,No phone service,No,No internet service,No internet service,No internet service,No internet service,No internet service,No internet service,One year,No,Bank transfer (automatic),18.8,614.6,No
WUXG-15DE1,Male,0,Yes,No,2,Yes,Yes,Fiber optic,Yes,No,Yes,Yes,Yes,Yes,Two year,Yes,Bank transfer (automatic),81.73,194.94,No
WMVR-0715C,Female,0,No,Yes,41,No,No phone service,No,No internet service,No internet service,No internet service,No internet service,No internet service,No internet service,Month-to-month,No,Electronic check,18.8,787.61,Yes
RSRA-9783B,Female,0,No,No,5,Yes,Yes,Fiber optic,No,No,Yes,No,Yes,No,One year,No,Credit card (automatic),65.44,274.63,Yes
PKBB-58FB7,Female,0,Yes,No,7,Yes,No,DSL,No,Yes,No,No,No,Yes,Month-to-month,Yes,Bank transfer (automatic),38.1,253.64,No
HEDB-E0D99,Male,0,No,No,34,Yes,No,DSL,Yes,No,No,Yes,No,Yes,Month-to-month,Yes,Electronic check,43.54,1432.11,No
YUDZ-29A3A,Male,1,Yes,No,0,Yes,No,DSL,No,No,No,No,Yes,No,One year,No,Bank transfer (automatic),43.71,43.71,Yes
QZXK-BD0AE,Male,0,Yes,No,42,Yes,No,DSL,Yes,Yes,No,No,No,Yes,Two year,Yes,Bank transfer (automatic),45.72,1948.0,No
DTBK-DFBB4,Male,0,Yes,Yes,47,Yes,No,Fiber optic,Yes,No,No,No,No,Yes,One year,No,Bank transfer (automatic),49.23,2342.67,No
VRYP-08CC6,Female,0,No,No,4,Yes,No,No,No internet service,No internet service,No internet service,No internet service,No internet service,No internet service,Month-to-month,No,Bank transfer (automatic),21.91,38.2,No
EWVW-AD6C7,Female,0,Yes,No,47,Yes,No,Fiber optic,No,Yes,Yes,No,No,Yes,Two year,Yes,Bank transfer (automatic),56.75,2772.66,No
UDHF-6D1BD,Male,0,Yes,No,14,Yes,No,Fiber optic,No,No,Yes,No,No,Yes,One year,No,Electronic check,58.09,756.96,No
RQDP-33D9F,Male,0,Yes,Yes,10,Yes,No,No,No internet service,No internet service,No internet service,No internet service,No internet service,No internet service,Month-to-month,Yes,Bank transfer (automatic),18.8,227.6,No
LJZQ-D08DC,Female,0,Yes,No,11,Yes,No,DSL,No,Yes,Yes,No,No,No,Month-to-month,Yes,Credit card (automatic),48.56,530.07,Yes
SEOC-CA3BB,Male,0,No,No,69,Yes,Yes,Fiber optic,Yes,No,No,No,No,Yes,Two year,Yes,Mailed check,75.42,5293.24,No
BCFB-8E196,Male,0,Yes,No,4,Yes,No,DSL,No,Yes,No,No,No,Yes,Month-to-month,No,Electronic check,46.05,118.68,Yes
VMRX-2542A,Male,0,No,No,70,Yes,No,DSL,No,Yes,No,Yes,Yes,No,Two year,Yes,Bank transfer (automatic),45.86,3261.01,No
AKDP-C7773,Male,0,No,No,14,Yes,No,Fiber optic,No,No,No,No,No,Yes,One year,No,Electronic check,55.85,736.61,Yes
JYBU-21445,Male,0,No,No,43,Yes,Yes,Fiber optic,Yes,No,No,No,No,No,Month-to-month,Yes,Mailed check,68.31,2940.81,Yes
WXSD-FD16C,Male,0,No,No,29,Yes,Yes,No,No internet service,No internet service,No internet service,No internet service,No internet service,No internet service,Month-to-month,Yes,Mailed check,28.07,787.42,No
CBPI-7C8B2,Female,0,Yes,No,10,Yes,Yes,Fiber optic,Yes,Yes,Yes,No,No,No,Month-to-month,No,Credit card (automatic),58.6,585.85,No
AGFI-C2235,Male,0,Yes,Yes,6,Yes,No,Fiber optic,No,No,No,No,Yes,No,Two year,Yes,Electronic check,52.06,302.46,No
FEPC-2D001,Male,0,No,No,20,Yes,Yes,Fiber optic,Yes,No,No,Yes,No,No,Month-to-month,Yes,Mailed check,72.93,1390.8,No
NSSR-05AA5,Female,0,Yes,No,0,Yes,No,DSL,Yes,Yes,Yes,No,Yes,No,Month-to-month,Yes,Bank transfer (automatic),54.43,54.43,Yes
WVTU-FC965,Female,0,No,No,10,Yes,No,Fiber optic,No,Yes,No,No,Yes,No,Month-to-month,Yes,Electronic check,56.28,532.82,No
VHQN-671B1,Female,0,Yes,No,69,Yes,No,Fiber optic,No,No,Yes,No,No,No,Month-to-month,No,Credit card (automatic),54.33,3712.51,Yes
BGNH-EE6F1,Male,0,Yes,Yes,26,Yes,No,No,No internet service,No internet service,No internet service,No internet service,No internet service,No internet service,Month-to-month,Yes,Bank transfer (automatic),18.8,480.17,No
DJYN-BA7EF,Female,0,Yes,No,12,Yes,No,No,No internet service,No internet service,No internet service,No internet service,No internet service,No internet service,Month-to-month,Yes,Bank transfer (automatic),18.8,246.0,No
LSQP-13F3A,Male,1,Yes,No,36,Yes,Yes,No,No internet service,No internet service,No internet service,No internet service,No internet service,No internet service,One year,Yes,Bank transfer (automatic),29.95,1170.77,No
XPFW-0B4A7,Male,1,No,No,36,Yes,Yes,DSL,No,Yes,No,No,No,No,Month-to-month,Yes,Electronic check,51.32,1872.94,Yes
OJNY-D6FEA,Male,0,Yes,No,50,Yes,No,Fiber optic,No,No,Yes,No,Yes,Yes,Two year,No,Credit card (automatic),74.4,3698.84,No
PANF-2D49D,Female,0,No,Yes,4,Yes,Yes,No,No internet service,No internet service,No internet service,No internet service,No internet service,No internet service,Month-to-month,No,Mailed check,26.17,108.38,No
PUUL-EE5D2,Female,0,No,Yes,7,Yes,Yes,Fiber optic,No,Yes,No,No,No,No,One year,Yes,Bank transfer (automatic),50.41,331.72,Yes
CNPP-C6CE1,Female,0,No,No,71,No,No phone service,Fiber optic,No,Yes,Yes,Yes,Yes,Yes,Two year,Yes,Electronic check,65.5,4596.75,No
LFRK-44511,Female,0,Yes,Yes,8,Yes,No,Fiber optic,No,No,Yes,No,No,No,One year,Yes,Electronic check,49.72,411.23,No
QYNY-2F9B0,Female,0,No,Yes,54,Yes,No,Fiber optic,No,No,Yes,No,Yes,No,Month-to-month,Yes,Bank transfer (automatic),53.97,2930.61,No
PJXU-DEB34,Male,1,Yes,No,28,Yes,Yes,Fiber optic,No,No,No,No,Yes,No,One year,Yes,Bank transfer (automatic),67.37,1974.18,Yes
WPXU-92F33,Male,1,No,No,71,Yes,No,No,No internet service,No internet service,No internet service,No internet service,No internet service,No internet service,Month-to-month,Yes,Mailed check,29.67,2149.9,No
DBJV-D755E,Male,0,Yes,Yes,48,No,No phone service,No,No internet service,No internet service,No internet service,No internet service,No internet service,No internet service,Two year,Yes,Electronic check,18.8,855.16,No
BBBX-1F28F,Male,0,Yes,Yes,39,Yes,No,Fiber optic,Yes,Yes,No,No,Yes,Yes,Month-to-month,No,Mailed check,72.38,2695.1,No
DHSV-E0C58,Female,0,No,No,5,Yes,Yes,DSL,No,No,No,No,No,No,Month-to-month,No,Electronic check,37.94,138.24,No
XXEM-49D51,Female,0,No,Yes,36,Yes,Yes,No,No internet service,No internet service,No internet service,No internet service,No internet service,No internet service,Two year,No,Credit card (automatic),21.87,787.21,No
BBJZ-46AA4,Male,0,Yes,No,6,Yes,Yes,DSL,No,Yes,No,No,Yes,No,Month-to-month,No,Bank transfer (automatic),55.62,323.2,No
DEFC-7AAE4,Female,0,Yes,No,66,Yes,No,Fiber optic,No,No,No,Yes,No,No,Two year,No,Electronic check,47.11,3166.91,No
RXAU-18D78,Female,0,No,No,43,Yes,Yes,Fiber optic,No,No,No,Yes,Yes,No,Month-to-month,Yes,Credit card (automatic),66.39,2877.36,No
QPTW-26D67,Male,0,No,No,14,Yes,Yes,Fiber optic,No,Yes,No,No,No,No,Two year,Yes,Electronic check,61.38,910.42,No
TYGY-B0D64,Male,0,Yes,Yes,54,Yes,Yes,Fiber optic,Yes,No,No,No,No,No,Two year,No,Electronic check,58.05,3191.07,No
NOOB-D5299,Female,1,No,Yes,67,No,No phone service,No,No internet service,No internet service,No internet service,No internet service,No internet service,No internet service,Month-to-month,Yes,Electronic check,19.78,1323.56,No
CYPZ-A03F8,Female,0,No,No,10,Yes,Yes,DSL,No,Yes,No,No,No,No,Two year,Yes,Credit card (automatic),43.03,415.0,No
DBNP-33960,Male,0,No,No,8,Yes,No,Fiber optic,No,Yes,No,No,No,No,Two year,No,Electronic check,51.56,468.92,No
BGOH-0EB93,Male,0,No,No,2,Yes,No,DSL,Yes,Yes,No,No,No,No,Two year,No,Mailed check,33.77,89.14,Yes
SYRH-6E031,Male,0,Yes,Yes,11,Yes,No,Fiber optic,No,No,No,Yes,No,No,Month-to-month,No,Bank transfer (automatic),48.93,514.25,No
QLDY-83FB2,Female,0,No,No,3,Yes,Yes,DSL,Yes,No,Yes,No,No,Yes,Month-to-month,Yes,Bank transfer (automatic),51.47,191.05,No
VBXK-40E89,Male,0,Yes,No,36,Yes,No,No,No internet service,No internet service,No internet service,No internet service,No internet service,No internet service,Two year,No,Bank transfer (automatic),25.87,1005.11,No
WNHU-83DD3,Male,1,Yes,No,0,Yes,No,No,No internet service,No internet service,No internet service,No internet service,No internet service,No internet service,Two year,Yes,Bank transfer (automatic),18.8,18.8,No
QXUF-D0980,Female,0,No,Yes,60,Yes,Yes,DSL,No,Yes,No,No,No,No,Two year,Yes,Bank transfer (automatic),44.92,2675.91,No
SHWW-9A0EA,Female,0,Yes,No,10,Yes,No,Fiber optic,No,No,No,No,Yes,No,Two year,No,Bank transfer (automatic),62.0,679.97,Yes
JCNX-D1C16,Female,0,No,Yes,7,Yes,Yes,Fiber optic,No,No,No,No,No,Yes,Month-to-month,No,Mailed check,67.41,566.69,No
LADW-AC970,Female,1,Yes,No,35,Yes,No,Fiber optic,No,Yes,No,Yes,No,No,One year,Yes,Credit card (automatic),54.18,1834.63,No
OUFM-6D213,Female,0,Yes,No,5,Yes,Yes,DSL,No,Yes,No,No,Yes,No,Two year,Yes,Bank transfer (automatic),50.76,269.84,No
EWGJ-4DA7C,Male,0,No,No,13,Yes,No,Fiber optic,Yes,No,No,No,No,Yes,Month-to-month,Yes,Mailed check,65.03,774.63,No
BRJJ-21BDE,Male,0,Yes,No,36,Yes,Yes,DSL,No,No,No,No,No,No,Two year,Yes,Credit card (automatic),46.62,1654.53,Yes
GTCU-9D1C7,Female,0,Yes,No,6,Yes,Yes,DSL,No,No,Yes,No,Yes,No,Month-to-month,Yes,Electronic check,52.85,326.12,Yes
OOSP-661BB,Female,0,No,Yes,0,Yes,No,No,No internet service,No internet service,No internet service,No internet service,No internet service,No internet service,Two year,Yes,Credit card (automatic),24.55,24.55,No
OSGF-EFD08,Female,0,Yes,Yes,1,Yes,No,Fiber optic,No,No,No,Yes,No,No,Month-to-month,Yes,Electronic check,55.02,66.24,Yes
TAZU-48EDD,Female,0,Yes,Yes,44,Yes,No,No,No internet service,No internet service,No internet service,No internet service,No internet service,No internet service,One year,No,Electronic check,18.8,924.92,No
ZTYY-0A572,Female,0,No,Yes,55,Yes,No,Fiber optic,No,No,Yes,No,No,Yes,Month-to-month,No,Electronic check,56.65,3106.07,No
RVKS-5B1E6,Male,0,Yes,Yes,57,Yes,No,Fiber optic,No,No,Yes,Yes,No,Yes,Month-to-month,Yes,Electronic check,64.69,3736.38,No
NUAY-9F839,Male,0,No,No,69,Yes,No,DSL,Yes,No,No,Yes,No,No,Month-to-month,Yes,Electronic check,40.83,2850.6,No
OXOK-25955,Male,0,Yes,No,67,Yes,Yes,DSL,No,No,Yes,Yes,No,No,One year,Yes,Electronic check,55.07,3780.98,No
AYVG-2DDE8,Male,0,Yes,Yes,18,No,No phone service,No,No internet service,No internet service,No internet service,No internet service,No internet service,No internet service,Two year,No,Bank transfer (automatic),20.04,335.68,No
TSFN-4CF11,Female,0,Yes,Yes,62,Yes,Yes,DSL,No,No,Yes,Yes,Yes,No,Two year,No,Bank transfer (automatic),51.33,3181.91,No
GDAZ-9C9BA,Male,0,Yes,No,56,Yes,No,Fiber optic,Yes,No,Yes,Yes,No,No,One year,Yes,Mailed check,62.59,3462.78,No
EDMJ-D4583,Female,1,Yes,No,28,Yes,No,Fiber optic,No,No,No,No,No,Yes,Two year,No,Bank transfer (automatic),54.06,1520.81,No
WAWQ-E4ED7,Female,1,Yes,Yes,5,Yes,Yes,DSL,Yes,No,Yes,No,Yes,No,Month-to-month,Yes,Electronic check,61.69,315.78,No
HFDP-F9FCA,Female,0,Yes,No,7,Yes,No,Fiber optic,No,No,Yes,No,Yes,No,Month-to-month,Yes,Bank transfer (automatic),65.65,511.23,No
SYWE-97E3D,Male,0,Yes,No,9,Yes,Yes,DSL,Yes,Yes,No,No,No,Yes,Month-to-month,No,Credit card (automatic),61.37,550.44,Yes
MYUI-D2086,Female,0,No,No,37,Yes,No,Fiber optic,No,No,No,No,Yes,Yes,One year,Yes,Bank transfer (automatic),67.7,2514.91,No
DZBP-4436A,Male,1,No,No,54,Yes,No,Fiber optic,Yes,Yes,Yes,Yes,Yes,No,Month-to-month,Yes,Electronic check,65.74,3539.73,No
ISLU-758A7,Male,0,Yes,No,5,Yes,No,No,No internet service,No internet service,No internet service,No internet service,No internet service,No internet service,Month-to-month,Yes,Electronic check,18.8,99.81,Yes
XNHA-60054,Female,0,No,Yes,46,Yes,Yes,No,No internet service,No internet service,No internet service,No internet service,No internet service,No internet service,Month-to-month,Yes,Bank transfer (automatic),25.54,1165.19,No
XSUO-1D769,Female,0,No,Yes,52,Yes,Yes,DSL,Yes,No,No,No,No,No,Month-to-month,Yes,Electronic check,49.16,2583.93,Yes
EMPS-8FF11,Female,1,No,No,48,Yes,No,Fiber optic,No,No,No,No,No,No,One year,Yes,Mailed check,40.49,2022.47,No
NVNF-8F27A,Male,0,No,No,0,No,No phone service,Fiber optic,No,No,Yes,No,Yes,Yes,One year,No,Electronic check,69.94,69.94,No
KBRT-AAA50,Female,0,No,No,5,Yes,No,DSL,No,No,No,Yes,Yes,No,Two year,Yes,Electronic check,41.83,136.24,No
ZFVO-80F8D,Male,0,Yes,Yes,62,Yes,No,Fiber optic,No,Yes,No,No,No,Yes,Month-to-month,No,Electronic check,51.14,3183.67,Yes
UDYP-299A5,Female,0,No,No,61,Yes,Yes,DSL,No,No,No,Yes,No,No,One year,Yes,Credit card (automatic),45.84,2791.14,No
YGMV-167CC,Female,0,No,No,63,Yes,No,DSL,No,No,No,Yes,Yes,No,Two year,No,Electronic check,44.64,2747.67,No
UJMA-D47AC,Male,0,Yes,No,6,Yes,No,No,No internet service,No internet service,No internet service,No internet service,No internet service,No internet service,Two year,Yes,Mailed check,18.8,93.48,Yes
CTJK-2B712,Male,0,Yes,No,70,Yes,No,Fiber optic,Yes,No,No,No,No,Yes,One year,Yes,Electronic check,55.55,3886.82,No
SCNS-E242E,Male,1,No,No,6,Yes,Yes,DSL,Yes,No,No,No,Yes,Yes,Two year,No,Electronic check,62.98,279.17,No
PZBS-01655,Male,0,No,No,11,Yes,No,Fiber optic,No,No,Yes,No,No,No,Month-to-month,Yes,Electronic check,52.06,516.57,No
BOIZ-C6C97,Male,0,Yes,No,57,Yes,No,Fiber optic,Yes,No,No,No,No,No,Month-to-month,Yes,Electronic check,59.8,3421.97,No
XPMO-CB82A,Male,0,Yes,No,37,Yes,Yes,Fiber optic,No,No,No,No,No,Yes,Month-to-month,No,Credit card (automatic),62.79,2278.52,No
LYXA-FEE74,Female,0,No,Yes,72,No,No phone service,No,No internet service,No internet service,No internet service,No internet service,No internet service,No internet service,Month-to-month,No,Credit card (automatic),18.8,1468.61,No
PWLZ-4D1DF,Female,0,Yes,No,64,Yes,Yes,Fiber optic,No,Yes,No,No,No,Yes,Month-to-month,No,Credit card (automatic),60.36,3888.9,No
SQKW-24248,Male,0,No,Yes,44,Yes,No,DSL,Yes,No,No,Yes,No,No,Month-to-month,No,Electronic check,35.16,1579.28,No
IKGJ-73EEE,Female,0,Yes,No,6,Yes,No,Fiber optic,No,Yes,Yes,Yes,Yes,Yes,Month-to-month,Yes,Electronic check,67.93,382.35,No
AMUJ-39097,Male,1,Yes,No,26,Yes,No,No,No internet service,No internet service,No internet service,No internet service,No internet service,No internet service,Month-to-month,No,Bank transfer (automatic),22.77,624.84,No
RRNP-0F1FF,Female,1,Yes,Yes,11,Yes,Yes,DSL,No,No,No,No,No,No,Month-to-month,Yes,Electronic check,38.5,397.07,No
STAY-85A85,Female,1,Yes,Yes,65,Yes,Yes,No,No internet service,No internet service,No internet service,No internet service,No internet service,No internet service,Month-to-month,Yes,Electronic check,36.56,2407.16,No
IDXR-4BB22,Male,0,Yes,No,28,Yes,Yes,Fiber optic,Yes,No,No,No,Yes,Yes,Two year,Yes,Mailed check,76.9,2203.46,No
GCVE-C81D2,Male,0,No,No,62,Yes,No,No,No internet service,No internet service,No internet service,No internet service,No internet service,No internet service,Month-to-month,Yes,Electronic check,27.54,1700.23,No
ZAQI-8DC41,Male,0,No,Yes,65,Yes,No,Fiber optic,No,Yes,No,No,No,No,Two year,Yes,Electronic check,45.33,2941.21,No
HVNT-7810B,Female,0,Yes,Yes,63,Yes,No,No,No internet service,No internet service,No internet service,No internet service,No internet service,No internet service,One year,Yes,Bank transfer (automatic),19.98,1289.11,No
FJJQ-FCAD8,Male,0,No,No,4,Yes,No,Fiber optic,No,No,Yes,No,No,No,One year,No,Bank transfer (automatic),50.17,108.93,No
DMZU-55E1E,Female,0,No,No,22,Yes,Yes,DSL,No,No,No,Yes,No,No,One year,Yes,Electronic check,58.5,1339.5,No
RVIQ-507F3,Male,0,Yes,No,7,Yes,Yes,DSL,No,No,Yes,Yes,No,No,Month-to-month,No,Electronic check,54.22,408.51,Yes
EXXW-FFEFB,Female,0,Yes,No,69,Yes,No,Fiber optic,No,No,No,No,Yes,Yes,Two year,Yes,Credit card (automatic),59.68,4026.73,No
ILJN-B309F,Female,0,Yes,No,67,Yes,No,Fiber optic,No,Yes,No,No,No,Yes,Two year,No,Electronic check,60.8,4081.05,No
WAPN-6A6EE,Male,0,No,Yes,8,Yes,Yes,DSL,No,No,No,No,No,No,Month-to-month,Yes,Mailed check,42.85,312.82,No
QLPX-4D91B,Female,0,No,No,66,Yes,No,No,No internet service,No internet service,No internet service,No internet service,No internet service,No internet service,Month-to-month,Yes,Bank transfer (automatic),20.38,1316.43,No
FNYU-B1D50,Female,0,Yes,No,32,Yes,Yes,No,No internet service,No internet service,No internet service,No internet service,No internet service,No internet service,Month-to-month,No,Electronic check,29.0,951.98,Yes
YEID-9D8DE,Male,0,No,Yes,12,No,No phone service,No,No internet service,No internet service,No internet service,No internet service,No internet service,No internet service,Two year,Yes,Bank transfer (automatic),25.98,303.03,No
WEFH-AD5A2,Female,0,Yes,No,9,Yes,No,No,No internet service,No internet service,No internet service,No internet service,No internet service,No internet service,Month-to-month,Yes,Mailed check,18.8,106.11,No
OUKE-6CE9A,Male,1,Yes,No,4,Yes,Yes,Fiber optic,No,Yes,Yes,No,No,No,One year,Yes,Electronic check,59.77,136.62,Yes
KYWZ-D8F99,Male,0,Yes,No,32,Yes,Yes,Fiber optic,No,No,No,No,No,Yes,Month-to-month,Yes,Bank transfer (automatic),66.12,2158.5,No
REVJ-AD14F,Male,1,No,No,48,Yes,Yes,No,No internet service,No internet service,No internet service,No internet service,No internet service,No internet service,Month-to-month,No,Electronic check,24.75,1219.5,No
JROW-86079,Male,0,Yes,No,17,Yes,Yes,Fiber optic,No,Yes,No,Yes,Yes,No,Month-to-month,Yes,Electronic check,77.54,1241.41,Yes
RUUL-146FC,Female,0,No,No,0,Yes,Yes,Fiber optic,No,No,Yes,Yes,No,No,One year,No,Mailed check,63.17,63.17,Yes
XZDA-94D70,Female,0,Yes,No,72,Yes,No,Fiber optic,No,No,Yes,Yes,No,No,One year,Yes,Bank transfer (automatic),51.52,3752.84,No
FIAI-8EA16,Female,0,Yes,No,2,Yes,No,No,No internet service,No internet service,No internet service,No internet service,No internet service,No internet service,Month-to-month,Yes,Electronic check,26.3,75.81,Yes
TJOZ-279CD,Male,0,No,No,14,Yes,No,Fiber optic,Yes,No,No,Yes,No,No,Two year,Yes,Electronic check,55.65,861.31,No
HMVV-DA45A,Female,0,No,No,63,No,No phone service,DSL,No,No,Yes,No,No,No,Month-to-month,No,Bank transfer (automatic),30.51,1901.61,No
GRNL-5C746,Female,0,No,No,6,Yes,Yes,Fiber optic,No,Yes,No,Yes,Yes,Yes,Month-to-month,Yes,Mailed check,83.74,593.22,Yes
MQZI-2F2E2,Male,0,No,Yes,5,Yes,No,DSL,No,Yes,Yes,No,Yes,No,Month-to-month,Yes,Electronic check,35.6,166.92,Yes
JZEE-930BF,Male,0,No,Yes,67,No,No phone service,No,No internet service,No internet service,No internet service,No internet service,No internet service,No internet service,One year,No,Bank transfer (automatic),23.16,1539.62,No
TZNP-F8039,Female,0,Yes,No,12,Yes,No,No,No internet service,No internet service,No internet service,No internet service,No internet service,No internet service,Month-to-month,Yes,Mailed check,18.8,253.85,Yes
WPKI-AE486,Male,0,Yes,No,11,Yes,Yes,Fiber optic,No,Yes,Yes,No,No,Yes,One year,No,Bank transfer (automatic),72.26,721.63,No
GKCN-17E24,Male,0,No,Yes,0,Yes,No,Fiber optic,No,No,Yes,No,Yes,Yes,Month-to-month,No,Bank transfer (automatic),69.97,69.97,No
SXYD-3F8D0,Male,0,No,Yes,70,Yes,No,DSL,Yes,Yes,No,No,No,Yes,One year,Yes,Electronic check,43.36,3154.45,No
DFCX-C6114,Male,0,No,No,71,Yes,No,DSL,No,No,No,No,No,No,Month-to-month,Yes,Mailed check,36.54,2617.2,No
SUOX-EC1EE,Female,0,Yes,No,59,No,No phone service,DSL,No,Yes,No,No,Yes,No,Month-to-month,Yes,Mailed check,44.58,2632.93,No
OPUP-5BC2A,Male,0,Yes,No,8,Yes,No,Fiber optic,No,No,No,No,No,Yes,Month-to-month,No,Credit card (automatic),63.57,426.92,Yes
EOCZ-A7891,Male,1,No,Yes,69,Yes,Yes,DSL,Yes,No,No,Yes,No,No,Month-to-month,No,Credit card (automatic),56.62,3965.23,No
NSGM-52F96,Male,0,Yes,No,14,Yes,Yes,DSL,No,No,No,Yes,Yes,No,Month-to-month,No,Bank transfer (automatic),55.71,754.39,No
IRCO-3ECC2,Male,0,Yes,No,67,Yes,Yes,DSL,No,No,Yes,No,No,No,Month-to-month,No,Mailed check,48.12,3259.7,No
CLJS-B6258,Male,0,Yes,Yes,72,Yes,No,Fiber optic,No,No,No,No,Yes,Yes,Month-to-month,Yes,Mailed check,65.57,4717.56,Yes
GIGB-9FFEA,Male,0,Yes,No,2,Yes,No,Fiber optic,No,Yes,No,No,No,No,Month-to-month,No,Bank transfer (automatic),50.16,124.94,Yes
TBFS-FEA1F,Male,0,No,No,0,Yes,No,No,No internet service,No internet service,No internet service,No internet service,No internet service,No internet service,One year,Yes,Bank transfer (automatic),19.42,19.42,Yes
IBTE-4AFE2,Male,0,No,Yes,27,Yes,Yes,DSL,No,No,Yes,No,Yes,Yes,Month-to-month,No,Credit card (automatic),60.44,1529.71,No
EVIC-9AF7C,Female,0,Yes,No,4,Yes,No,Fiber optic,Yes,Yes,Yes,No,No,Yes,Month-to-month,Yes,Bank transfer (automatic),59.56,230.62,No
NYMR-FE689,Male,0,Yes,No,16,Yes,No,No,No internet service,No internet service,No internet service,No internet service,No internet service,No internet service,Two year,Yes,Electronic check,18.8,322.94,No
DGSB-977D4,Female,0,No,Yes,28,Yes,No,No,No internet service,No internet service,No internet service,No internet service,No internet service,No internet service,One year,Yes,Credit card (automatic),18.8,553.06,No
UUZV-85CE4,Male,0,Yes,Yes,39,Yes,No,DSL,No,No,No,No,Yes,No,Month-to-month,No,Electronic check,41.81,1668.65,Yes
JMCI-2C791,Male,0,No,Yes,24,Yes,Yes,DSL,No,No,Yes,Yes,No,No,Month-to-month,Yes,Bank transfer (automatic),46.89,1189.67,No
OSRU-187EB,Male,0,No,No,4,Yes,Yes,DSL,No,No,Yes,Yes,No,Yes,One year,Yes,Electronic check,62.8,231.68,No
YALS-1A31A,Male,1,No,Yes,36,Yes,Yes,Fiber optic,Yes,No,Yes,No,No,No,Month-to-month,No,Electronic check,63.11,2371.0,No
LKIR-9AC91,Female,0,No,No,44,Yes,No,Fiber optic,No,Yes,No,No,Yes,No,Month-to-month,Yes,Bank transfer (automatic),66.15,2853.27,No
EZHL-6FD7A,Male,0,Yes,No,61,Yes,No,Fiber optic,Yes,No,No,No,Yes,No,Month-to-month,Yes,Credit card (automatic),61.09,3807.5,No
OQYR-18D05,Male,0,No,No,7,Yes,Yes,Fiber optic,Yes,Yes,No,No,No,No,Month-to-month,Yes,Mailed check,64.93,451.56,Yes
FSDQ-1E56C,Female,1,Yes,No,20,Yes,Yes,Fiber optic,No,Yes,Yes,No,Yes,Yes,Month-to-month,No,Electronic check,74.45,1460.84,Yes
JCXC-71B4E,Female,0,Yes,No,16,Yes,No,Fiber optic,No,No,No,No,No,Yes,Month-to-month,Yes,Credit card (automatic),56.11,902.01,No
FRAC-4EF95,Male,0,Yes,No,1,Yes,No,Fiber optic,No,No,No,No,Yes,Yes,Month-to-month,Yes,Credit card (automatic),65.23,75.65,Yes
IFIM-A3083,Female,0,Yes,No,37,Yes,No,DSL,No,Yes,No,No,No,No,One year,No,Mailed check,38.42,1437.34,No
KSXN-E4BF3,Female,0,Yes,No,0,Yes,No,Fiber optic,No,Yes,No,Yes,No,No,Two year,No,Electronic check,51.2,51.2,No
TMWH-FCB01,Female,0,Yes,No,7,Yes,Yes,DSL,No,No,No,Yes,Yes,Yes,Month-to-month,No,Electronic check,68.37,462.39,No
RMIV-775F5,Male,0,No,No,12,Yes,No,DSL,Yes,Yes,No,Yes,No,No,Month-to-month,Yes,Mailed check,46.85,564.37,No
GRAP-93C0F,Male,1,No,No,37,Yes,No,DSL,No,No,No,No,No,Yes,Two year,Yes,Credit card (automatic),45.72,1708.28,Yes
WEMF-957F9,Male,0,Yes,No,52,Yes,No,No,No internet service,No internet service,No internet service,No internet service,No internet service,No internet service,Month-to-month,Yes,Electronic check,18.8,978.33,No
WQMA-1888D,Female,0,No,No,70,Yes,Yes,No,No internet service,No internet service,No internet service,No internet service,No internet service,No internet service,One year,Yes,Mailed check,30.64,2175.0,No
CRTQ-3602C,Male,0,Yes,No,35,Yes,No,No,No internet service,No internet service,No internet service,No internet service,No internet service,No internet service,One year,No,Credit card (automatic),18.8,588.84,No
QWRG-DB30C,Female,0,No,No,4,Yes,No,No,No internet service,No internet service,No internet service,No internet service,No internet service,No internet service,Two year,No,Credit card (automatic),20.89,128.34,No
SCMX-CD615,Male,1,Yes,Yes,15,Yes,Yes,No,No internet service,No internet service,No internet service,No internet service,No internet service,No internet service,Month-to-month,No,Electronic check,32.52,527.21,No
RVQB-92968,Male,0,No,No,52,No,No phone service,DSL,No,No,No,Yes,Yes,No,One year,No,Bank transfer (automatic),53.44,2716.61,No
PQAZ-9861A,Female,0,Yes,Yes,1,Yes,Yes,DSL,Yes,Yes,No,No,No,Yes,Month-to-month,Yes,Bank transfer (automatic),62.33,23.39,No
JXRL-08D7A,Male,0,No,Yes,44,Yes,Yes,DSL,No,No,No,No,No,Yes,Month-to-month,Yes,Mailed check,56.68,2456.04,No
DKUL-E6CAF,Female,0,Yes,No,62,Yes,Yes,No,No internet service,No internet service,No internet service,No internet service,No internet service,No internet service,Two year,No,Electronic check,31.46,2014.23,No
NMJQ-F2EFC,Female,0,Yes,No,49,Yes,Yes,No,No internet service,No internet service,No internet service,No internet service,No internet service,No internet service,Two year,No,Electronic check,31.58,1609.42,No
PWGQ-CC96F,Male,1,Yes,No,41,Yes,Yes,DSL,Yes,No,No,No,No,Yes,Month-to-month,Yes,Mailed check,50.53,2062.79,No
RUQW-78C83,Female,1,Yes,No,8,Yes,Yes,No,No internet service,No internet service,No internet service,No internet service,No internet service,No internet service,One year,No,Mailed check,34.55,361.15,No
TJCJ-0EF4E,Male,0,No,Yes,68,No,No phone service,DSL,No,No,No,No,Yes,No,Month-to-month,No,Credit card (automatic),48.56,3325.92,No
SYEB-E49E5,Male,0,No,No,43,Yes,No,Fiber optic,No,Yes,Yes,Yes,No,No,Month-to-month,No,Electronic check,57.8,2433.1,No
CULA-58E38,Female,0,Yes,No,59,Yes,Yes,Fiber optic,No,No,Yes,No,No,No,Two year,Yes,Electronic check,63.48,3731.25,No
EHGN-A11B4,Male,1,No,Yes,10,Yes,Yes,DSL,No,Yes,No,Yes,Yes,Yes,Two year,Yes,Electronic check,61.37,597.29,Yes
QBPX-79441,Female,0,Yes,No,19,Yes,No,Fiber optic,No,Yes,No,No,No,Yes,One year,No,Mailed check,56.25,1103.37,No
MYDK-D7C69,Male,0,No,No,66,Yes,No,Fiber optic,No,Yes,No,No,No,Yes,Two year,Yes,Bank transfer (automatic),57.66,3835.22,No
ZPUS-12957,Male,0,Yes,No,8,Yes,No,Fiber optic,No,No,No,Yes,Yes,No,Month-to-month,No,Bank transfer (automatic),63.71,531.29,No
MUZZ-1BBD6,Male,0,No,No,43,Yes,No,Fiber optic,No,Yes,No,No,No,No,Two year,No,Bank transfer (automatic),41.82,1766.51,Yes
NLJG-A0BD3,Male,1,Yes,No,40,Yes,No,No,No internet service,No internet service,No internet service,No internet service,No internet service,No internet service,One year,No,Credit card (automatic),22.83,922.09,No
FNWC-63DE1,Male,0,No,No,1,Yes,No,Fiber optic,No,No,No,Yes,No,No,Month-to-month,No,Electronic check,63.14,0.0,Yes
DEVX-52AEE,Female,0,Yes,No,6,Yes,Yes,DSL,No,No,No,Yes,No,No,One year,Yes,Mailed check,50.35,369.97,Yes
LUYV-7455F,Female,0,No,No,0,Yes,Yes,Fiber optic,No,No,No,No,No,Yes,Two year,No,Bank transfer (automatic),71.65,71.65,No
TWUM-CAB43,Female,0,No,No,68,Yes,No,Fiber optic,Yes,No,No,Yes,Yes,No,Month-to-month,Yes,Mailed check,69.09,4633.27,No
EHZY-28FC9,Female,0,Yes,No,30,Yes,No,DSL,No,No,Yes,Yes,Yes,No,Month-to-month,Yes,Mailed check,42.96,1291.62,Yes
PIYC-DD48E,Female,0,No,Yes,30,Yes,Yes,Fiber optic,No,No,Yes,No,No,Yes,Month-to-month,No,Electronic check,65.57,1895.71,No
MHBL-4DD53,Female,0,No,No,5,Yes,No,Fiber optic,No,No,No,No,No,No,Month-to-month,Yes,Electronic check,53.19,253.71,No
HKRD-FB25B,Male,0,No,No,9,Yes,Yes,No,No internet service,No internet service,No internet service,No internet service,No internet service,No internet service,Month-to-month,Yes,Electronic check,33.78,310.42,Yes
NNBK-9B783,Male,0,No,No,21,Yes,No,DSL,No,Yes,Yes,No,No,No,One year,Yes,Bank transfer (automatic),33.79,744.31,No
USTR-FEC51,Female,0,No,No,38,No,No phone service,Fiber optic,No,No,No,No,Yes,Yes,Month-to-month,Yes,Electronic check,64.05,2394.86,Yes
AUXQ-B1992,Female,0,No,No,3,Yes,No,DSL,No,Yes,Yes,No,No,Yes,Two year,Yes,Mailed check,41.27,80.0,Yes
TIFS-68896,Male,0,No,No,69,Yes,Yes,No,No internet service,No internet service,No internet service,No internet service,No internet service,No internet service,Two year,No,Credit card (automatic),34.94,2322.15,No
VWME-4C4CA,Male,0,Yes,No,56,Yes,No,Fiber optic,Yes,Yes,Yes,No,Yes,No,One year,Yes,Electronic check,53.38,2998.56,No
LDOS-2D368,Male,0,No,No,53,Yes,Yes,No,No internet service,No internet service,No internet service,No internet service,No internet service,No internet service,One year,No,Mailed check,36.12,1897.49,No
TFIU-59608,Female,0,No,No,11,Yes,No,Fiber optic,Yes,Yes,No,No,Yes,No,Month-to-month,Yes,Bank transfer (automatic),64.46,633.19,No
JGWU-48B01,Female,0,No,No,39,Yes,No,DSL,No,No,No,No,No,No,Two year,No,Electronic check,26.75,994.32,No
OYYL-B7E9E,Female,1,Yes,No,8,Yes,Yes,Fiber optic,No,No,No,Yes,Yes,Yes,Two year,Yes,Electronic check,80.18,646.62,No
JYST-0C2E3,Male,0,Yes,No,34,Yes,Yes,Fiber optic,No,No,Yes,No,No,Yes,Month-to-month,No,Bank transfer (automatic),60.1,1987.21,Yes
VQKX-611D6,Male,0,No,No,9,Yes,No,Fiber optic,No,No,No,No,Yes,Yes,One year,Yes,Bank transfer (automatic),65.83,638.03,No
VABZ-2B581,Female,0,No,Yes,2,Yes,Yes,Fiber optic,No,Yes,No,No,No,Yes,Month-to-month,Yes,Credit card (automatic),72.9,67.36,Yes
GTNN-F6CB7,Female,0,Yes,Yes,8,No,No phone service,Fiber optic,No,No,No,Yes,Yes,Yes,Month-to-month,Yes,Bank transfer (automatic),78.24,593.44,No
HJWH-A15E8,Male,1,Yes,No,10,Yes,Yes,Fiber optic,No,No,No,No,Yes,Yes,Two year,Yes,Electronic check,79.35,803.89,No
VGTZ-E6AED,Male,0,Yes,No,50,Yes,Yes,Fiber optic,Yes,Yes,No,No,Yes,No,Month-to-month,Yes,Electronic check,65.61,3280.46,No
ZANU-B2921,Male,1,No,No,34,Yes,Yes,DSL,Yes,Yes,No,Yes,No,No,Month-to-month,Yes,Electronic check,49.27,1711.23,No
CYHL-4EEAD,Male,0,Yes,No,13,Yes,Yes,No,No internet service,No internet service,No internet service,No internet service,No internet service,No internet service,Month-to-month,Yes,Bank transfer (automatic),34.92,499.62,No
CZKK-3E2DB,Female,1,No,No,24,Yes,No,Fiber optic,Yes,No,Yes,Yes,No,No,One year,No,Mailed check,52.99,1210.17,No
UATZ-6717A,Male,1,No,No,57,Yes,No,Fiber optic,No,No,Yes,No,No,No,Month-to-month,No,Credit card (automatic),55.86,3254.92,No
HTCR-93539,Male,1,No,Yes,11,Yes,No,DSL,Yes,No,No,No,No,No,Two year,Yes,Electronic check,37.88,471.0,No
QOFF-C764E,Male,0,Yes,No,30,Yes,No,Fiber optic,No,No,Yes,No,No,Yes,Month-to-month,Yes,Credit card (automatic),63.08,1899.86,No
GTUG-034B8,Female,0,No,No,6,Yes,Yes,No,No internet service,No internet service,No internet service,No internet service,No internet service,No internet service,Two year,Yes,Electronic check,32.9,211.0,No
LMYY-0D5CF,Female,0,No,No,8,No,No phone service,Fiber optic,No,No,No,Yes,Yes,Yes,Month-to-month,No,Bank transfer (automatic),64.11,520.1,No
NQLB-05D56,Male,0,Yes,No,9,Yes,Yes,Fiber optic,Yes,Yes,No,Yes,No,No,Month-to-month,Yes,Bank transfer (automatic),62.27,572.83,No
NIMP-DCD8B,Male,1,No,Yes,40,Yes,Yes,No,No internet service,No internet service,No internet service,No internet service,No internet service,No internet service,Month-to-month,Yes,Bank transfer (automatic),26.44,1072.38,No
DDXP-16F07,Male,0,No,No,72,No,No phone service,No,No internet service,No internet service,No internet service,No internet service,No internet service,No internet service,Month-to-month,Yes,Credit card (automatic),18.8,1361.15,No
VYJX-B6CC4,Female,1,No,Yes,9,Yes,No,No,No internet service,No internet service,No internet service,No internet service,No internet service,No internet service,Two year,No,Electronic check,19.3,98.91,No
CUCU-5B900,Female,0,No,No,72,Yes,No,DSL,Yes,No,No,No,Yes,Yes,Two year,No,Mailed check,50.26,3582.2,No
QNBZ-3D138,Female,0,Yes,No,5,Yes,No,Fiber optic,No,Yes,No,No,Yes,No,Two year,No,Electronic check,67.07,416.69,Yes
NPEG-47E7F,Male,0,Yes,No,66,Yes,No,Fiber optic,Yes,No,Yes,Yes,No,No,Month-to-month,No,Mailed check,62.73,4186.47,No
GGCF-46B7A,Female,0,Yes,No,38,Yes,Yes,Fiber optic,No,No,No,No,Yes,No,One year,Yes,Electronic check,66.9,2493.31,No
CYDA-6A32D,Male,0,No,No,59,Yes,Yes,No,No internet service,No internet service,No internet service,No internet service,No internet service,No internet service,Month-to-month,Yes,Mailed check,34.21,1951.06,No
VTFN-B62DF,Male,0,No,Yes,36,No,No phone service,DSL,No,No,No,Yes,Yes,Yes,Two year,Yes,Electronic check,55.94,1950.47,No
ESXO-0BE42,Male,1,Yes,No,10,Yes,Yes,No,No internet service,No internet service,No internet service,No internet service,No internet service,No internet service,Month-to-month,No,Mailed check,30.06,220.24,No
GVOA-9D293,Female,0,Yes,No,19,Yes,No,Fiber optic,No,No,No,Yes,No,Yes,Two year,Yes,Bank transfer (automatic),60.76,1182.6,No
AKUR-12855,Male,0,No,Yes,12,Yes,No,Fiber optic,No,No,No,No,Yes,No,Month-to-month,Yes,Credit card (automatic),63.27,783.24,Yes
LTOW-178C8,Female,0,No,No,1,Yes,Yes,Fiber optic,No,No,No,No,Yes,No,Month-to-month,Yes,Credit card (automatic),65.67,133.85,Yes
XVRK-58703,Female,0,Yes,No,49,Yes,Yes,Fiber optic,No,Yes,No,No,No,No,Month-to-month,No,Mailed check,64.35,3159.95,No
VLYG-FC59F,Male,0,No,No,61,Yes,Yes,No,No internet service,No internet service,No internet service,No internet service,No internet service,No internet service,Two year,No,Credit card (automatic),33.27,2125.3,No
QYCE-05CF8,Male,0,No,No,72,Yes,No,Fiber optic,No,Yes,No,No,No,Yes,Two year,Yes,Credit card (automatic),60.2,4391.56,No
KYPN-13BB7,Female,0,Yes,No,12,Yes,No,Fiber optic,Yes,Yes,No,No,No,No,Month-to-month,Yes,Credit card (automatic),54.6,659.69,No
SRBV-B33F4,Male,0,Yes,Yes,61,Yes,No,Fiber optic,No,No,No,No,Yes,No,Month-to-month,No,Mailed check,63.58,3915.27,No
AAFQ-7B336,Female,0,Yes,Yes,66,Yes,No,DSL,Yes,Yes,Yes,Yes,Yes,Yes,Month-to-month,No,Credit card (automatic),55.93,3725.46,No
UNTC-66154,Male,1,Yes,No,64,Yes,Yes,Fiber optic,No,No,Yes,No,Yes,No,Month-to-month,Yes,Electronic check,62.26,3979.59,No
LEHY-2D816,Female,0,No,No,1,Yes,No,Fiber optic,No,No,Yes,No,Yes,No,Month-to-month,No,Bank transfer (automatic),57.26,97.99,Yes
NHGS-0E562,Female,0,Yes,Yes,58,Yes,No,No,No internet service,No internet service,No internet service,No internet service,No internet service,No internet service,Month-to-month,Yes,Credit card (automatic),19.52,1087.42,No
WFUI-0687F,Female,0,Yes,Yes,51,Yes,Yes,Fiber optic,No,No,No,No,Yes,No,Month-to-month,No,Credit card (automatic),67.41,3472.71,No
NUJD-786CF,Female,0,No,No,9,Yes,No,Fiber optic,No,No,Yes,No,Yes,No,One year,Yes,Credit card (automatic),60.17,480.24,No
CBHP-0366D,Male,0,Yes,No,54,Yes,No,Fiber optic,Yes,No,No,No,No,No,Two year,No,Bank transfer (automatic),54.63,2990.45,No
OWTK-FD7D4,Male,0,No,No,50,Yes,No,Fiber optic,No,No,No,Yes,Yes,No,One year,Yes,Bank transfer (automatic),63.01,3169.6,No
FUUF-C88D2,Female,0,Yes,Yes,54,Yes,No,Fiber optic,No,No,No,No,No,No,Month-to-month,No,Electronic check,50.37,2735.84,Yes
KHOE-1B06F,Female,0,No,No,3,Yes,Yes,Fiber optic,No,Yes,No,No,No,No,Month-to-month,Yes,Mailed check,60.54,253.11,No
ZEYI-38756,Male,0,No,No,3,Yes,No,Fiber optic,No,No,No,No,No,No,Month-to-month,Yes,Electronic check,46.36,189.1,No
CGFY-787EC,Male,0,Yes,No,32,Yes,Yes,DSL,No,No,No,No,No,No,Month-to-month,Yes,Mailed check,38.14,1181.48,Yes
RIIY-E455C,Male,0,No,No,3,No,No phone service,Fiber optic,Yes,No,Yes,No,Yes,No,Month-to-month,No,Credit card (automatic),63.55,186.09,Yes
YXVJ-5E63D,Male,0,Yes,Yes,72,Yes,No,No,No internet service,No internet service,No internet service,No internet service,No internet service,No internet service,Two year,No,Bank transfer (automatic),21.14,1602.97,No
MCXH-484DB,Male,0,No,No,6,Yes,Yes,DSL,No,No,No,No,Yes,No,Month-to-month,Yes,Electronic check,63.27,394.26,No
OFMH-FC18C,Male,0,No,No,1,No,No phone service,Fiber optic,Yes,No,No,No,No,No,One year,Yes,Electronic check,45.13,0.0,No
NDDT-88446,Female,0,Yes,No,67,Yes,No,No,No internet service,No internet service,No internet service,No internet service,No internet service,No internet service,Month-to-month,No,Credit card (automatic),28.27,1862.24,No
OMWE-73060,Male,0,No,Yes,4,Yes,No,DSL,No,Yes,Yes,No,No,No,Month-to-month,No,Mailed check,26.68,114.34,No
JQJR-46E38,Male,0,Yes,No,8,Yes,Yes,DSL,No,No,No,No,Yes,No,Month-to-month,Yes,Electronic check,46.52,345.72,Yes
SJHS-14638,Female,1,No,No,50,Yes,Yes,Fiber optic,No,Yes,Yes,Yes,No,Yes,Month-to-month,Yes,Bank transfer (automatic),72.78,3651.04,No
QZPP-B37D2,Male,0,Yes,Yes,7,Yes,No,No,No internet service,No internet service,No internet service,No internet service,No internet service,No internet service,Month-to-month,Yes,Electronic check,21.91,179.89,Yes
HFYJ-5DE0E,Male,0,No,No,1,Yes,No,No,No internet service,No internet service,No internet service,No internet service,No internet service,No internet service,Month-to-month,Yes,Electronic check,22.28,0.0,Yes
SWCB-5D7B3,Male,0,Yes,No,16,Yes,Yes,DSL,No,No,No,No,No,Yes,Month-to-month,Yes,Bank transfer (automatic),51.53,795.03,No
IWMU-A2FFC,Male,0,No,No,49,Yes,Yes,No,No internet service,No internet service,No internet service,No internet service,No internet service,No internet service,Month-to-month,Yes,Mailed check,28.74,1372.87,Yes
MLHQ-4206D,Male,0,No,Yes,40,Yes,Yes,Fiber optic,No,Yes,No,No,Yes,Yes,Month-to-month,No,Mailed check,84.46,3381.54,No
UWPW-CC816,Female,0,No,No,10,Yes,Yes,No,No internet service,No internet service,No internet service,No internet service,No internet service,No internet service,Month-to-month,No,Electronic check,27.92,184.7,Yes
WTAC-AFBF1,Male,0,Yes,Yes,47,Yes,Yes,DSL,No,No,No,No,Yes,No,Month-to-month,Yes,Electronic check,51.86,2537.35,No
WDWZ-8878D,Female,1,No,Yes,10,Yes,No,Fiber optic,Yes,No,No,No,Yes,Yes,Two year,No,Electronic check,60.49,571.5,No
HHZW-83FE5,Female,0,Yes,No,64,Yes,No,No,No internet service,No internet service,No internet service,No internet service,No internet service,No internet service,Month-to-month,Yes,Bank transfer (automatic),18.8,1086.38,No
OKVR-7F97E,Male,0,Yes,No,4,Yes,No,No,No internet service,No internet service,No internet service,No internet service,No internet service,No internet service,Two year,No,Credit card (automatic),18.8,201.31,Yes
LKKF-41B9E,Female,0,Yes,Yes,5,No,No phone service,DSL,Yes,Yes,No,Yes,No,No,Month-to-month,Yes,Mailed check,39.32,91.26,No
PCQE-0A06E,Male,0,Yes,No,64,Yes,Yes,DSL,No,Yes,Yes,No,No,No,Month-to-month,No,Bank transfer (automatic),42.29,2746.28,No
GSJC-3122E,Female,0,No,Yes,44,Yes,Yes,No,No internet service,No internet service,No internet service,No internet service,No internet service,No internet service,Two year,No,Credit card (automatic),29.39,1358.77,No
UJSF-A3A5D,Female,0,Yes,No,67,No,No phone service,DSL,No,No,Yes,No,No,No,Month-to-month,No,Electronic check,33.28,2266.71,No
VIBI-469F1,Male,0,No,Yes,24,Yes,No,DSL,No,No,No,No,No,No,One year,Yes,Electronic check,36.96,823.75,Yes
OEOQ-C82E6,Male,0,Yes,No,59,Yes,No,Fiber optic,No,Yes,Yes,Yes,Yes,No,Month-to-month,Yes,Mailed check,59.59,3515.55,No
MQGZ-02F7E,Male,0,Yes,No,62,Yes,No,DSL,Yes,No,Yes,No,Yes,No,One year,No,Electronic check,44.96,2775.66,No
XZSR-9A4D2,Male,0,No,No,9,Yes,Yes,DSL,No,No,No,No,No,No,Month-to-month,No,Electronic check,40.38,298.75,Yes
MJTG-3C7BE,Male,1,Yes,No,3,Yes,No,No,No internet service,No internet service,No internet service,No internet service,No internet service,No internet service,Month-to-month,No,Mailed check,26.59,70.53,Yes
VKEY-4CC72,Female,0,Yes,No,52,No,No phone service,DSL,No,No,Yes,Yes,No,No,Month-to-month,Yes,Bank transfer (automatic),49.02,2650.15,No
MDJJ-82D1F,Female,0,Yes,No,42,Yes,No,DSL,No,Yes,No,No,Yes,Yes,Two year,Yes,Electronic check,53.69,2291.77,No
IMWR-099E9,Female,0,No,Yes,62,Yes,No,Fiber optic,No,Yes,No,Yes,No,No,Two year,Yes,Bank transfer (automatic),53.38,3360.19,No
ZNFN-E060D,Female,0,No,Yes,10,Yes,Yes,Fiber optic,No,Yes,No,No,No,No,Two year,Yes,Electronic check,57.53,600.54,No
NSZV-6E7FF,Female,0,Yes,No,25,Yes,Yes,Fiber optic,No,No,No,No,No,Yes,Two year,No,Mailed check,62.25,1490.31,Yes
FUSU-282ED,Female,0,Yes,Yes,38,Yes,No,No,No internet service,No internet service,No internet service,No internet service,No internet service,No internet service,Month-to-month,No,Electronic check,18.8,735.73,No
PDRL-C165F,Female,0,No,No,15,Yes,No,DSL,No,No,Yes,No,No,No,Month-to-month,Yes,Mailed check,38.71,650.57,No
HZXP-230CB,Male,0,No,No,8,Yes,No,No,No internet service,No internet service,No internet service,No internet service,No internet service,No internet service,One year,No,Mailed check,27.67,207.2,No
ITPV-13C5F,Male,0,Yes,No,10,Yes,No,Fiber optic,No,No,No,No,No,No,One year,No,Mailed check,53.81,493.98,Yes
WCKT-2D118,Female,0,No,No,27,Yes,No,Fiber optic,No,No,Yes,No,Yes,Yes,Month-to-month,Yes,Credit card (automatic),56.39,1515.54,Yes
GQKH-D2722,Female,0,Yes,Yes,67,Yes,Yes,DSL,No,No,No,Yes,Yes,No,Month-to-month,Yes,Mailed check,60.77,4071.22,No
FGKM-201AF,Male,0,Yes,Yes,48,Yes,Yes,DSL,No,No,No,Yes,No,No,Month-to-month,Yes,Electronic check,48.64,2338.63,No
AAUS-B2D92,Male,1,Yes,Yes,42,Yes,Yes,DSL,No,Yes,Yes,No,Yes,Yes,Two year,No,Credit card (automatic),61.99,2555.91,No
DPUU-98B25,Male,0,No,Yes,21,Yes,Yes,Fiber optic,No,Yes,No,Yes,Yes,Yes,Month-to-month,Yes,Mailed check,77.94,1614.68,No
CVPU-7EE9D,Male,1,Yes,No,4,Yes,Yes,DSL,Yes,No,No,Yes,Yes,No,Month-to-month,Yes,Credit card (automatic),51.55,138.65,No
RSGZ-2B91C,Female,0,No,No,3,Yes,Yes,Fiber optic,Yes,Yes,No,Yes,No,No,Month-to-month,Yes,Mailed check,62.89,251.26,No
CNVD-58E61,Male,0,Yes,No,72,Yes,Yes,Fiber optic,No,No,No,No,No,No,Month-to-month,No,Credit card (automatic),59.84,4302.44,No
DFWU-6DED0,Female,0,Yes,No,55,Yes,Yes,Fiber optic,No,No,Yes,No,Yes,Yes,One year,Yes,Electronic check,71.4,3975.67,No
CSJE-A5E93,Female,0,No,Yes,59,Yes,Yes,DSL,Yes,No,Yes,No,Yes,Yes,Month-to-month,Yes,Electronic check,63.76,3732.96,No
YPHD-8BD26,Female,0,Yes,Yes,7,Yes,No,DSL,No,Yes,No,Yes,No,Yes,One year,Yes,Electronic check,46.37,309.37,No
ZRCX-A7CA4,Male,0,Yes,No,8,Yes,No,No,No internet service,No internet service,No internet service,No internet service,No internet service,No internet service,Month-to-month,Yes,Mailed check,23.28,275.12,Yes
UGFP-0A8B2,Male,0,Yes,Yes,30,Yes,No,DSL,No,No,No,No,Yes,No,One year,Yes,Mailed check,39.96,1239.22,No
PLEL-ED2D9,Female,1,Yes,No,65,Yes,No,Fiber optic,No,Yes,No,No,No,No,Month-to-month,No,Bank transfer (automatic),48.17,3131.13,No
BXNX-12E38,Female,0,Yes,No,0,Yes,No,DSL,Yes,No,No,No,Yes,No,Two year,Yes,Electronic check,43.29,43.29,No
PYIT-BB814,Female,0,Yes,No,22,Yes,No,Fiber optic,No,No,No,No,No,No,Month-to-month,Yes,Credit card (automatic),50.17,1149.6,No
OKER-7C851,Male,0,Yes,No,9,Yes,No,Fiber optic,No,Yes,No,No,No,No,Month-to-month,Yes,Electronic check,52.19,465.8,Yes
CNJS-A4C9E,Female,0,Yes,Yes,13,Yes,No,Fiber optic,Yes,Yes,Yes,Yes,No,No,Month-to-month,Yes,Credit card (automatic),56.74,730.19,No
YZDN-0EB49,Male,0,No,No,10,Yes,No,Fiber optic,Yes,No,No,No,No,No,One year,No,Mailed check,43.02,460.22,Yes
OOOZ-C6C24,Female,0,Yes,No,29,Yes,No,Fiber optic,No,No,Yes,No,Yes,No,Month-to-month,Yes,Electronic check,64.26,1874.96,Yes
DXAX-DFC7C,Female,0,Yes,Yes,4,Yes,Yes,Fiber optic,Yes,No,No,No,Yes,Yes,One year,No,Electronic check,72.2,398.86,No
ZXUT-AE68D,Female,0,No,No,10,Yes,No,Fiber optic,No,No,No,Yes,No,Yes,One year,Yes,Credit card (automatic),66.12,700.2,No
GTCP-0FD32,Male,0,No,Yes,4,Yes,No,Fiber optic,No,Yes,Yes,Yes,No,No,Two year,Yes,Electronic check,63.8,171.33,No
QXIY-77545,Male,1,Yes,No,52,Yes,No,DSL,No,Yes,No,No,Yes,No,Month-to-month,No,Credit card (automatic),47.82,2345.97,No
EJHB-502B0,Female,0,Yes,No,4,Yes,No,DSL,No,No,No,No,Yes,No,Month-to-month,No,Credit card (automatic),48.65,145.01,No
IRAT-103D0,Male,0,No,Yes,66,Yes,No,Fiber optic,No,No,No,Yes,No,No,Month-to-month,Yes,Credit card (automatic),53.94,3546.89,Yes
CYPO-06988,Female,0,Yes,Yes,68,Yes,No,DSL,No,Yes,No,No,No,No,Month-to-month,Yes,Bank transfer (automatic),40.36,2766.54,No
CZSG-F42E2,Male,1,No,Yes,46,Yes,No,Fiber optic,No,No,No,No,Yes,Yes,Two year,Yes,Bank transfer (automatic),70.83,3363.96,No
BQGD-12FAD,Male,0,No,Yes,40,Yes,Yes,DSL,No,No,No,No,No,No,Two year,No,Electronic check,48.58,1904.6,No
QOFZ-D81C5,Male,1,No,Yes,5,Yes,No,DSL,No,Yes,No,No,No,No,Month-to-month,Yes,Electronic check,38.45,157.81,Yes
FTVP-19EA4,Female,1,Yes,Yes,36,Yes,Yes,DSL,No,Yes,No,No,No,No,Month-to-month,Yes,Mailed check,42.43,1502.68,No
QGWV-9261C,Male,1,No,Yes,43,Yes,Yes,DSL,No,No,No,Yes,Yes,No,Month-to-month,Yes,Credit card (automatic),55.17,2376.51,Yes
RGWT-E4274,Male,0,No,No,38,Yes,No,DSL,No,Yes,Yes,No,Yes,Yes,One year,Yes,Electronic check,41.36,1571.78,No
TLQE-1F72C,Female,0,No,No,70,Yes,No,Fiber optic,No,Yes,No,No,No,Yes,One year,No,Credit card (automatic),60.37,4224.42,No
DZKM-41657,Female,0,Yes,No,11,Yes,Yes,Fiber optic,No,No,No,No,Yes,No,Month-to-month,Yes,Mailed check,63.63,777.18,Yes
MQBJ-DF856,Female,0,No,Yes,59,Yes,Yes,DSL,No,Yes,No,Yes,Yes,No,Month-to-month,No,Electronic check,69.86,4079.33,No
UKYA-98772,Female,0,No,Yes,38,Yes,No,Fiber optic,Yes,Yes,Yes,No,No,No,One year,No,Electronic check,54.66,2050.92,No
IJRP-6890E,Male,0,No,No,20,No,No phone service,Fiber optic,Yes,No,No,No,No,No,Month-to-month,Yes,Credit card (automatic),44.28,806.3,No
XJTK-1D459,Male,0,No,No,64,Yes,Yes,DSL,Yes,No,No,Yes,No,No,One year,No,Credit card (automatic),56.43,3496.45,No
LGUJ-9AE77,Male,0,Yes,No,3,Yes,Yes,DSL,No,No,No,No,No,No,One year,No,Credit card (automatic),44.17,123.12,No
XMHB-53488,Male,0,No,Yes,29,Yes,No,DSL,No,No,No,Yes,No,Yes,Month-to-month,Yes,Mailed check,44.83,1192.88,No
EMLB-4B047,Male,0,Yes,No,4,Yes,No,No,No internet service,No internet service,No internet service,No internet service,No internet service,No internet service,One year,Yes,Electronic check,18.8,54.5,Yes
EQSI-3C320,Female,0,No,No,11,Yes,No,Fiber optic,Yes,No,No,Yes,No,Yes,Month-to-month,No,Credit card (automatic),68.02,693.18,Yes
CWYO-EB6B6,Male,0,Yes,No,53,No,No phone service,Fiber optic,Yes,No,No,No,Yes,No,One year,Yes,Mailed check,61.35,3261.43,No
ZWVN-81A18,Male,0,Yes,No,13,Yes,No,Fiber optic,No,No,Yes,No,No,Yes,Month-to-month,Yes,Bank transfer (automatic),61.36,786.24,No
DMUI-94422,Male,1,No,No,48,Yes,No,No,No internet service,No internet service,No internet service,No internet service,No internet service,No internet service,Month-to-month,No,Bank transfer (automatic),18.8,851.85,Yes
JDXT-3E58B,Female,0,Yes,No,6,Yes,No,DSL,No,Yes,No,No,No,No,Month-to-month,Yes,Electronic check,34.1,272.87,Yes
UAHI-9D771,Female,0,No,No,9,Yes,No,No,No internet service,No internet service,No internet service,No internet service,No internet service,No internet service,Two year,No,Electronic check,22.47,120.38,No
NMQW-90D77,Male,0,No,Yes,2,No,No phone service,Fiber optic,Yes,No,Yes,No,No,No,One year,Yes,Credit card (automatic),53.9,53.69,No
WPUW-7F2DD,Female,0,Yes,Yes,32,Yes,Yes,Fiber optic,Yes,Yes,Yes,Yes,No,Yes,One year,No,Mailed check,64.53,1994.08,No
CDAH-F1075,Female,0,Yes,No,23,Yes,No,DSL,Yes,No,Yes,No,No,Yes,One year,Yes,Electronic check,36.02,775.06,No
QPVK-70F39,Female,0,No,Yes,0,Yes,Yes,Fiber optic,Yes,Yes,Yes,No,No,Yes,Month-to-month,Yes,Credit card (automatic),63.26,63.26,Yes
WPQE-B3B97,Female,0,Yes,No,72,Yes,No,Fiber optic,No,No,Yes,No,No,Yes,One year,No,Bank transfer (automatic),62.49,4566.49,Yes
SSFJ-72507,Female,0,No,No,15,Yes,No,Fiber optic,Yes,No,No,Yes,No,No,Two year,Yes,Mailed check,59.44,926.04,No
FFVD-150DF,Female,0,No,No,72,Yes,Yes,Fiber optic,No,No,Yes,No,Yes,No,Month-to-month,No,Credit card (automatic),72.14,5153.58,No
UUCO-147A4,Female,0,No,No,37,Yes,Yes,No,No internet service,No internet service,No internet service,No internet service,No internet service,No internet service,One year,No,Electronic check,32.15,1146.66,No
GVFM-4D812,Male,0,No,No,10,Yes,Yes,DSL,No,No,No,No,No,No,Month-to-month,Yes,Credit card (automatic),55.9,527.09,Yes
ZYTC-BAF77,Male,0,No,No,16,Yes,No,Fiber optic,No,No,No,No,No,Yes,Month-to-month,Yes,Electronic check,57.78,1005.86,No
QDTM-3D4D4,Female,0,No,No,63,Yes,Yes,No,No internet service,No internet service,No internet service,No internet service,No internet service,No internet service,Month-to-month,Yes,Mailed check,27.95,1744.75,No
MLTE-33379,Male,0,No,No,49,Yes,No,No,No internet service,No internet service,No internet service,No internet service,No internet service,No internet service,Month-to-month,No,Credit card (automatic),22.44,965.84,No
WKKE-1CA87,Male,0,No,No,31,Yes,Yes,DSL,No,Yes,No,No,No,No,Month-to-month,Yes,Electronic check,34.06,1086.31,No
NVEM-31BBD,Female,1,Yes,No,66,Yes,No,No,No internet service,No internet service,No internet service,No internet service,No internet service,No internet service,Month-to-month,Yes,Electronic check,18.8,1283.55,No
AEOV-FCED5,Male,0,Yes,No,23,Yes,No,DSL,No,Yes,Yes,No,No,Yes,Month-to-month,Yes,Bank transfer (automatic),47.13,1089.04,No
PQJX-C87C3,Female,0,No,No,24,Yes,No,No,No internet service,No internet service,No internet service,No internet service,No internet service,No internet service,Two year,Yes,Electronic check,25.48,625.77,No
FKDL-687E4,Female,1,No,No,5,Yes,No,DSL,No,Yes,Yes,Yes,No,Yes,Month-to-month,Yes,Bank transfer (automatic),49.39,328.25,No
KTHR-F6330,Female,0,Yes,No,5,Yes,Yes,Fiber optic,No,Yes,No,Yes,Yes,No,One year,No,Electronic check,80.64,359.58,No
HWGY-FAF6F,Male,0,Yes,No,21,Yes,Yes,DSL,No,No,No,No,No,Yes,One year,Yes,Credit card (automatic),53.81,1132.7,No
OCVY-E619D,Male,1,No,Yes,58,Yes,Yes,Fiber optic,No,Yes,No,No,Yes,Yes,Month-to-month,No,Electronic check,72.34,4206.01,Yes
VQUA-91B09,Male,0,Yes,No,43,Yes,No,Fiber optic,No,No,No,No,Yes,Yes,Month-to-month,No,Credit card (automatic),63.84,2785.95,Yes
YCLB-BE08C,Male,0,Yes,No,4,Yes,Yes,No,No internet service,No internet service,No internet service,No internet service,No internet service,No internet service,Month-to-month,No,Electronic check,22.0,92.11,No
AMDY-88FC5,Female,0,Yes,No,34,Yes,No,Fiber optic,Yes,No,Yes,Yes,No,Yes,Two year,Yes,Mailed check,61.89,2123.4,No
QHNV-FF7EE,Female,0,No,No,25,Yes,No,No,No internet service,No internet service,No internet service,No internet service,No internet service,No internet service,Month-to-month,No,Bank transfer (automatic),18.8,467.05,No
OADR-DE3ED,Male,0,No,No,10,Yes,No,Fiber optic,No,No,No,No,Yes,No,Month-to-month,Yes,Electronic check,67.02,714.43,Yes
MJMR-C251E,Female,1,Yes,No,67,Yes,No,Fiber optic,Yes,Yes,No,Yes,No,No,Two year,Yes,Bank transfer (automatic),52.46,3524.02,No
KGFB-7C56A,Female,0,Yes,No,32,Yes,Yes,Fiber optic,Yes,No,No,No,No,No,Month-to-month,No,Credit card (automatic),54.08,1762.01,No
JTIL-FD96F,Male,0,No,Yes,0,Yes,Yes,DSL,No,No,Yes,No,Yes,Yes,Two year,Yes,Credit card (automatic),52.84,52.84,No
MIPK-E306F,Female,1,No,No,43,Yes,No,Fiber optic,No,No,Yes,Yes,No,No,Month-to-month,Yes,Credit card (automatic),49.17,2109.68,No
BVAO-72B26,Male,1,No,Yes,2,Yes,No,No,No internet service,No internet service,No internet service,No internet service,No internet service,No internet service,Two year,Yes,Electronic check,22.83,13.88,No
ONAL-A8BC2,Female,0,Yes,No,63,Yes,No,No,No internet service,No internet service,No internet service,No internet service,No internet service,No internet service,Two year,Yes,Bank transfer (automatic),18.8,1182.42,No
UXVW-3A7FD,Male,0,Yes,Yes,22,Yes,Yes,Fiber optic,No,Yes,No,Yes,No,Yes,One year,Yes,Credit card (automatic),65.89,1448.14,No
EYSO-77CC8,Female,0,No,No,7,Yes,No,DSL,Yes,Yes,Yes,Yes,No,No,Two year,Yes,Credit card (automatic),36.96,259.74,No
ZGLP-27DAB,Female,0,Yes,Yes,49,No,No phone service,Fiber optic,No,No,No,No,No,Yes,Two year,Yes,Mailed check,61.38,2983.29,No
EDLI-08CB1,Male,0,No,No,68,Yes,No,Fiber optic,No,Yes,No,Yes,No,Yes,Month-to-month,No,Electronic check,65.13,4343.39,No
UJEM-3ABB1,Male,1,Yes,No,5,Yes,Yes,DSL,No,No,No,No,No,No,One year,No,Bank transfer (automatic),49.98,323.6,No
JMZO-A54CD,Male,1,Yes,No,9,Yes,Yes,DSL,Yes,No,No,No,No,No,One year,Yes,Credit card (automatic),45.41,473.7,No
BOUE-A789D,Male,0,Yes,No,9,Yes,Yes,Fiber optic,No,No,No,No,No,Yes,Month-to-month,No,Electronic check,75.66,712.79,No
CFIU-930F2,Female,0,No,No,1,No,No phone service,Fiber optic,Yes,No,Yes,No,No,No,One year,Yes,Electronic check,55.13,0.0,No
AKOG-216F2,Female,0,Yes,Yes,14,Yes,Yes,Fiber optic,No,No,Yes,No,No,Yes,Month-to-month,Yes,Bank transfer (automatic),61.0,809.11,No
OFRB-30AB2,Male,0,Yes,Yes,70,Yes,No,No,No internet service,No internet service,No internet service,No internet service,No internet service,No internet service,Month-to-month,Yes,Bank transfer (automatic),21.41,1524.18,Yes
LHBA-FAA44,Female,0,Yes,Yes,0,No,No phone service,Fiber optic,Yes,No,No,No,No,No,Month-to-month,Yes,Electronic check,46.89,46.89,No
ULCM-898D3,Male,0,Yes,No,62,Yes,No,No,No internet service,No internet service,No internet service,No internet service,No internet service,No internet service,Month-to-month,No,Bank transfer (automatic),18.8,1109.56,No
PXZZ-B1F08,Male,0,Yes,Yes,18,Yes,No,Fiber optic,Yes,No,No,No,No,No,Month-to-month,No,Credit card (automatic),48.32,857.52,No
LRUT-3CC0A,Female,0,Yes,Yes,18,Yes,Yes,DSL,No,No,No,No,No,Yes,Month-to-month,Yes,Electronic check,55.36,897.32,No
DOFJ-4DECB,Female,0,Yes,No,10,Yes,No,Fiber optic,Yes,Yes,No,No,No,Yes,One year,Yes,Mailed check,57.22,566.11,No
JDOL-432D5,Male,0,No,Yes,61,Yes,No,No,No internet service,No internet service,No internet service,No internet service,No internet service,No internet service,Month-to-month,Yes,Mailed check,18.8,1203.23,No
XREB-61FEA,Male,0,No,Yes,4,Yes,Yes,DSL,Yes,No,No,No,No,Yes,Month-to-month,No,Mailed check,47.92,89.45,No
HWQJ-E39BE,Male,0,Yes,No,20,Yes,No,Fiber optic,No,Yes,No,Yes,Yes,No,Month-to-month,No,Electronic check,67.77,1268.06,No
DHVM-CC457,Female,0,Yes,No,2,Yes,No,Fiber optic,No,No,No,Yes,No,Yes,Month-to-month,Yes,Credit card (automatic),57.55,131.98,No
AUDY-C51C7,Female,0,No,No,11,Yes,No,DSL,No,Yes,Yes,No,No,Yes,Two year,Yes,Bank transfer (automatic),42.23,438.83,Yes
FLXR-A82FB,Female,0,Yes,Yes,21,Yes,No,Fiber optic,No,Yes,No,No,Yes,No,Month-to-month,No,Bank transfer (automatic),61.92,1341.66,No
NSJT-F50BD,Female,0,Yes,No,37,Yes,No,DSL,No,No,No,No,No,No,Two year,Yes,Electronic check,41.54,1472.87,Yes
VZJX-39EE9,Male,0,No,Yes,49,Yes,No,DSL,Yes,No,Yes,No,No,No,Two year,No,Mailed check,36.59,1858.07,No
OLWW-32DC1,Male,0,No,No,6,Yes,No,Fiber optic,No,No,Yes,No,Yes,No,Month-to-month,Yes,Credit card (automatic),68.21,370.81,Yes
MNBR-F3C13,Male,0,Yes,No,36,Yes,Yes,DSL,No,No,No,No,No,Yes,Month-to-month,No,Bank transfer (automatic),55.59,1997.46,No
OYXY-FC52D,Male,0,Yes,No,1,Yes,Yes,Fiber optic,No,No,No,Yes,No,No,Month-to-month,Yes,Electronic check,67.57,122.05,No
ENTA-E4357,Male,0,No,No,72,Yes,No,No,No internet service,No internet service,No internet service,No internet service,No internet service,No internet service,Month-to-month,Yes,Credit card (automatic),21.46,1550.28,No
LEEM-3AE00,Male,1,Yes,No,17,Yes,No,Fiber optic,Yes,Yes,Yes,No,Yes,No,Month-to-month,No,Electronic check,56.42,947.31,Yes
QAQM-79E22,Female,0,No,No,72,Yes,No,No,No internet service,No internet service,No internet service,No internet service,No internet service,No internet service,One year,Yes,Credit card (automatic),23.29,1742.61,No
SBLM-68140,Female,1,Yes,No,4,Yes,Yes,No,No internet service,No internet service,No internet service,No internet service,No internet service,No internet service,Two year,Yes,Bank transfer (automatic),37.9,134.56,No
ZVGA-4FCAE,Male,0,Yes,No,29,Yes,Yes,DSL,Yes,No,No,No,Yes,Yes,One year,No,Credit card (automatic),60.44,1788.69,No
ENUA-6523F,Male,0,No,Yes,18,Yes,No,Fiber optic,No,No,No,Yes,Yes,Yes,Two year,No,Credit card (automatic),73.4,1379.03,No
NCRP-668EC,Female,0,No,No,58,No,No phone service,No,No internet service,No internet service,No internet service,No internet service,No internet service,No internet service,Two year,No,Bank transfer (automatic),24.11,1351.27,No
KGCF-2C90E,Female,0,No,Yes,56,Yes,No,DSL,Yes,No,Yes,Yes,Yes,Yes,Month-to-month,No,Mailed check,56.84,3146.31,No
DQAP-8E978,Female,0,Yes,No,22,Yes,No,Fiber optic,Yes,Yes,Yes,Yes,No,No,Month-to-month,No,Credit card (automatic),60.56,1308.47,Yes
QKSN-F3BDB,Female,0,No,No,68,Yes,No,Fiber optic,No,No,Yes,Yes,Yes,No,Two year,Yes,Electronic check,61.41,4194.93,No
ZLOE-52CC3,Male,0,No,No,28,Yes,No,No,No internet service,No internet service,No internet service,No internet service,No internet service,No internet service,One year,Yes,Electronic check,18.8,442.81,No
UISY-D221D,Male,0,No,No,3,Yes,No,DSL,No,No,Yes,No,Yes,No,Month-to-month,No,Credit card (automatic),45.04,155.94,Yes
OEPN-9A26B,Male,0,No,No,10,No,No phone service,DSL,Yes,Yes,No,No,No,Yes,Month-to-month,No,Bank transfer (automatic),43.39,401.8,No
XGOY-93907,Male,1,Yes,Yes,11,Yes,No,DSL,No,No,No,No,No,Yes,One year,No,Electronic check,45.7,482.68,No
OBFZ-A7316,Male,1,Yes,No,51,Yes,No,DSL,No,No,No,Yes,Yes,Yes,One year,No,Mailed check,58.01,2947.15,No
OEUL-02D55,Female,0,No,No,33,Yes,No,DSL,No,No,No,Yes,No,No,One year,No,Bank transfer (automatic),39.38,1236.33,No
FVVG-B72C1,Male,0,No,No,35,Yes,No,Fiber optic,Yes,No,Yes,No,Yes,No,One year,Yes,Credit card (automatic),57.47,1992.71,No
WAIF-37C68,Female,1,Yes,No,11,Yes,Yes,Fiber optic,Yes,No,No,No,No,Yes,One year,Yes,Credit card (automatic),76.73,809.09,No
ZMUK-142E0,Male,0,Yes,Yes,60,Yes,No,Fiber optic,Yes,No,Yes,No,No,No,One year,No,Electronic check,43.05,2603.58,Yes
VDDN-11C09,Male,0,No,No,44,Yes,Yes,Fiber optic,No,No,Yes,No,No,No,Month-to-month,Yes,Electronic check,56.25,2461.97,Yes
DCRK-0AF86,Male,0,No,No,6,Yes,Yes,No,No internet service,No internet service,No internet service,No internet service,No internet service,No internet service,One year,No,Electronic check,25.16,237.21,No
VIPM-B8764,Male,0,No,Yes,53,Yes,No,Fiber optic,Yes,No,No,No,Yes,No,Month-to-month,Yes,Mailed check,57.47,3034.09,No
MBIB-5504A,Male,0,Yes,No,11,Yes,Yes,Fiber optic,Yes,No,Yes,No,Yes,No,Month-to-month,No,Credit card (automatic),62.91,639.56,Yes
ZQSR-FF17E,Female,1,No,No,6,Yes,No,Fiber optic,No,No,No,No,No,Yes,Month-to-month,No,Electronic check,68.43,384.54,No
WNLB-78A83,Female,0,Yes,Yes,15,Yes,No,No,No internet service,No internet service,No internet service,No internet service,No internet service,No internet service,One year,No,Bank transfer (automatic),19.95,336.34,No
ZFJN-4193E,Female,0,Yes,No,56,Yes,Yes,DSL,No,No,No,No,Yes,No,Month-to-month,No,Bank transfer (automatic),44.5,2547.71,No
ULMY-0602E,Male,1,Yes,Yes,3,Yes,No,No,No internet service,No internet service,No internet service,No internet service,No internet service,No internet service,Two year,Yes,Credit card (automatic),21.71,75.26,No
CYUQ-B215C,Male,1,No,Yes,68,Yes,No,No,No internet service,No internet service,No internet service,No internet service,No internet service,No internet service,Month-to-month,Yes,Electronic check,18.8,1348.14,No
HEUQ-86CB5,Female,0,No,No,30,Yes,No,Fiber optic,No,Yes,No,Yes,No,Yes,Month-to-month,Yes,Bank transfer (automatic),67.06,2012.5,No
DWDL-E6D7B,Male,0,No,No,3,No,No phone service,Fiber optic,Yes,No,No,No,Yes,Yes,Month-to-month,No,Electronic check,71.33,270.37,No
PHXM-7AED6,Male,0,Yes,Yes,31,Yes,No,No,No internet service,No internet service,No internet service,No internet service,No internet service,No internet service,Month-to-month,Yes,Electronic check,25.03,804.07,No
GIGH-608D6,Female,0,No,No,7,Yes,Yes,Fiber optic,No,No,No,Yes,No,Yes,Month-to-month,No,Bank transfer (automatic),73.42,394.31,Yes
CKIP-44B2E,Male,0,No,Yes,36,Yes,No,Fiber optic,No,Yes,No,No,Yes,No,Month-to-month,Yes,Credit card (automatic),53.06,1897.75,Yes
HVCI-6713E,Female,0,No,No,59,Yes,No,Fiber optic,No,Yes,No,No,No,Yes,Month-to-month,No,Mailed check,62.9,3648.96,Yes
YLDH-FEDDB,Male,1,No,No,37,Yes,No,Fiber optic,Yes,No,Yes,No,Yes,No,Month-to-month,No,Bank transfer (automatic),56.92,2075.64,Yes
QUQI-A4A67,Female,0,Yes,No,43,Yes,No,Fiber optic,Yes,Yes,Yes,Yes,No,Yes,Two year,Yes,Electronic check,58.48,2596.7,No
EYTC-77ECE,Male,0,No,Yes,18,Yes,No,DSL,No,Yes,No,Yes,No,No,One year,Yes,Electronic check,38.76,685.92,No
MESF-A651C,Male,0,No,No,72,Yes,No,DSL,Yes,No,No,No,No,No,Month-to-month,No,Electronic check,37.85,2729.6,No
RITZ-BF76D,Female,0,No,Yes,53,Yes,No,Fiber optic,Yes,No,Yes,Yes,No,No,Two year,No,Bank transfer (automatic),63.09,3262.69,No
RPQZ-AD0B5,Male,0,No,No,11,Yes,No,DSL,Yes,No,Yes,Yes,No,No,Two year,No,Credit card (automatic),38.09,377.41,No
DHVV-43657,Male,1,Yes,No,69,Yes,Yes,DSL,No,Yes,Yes,No,No,Yes,Month-to-month,No,Mailed check,54.76,3734.5,No
UIEC-A33C1,Female,0,No,Yes,0,Yes,Yes,Fiber optic,No,No,Yes,No,No,Yes,Month-to-month,No,Bank transfer (automatic),63.37,63.37,No
QAYS-DA6FC,Male,0,No,No,50,No,No phone service,DSL,Yes,No,No,No,No,Yes,One year,Yes,Mailed check,45.46,2384.07,No
COOH-7F1EB,Female,0,Yes,Yes,33,Yes,Yes,DSL,Yes,Yes,Yes,No,Yes,No,One year,Yes,Credit card (automatic),50.31,1608.1,No
CHVS-12E29,Male,0,No,No,37,Yes,No,DSL,No,Yes,Yes,No,No,No,Month-to-month,Yes,Electronic check,36.94,1369.2,No
ZEBV-F830E,Male,0,Yes,Yes,35,Yes,Yes,Fiber optic,No,No,Yes,No,Yes,Yes,Month-to-month,No,Bank transfer (automatic),73.07,2512.99,Yes
UXUL-76B10,Male,0,Yes,No,17,Yes,No,DSL,No,No,No,Yes,Yes,No,Month-to-month,No,Credit card (automatic),49.75,868.83,No
YIAR-63679,Male,0,No,No,8,No,No phone service,Fiber optic,No,No,Yes,No,No,Yes,One year,No,Electronic check,55.47,522.43,No
YWVM-829AE,Female,0,No,No,53,Yes,No,Fiber optic,No,No,No,No,No,Yes,One year,Yes,Electronic check,60.14,3188.7,No
BWNC-F7631,Male,0,Yes,Yes,44,Yes,No,DSL,No,Yes,No,No,No,Yes,Month-to-month,Yes,Electronic check,48.36,2098.14,No
CGHM-9FC7E,Female,0,Yes,Yes,62,No,No phone service,DSL,No,No,Yes,No,No,No,Month-to-month,Yes,Bank transfer (automatic),34.06,2140.44,No
OKFK-02F39,Male,0,Yes,Yes,71,Yes,No,No,No internet service,No internet service,No internet service,No internet service,No internet service,No internet service,Two year,Yes,Bank transfer (automatic),23.22,1629.81,No
CPZL-20C15,Male,0,Yes,Yes,17,Yes,Yes,DSL,No,Yes,Yes,No,No,No,Month-to-month,Yes,Bank transfer (automatic),47.15,747.59,No
VNWW-AE034,Male,0,Yes,Yes,44,Yes,Yes,Fiber optic,No,Yes,No,No,No,No,Two year,Yes,Mailed check,54.11,2395.68,No
XQGF-CD058,Male,0,Yes,No,9,Yes,No,DSL,No,No,No,No,Yes,No,Month-to-month,No,Electronic check,50.73,515.78,No
GSTV-CD545,Female,0,Yes,No,8,Yes,No,DSL,No,No,No,No,Yes,No,Two year,Yes,Credit card (automatic),38.34,395.79,No
WQIS-340F3,Female,0,No,No,20,Yes,Yes,DSL,No,Yes,No,No,No,No,One year,Yes,Electronic check,43.0,856.43,No
TDAR-12590,Female,0,No,No,54,Yes,No,Fiber optic,No,No,No,No,Yes,No,One year,No,Bank transfer (automatic),62.55,3347.39,No
DISC-4344A,Female,1,No,No,11,Yes,No,Fiber optic,Yes,Yes,No,Yes,Yes,Yes,Month-to-month,Yes,Electronic check,70.33,736.74,Yes
BYGZ-B54FF,Male,0,No,No,6,Yes,No,Fiber optic,No,Yes,No,No,Yes,No,Month-to-month,No,Mailed check,60.82,439.39,No
PBXM-0C051,Female,0,Yes,No,65,Yes,No,No,No internet service,No internet service,No internet service,No internet service,No internet service,No internet service,Month-to-month,No,Electronic check,18.8,1192.59,No
LUDD-F2194,Female,0,No,No,22,Yes,No,Fiber optic,No,No,No,No,No,Yes,Month-to-month,Yes,Electronic check,55.73,1221.0,No
YEOX-B032E,Male,1,No,No,12,Yes,No,No,No internet service,No internet service,No internet service,No internet service,No internet service,No internet service,Month-to-month,Yes,Electronic check,18.8,255.97,No
FBJH-27E3F,Male,0,Yes,No,53,Yes,No,DSL,No,No,Yes,No,Yes,No,Two year,Yes,Credit card (automatic),45.77,2337.49,No
RJRJ-330A1,Male,0,Yes,No,60,Yes,Yes,Fiber optic,No,No,Yes,No,No,No,Month-to-month,No,Electronic check,52.18,3142.87,No
FABX-09524,Male,1,Yes,No,11,Yes,No,No,No internet service,No internet service,No internet service,No internet service,No internet service,No internet service,Month-to-month,No,Electronic check,18.8,181.08,No
CIVQ-CBE12,Female,1,No,No,23,Yes,No,Fiber optic,No,Yes,No,No,Yes,Yes,One year,No,Electronic check,69.51,1627.02,Yes
KNUD-1C863,Female,0,Yes,No,10,Yes,Yes,Fiber optic,No,No,Yes,Yes,Yes,No,Month-to-month,No,Bank transfer (automatic),71.69,804.59,No
SUAB-CE3BD,Male,0,No,No,3,Yes,No,Fiber optic,No,No,No,No,Yes,No,Month-to-month,Yes,Mailed check,54.88,152.28,Yes
CEDU-C22AE,Male,1,Yes,No,58,Yes,No,DSL,Yes,No,No,No,Yes,Yes,One year,Yes,Mailed check,50.61,2940.97,No
UEKB-39594,Male,0,Yes,No,9,Yes,No,DSL,No,Yes,Yes,No,Yes,Yes,Month-to-month,Yes,Credit card (automatic),61.61,515.06,Yes
OQFB-50245,Female,0,No,No,58,Yes,Yes,DSL,No,No,No,No,No,No,Month-to-month,Yes,Electronic check,53.44,3038.1,No
HBEW-B705E,Female,0,No,Yes,7,Yes,No,DSL,No,No,Yes,No,No,Yes,Month-to-month,Yes,Electronic check,44.19,294.46,No
VTGK-0D194,Male,0,Yes,No,3,Yes,Yes,DSL,No,Yes,No,No,Yes,No,One year,Yes,Electronic check,70.31,248.46,No
OVIA-A8208,Male,0,No,No,12,Yes,No,DSL,No,No,No,Yes,No,Yes,Two year,Yes,Bank transfer (automatic),49.08,474.53,No
PDPL-29A2A,Female,0,Yes,Yes,41,Yes,Yes,Fiber optic,Yes,Yes,Yes,Yes,Yes,Yes,Two year,Yes,Bank transfer (automatic),86.8,3546.29,No
FPVY-451F5,Male,1,No,No,49,No,No phone service,DSL,Yes,No,No,No,Yes,No,Month-to-month,No,Bank transfer (automatic),39.15,1960.46,Yes
UYMS-793D1,Male,0,No,No,1,No,No phone service,Fiber optic,No,No,No,Yes,No,No,One year,No,Credit card (automatic),58.93,141.06,Yes
RXVT-AFD49,Female,0,No,No,10,Yes,No,DSL,Yes,No,No,No,No,Yes,Month-to-month,No,Bank transfer (automatic),41.24,435.17,Yes
LGVB-2138F,Male,0,Yes,No,26,Yes,Yes,DSL,Yes,No,No,No,No,No,Two year,No,Credit card (automatic),44.44,1169.23,No
ZXTL-C4A0E,Female,1,Yes,No,21,Yes,No,No,No internet service,No internet service,No internet service,No internet service,No internet service,No internet service,One year,No,Mailed check,27.95,642.03,No
ZTEG-B786D,Male,0,No,No,29,Yes,No,DSL,No,No,Yes,No,No,Yes,Month-to-month,Yes,Credit card (automatic),46.21,1391.18,No
ELFR-442D3,Male,0,Yes,No,55,Yes,Yes,No,No internet service,No internet service,No internet service,No internet service,No internet service,No internet service,Month-to-month,No,Mailed check,30.54,1623.52,Yes
WXZI-AD113,Female,0,No,No,5,No,No phone service,Fiber optic,Yes,No,No,No,No,No,Month-to-month,No,Electronic check,57.75,194.77,Yes
ZCTV-E88BA,Female,0,No,Yes,3,Yes,No,No,No internet service,No internet service,No internet service,No internet service,No internet service,No internet service,One year,No,Credit card (automatic),19.92,0.0,No
UJYL-3C902,Male,1,Yes,No,1,Yes,No,No,No internet service,No internet service,No internet service,No internet service,No internet service,No internet service,Month-to-month,No,Credit card (automatic),18.8,0.0,No
AOWI-1DB83,Female,0,No,No,59,No,No phone service,No,No internet service,No internet service,No internet service,No internet service,No internet service,No internet service,Month-to-month,Yes,Mailed check,18.8,1079.45,No
RJGH-07CDB,Male,0,Yes,No,39,No,No phone service,DSL,No,Yes,Yes,No,No,No,Month-to-month,Yes,Electronic check,33.5,1351.67,Yes
WZFL-5ADE1,Male,0,No,Yes,59,Yes,No,No,No internet service,No internet service,No internet service,No internet service,No internet service,No internet service,One year,No,Credit card (automatic),18.8,1156.17,No
NDIM-9CF58,Female,0,No,Yes,11,Yes,Yes,Fiber optic,No,No,Yes,No,No,Yes,Month-to-month,Yes,Credit card (automatic),71.46,824.63,No
BCZY-F4A3A,Male,0,No,No,8,Yes,No,Fiber optic,No,No,No,No,No,Yes,Month-to-month,Yes,Electronic check,60.37,568.14,No
MYJQ-AC077,Male,0,Yes,No,9,Yes,Yes,DSL,No,Yes,No,No,No,No,Month-to-month,No,Electronic check,54.0,434.91,Yes
FUVC-AD4A9,Female,0,No,No,6,Yes,No,DSL,No,Yes,No,No,Yes,No,Month-to-month,No,Electronic check,44.0,151.24,Yes
AVTH-5CC15,Female,0,No,No,43,Yes,Yes,Fiber optic,No,No,No,No,No,No,Month-to-month,Yes,Electronic check,61.1,2580.18,No
QDZF-D1E0A,Male,0,Yes,Yes,34,Yes,Yes,Fiber optic,Yes,No,No,No,Yes,No,Month-to-month,No,Credit card (automatic),71.54,2489.48,No
JLCR-9578B,Female,0,Yes,No,3,Yes,No,Fiber optic,No,No,Yes,Yes,No,No,Month-to-month,No,Bank transfer (automatic),54.08,119.12,Yes
OBOJ-65535,Female,0,Yes,No,8,Yes,Yes,DSL,No,No,Yes,No,Yes,Yes,One year,Yes,Mailed check,62.59,504.13,Yes
SFTL-913ED,Female,0,No,No,57,Yes,No,DSL,Yes,Yes,No,Yes,Yes,No,Month-to-month,Yes,Credit card (automatic),47.86,2603.21,No
BXVD-32DDB,Female,0,No,No,40,Yes,Yes,DSL,Yes,Yes,No,No,Yes,Yes,One year,No,Mailed check,64.63,2660.05,No
GXWW-5BA29,Male,0,No,No,3,Yes,Yes,DSL,No,Yes,Yes,No,No,No,Month-to-month,Yes,Mailed check,50.95,192.23,No
OPIR-E9DC5,Male,1,No,Yes,11,Yes,Yes,Fiber optic,No,No,No,No,No,No,One year,No,Credit card (automatic),59.43,664.46,No
TRYI-2AA9B,Male,0,Yes,No,62,Yes,Yes,Fiber optic,No,No,Yes,No,Yes,No,One year,Yes,Electronic check,67.03,4110.21,No
NAWH-3DC8B,Female,0,Yes,No,69,Yes,Yes,Fiber optic,No,Yes,No,Yes,No,Yes,Month-to-month,Yes,Bank transfer (automatic),79.65,5567.45,Yes
CHGK-51B96,Female,1,Yes,No,67,Yes,Yes,DSL,No,No,No,Yes,No,Yes,Month-to-month,No,Electronic check,58.32,3910.66,No
XJDW-21794,Female,1,Yes,No,35,Yes,No,No,No internet service,No internet service,No internet service,No internet service,No internet service,No internet service,Two year,Yes,Mailed check,28.51,1044.82,No
VHZQ-261DA,Female,1,No,No,24,Yes,Yes,DSL,Yes,No,No,No,Yes,No,Month-to-month,No,Credit card (automatic),49.01,1144.6,No
LRPP-654C7,Female,0,No,Yes,3,Yes,Yes,Fiber optic,No,No,No,Yes,No,Yes,Two year,Yes,Electronic check,63.86,224.88,No
MSNY-3068D,Female,0,No,No,18,Yes,No,DSL,No,Yes,No,No,No,No,Two year,Yes,Electronic check,29.53,556.39,No
QYCN-D84CD,Female,0,Yes,No,58,Yes,No,Fiber optic,Yes,No,Yes,No,Yes,Yes,One year,No,Credit card (automatic),70.42,4091.07,No
GOUD-0BC29,Male,0,No,No,10,Yes,Yes,DSL,Yes,Yes,Yes,No,No,Yes,Month-to-month,Yes,Electronic check,50.53,499.6,No
SZVF-9B426,Male,0,No,Yes,26,Yes,Yes,Fiber optic,Yes,No,No,No,No,Yes,Two year,No,Credit card (automatic),64.73,1670.97,No
SNPR-FA262,Female,1,No,No,50,Yes,Yes,Fiber optic,No,No,Yes,No,Yes,Yes,Two year,Yes,Bank transfer (automatic),77.27,3716.17,No
TZUG-B0447,Female,0,No,No,37,Yes,No,Fiber optic,No,No,No,No,No,No,One year,No,Electronic check,54.4,2037.57,No
ILAV-6C0DA,Female,0,Yes,Yes,41,No,No phone service,DSL,No,No,No,No,Yes,No,Month-to-month,Yes,Credit card (automatic),47.75,1938.03,Yes
GTTS-DF240,Male,1,No,Yes,63,Yes,Yes,Fiber optic,Yes,No,No,No,Yes,No,One year,Yes,Electronic check,60.11,3799.41,No
BCRP-06130,Male,0,No,No,1,Yes,No,No,No internet service,No internet service,No internet service,No internet service,No internet service,No internet service,Two year,No,Electronic check,18.8,0.0,No
NCUY-DDCEE,Female,0,No,No,4,Yes,No,DSL,Yes,Yes,No,No,No,Yes,Month-to-month,Yes,Bank transfer (automatic),48.53,171.3,Yes
FPHV-066D4,Female,0,Yes,No,24,Yes,Yes,Fiber optic,No,Yes,No,Yes,Yes,Yes,Month-to-month,Yes,Bank transfer (automatic),78.08,1807.91,Yes
XMRN-644A5,Male,0,Yes,Yes,34,Yes,Yes,DSL,Yes,No,No,Yes,Yes,No,Two year,Yes,Credit card (automatic),54.29,1913.02,No
WDFB-D600E,Male,0,Yes,No,15,Yes,Yes,DSL,No,No,No,Yes,Yes,No,One year,Yes,Mailed check,53.74,823.24,No
WHQG-DB7E3,Male,1,No,No,6,Yes,No,Fiber optic,Yes,No,No,Yes,No,No,Month-to-month,No,Bank transfer (automatic),58.87,413.2,No
ZHXW-91CBD,Male,1,No,No,33,Yes,No,Fiber optic,No,No,No,No,Yes,No,One year,Yes,Mailed check,60.55,1932.23,No
FGJJ-027F2,Female,1,Yes,Yes,47,No,No phone service,Fiber optic,No,No,No,No,No,No,One year,Yes,Mailed check,48.8,2319.26,No
GWBC-E4406,Male,0,No,No,1,Yes,No,No,No internet service,No internet service,No internet service,No internet service,No internet service,No internet service,Month-to-month,No,Bank transfer (automatic),18.8,3.76,Yes
ZZQR-AB83D,Male,1,Yes,Yes,0,Yes,No,No,No internet service,No internet service,No internet service,No internet service,No internet service,No internet service,Month-to-month,Yes,Credit card (automatic),21.24,21.24,No
WDCU-0CF0C,Female,0,Yes,Yes,62,Yes,No,No,No internet service,No internet service,No internet service,No internet service,No internet service,No internet service,One year,No,Bank transfer (automatic),18.8,1094.14,No
DHOR-114A6,Male,0,No,No,38,Yes,No,Fiber optic,No,No,Yes,No,No,Yes,Month-to-month,Yes,Mailed check,61.46,2321.62,No
HEZS-F7DA8,Male,0,No,No,3,Yes,No,Fiber optic,Yes,Yes,No,Yes,Yes,No,Month-to-month,No,Credit card (automatic),61.48,170.44,No
MNKQ-7FE76,Male,0,Yes,No,41,Yes,Yes,DSL,No,Yes,No,No,Yes,Yes,One year,Yes,Credit card (automatic),60.93,2518.5,No
TQGV-A9C3C,Female,0,Yes,Yes,67,Yes,No,Fiber optic,No,No,No,No,No,Yes,Month-to-month,No,Electronic check,55.75,3714.31,No
DUPP-B4C0B,Male,0,No,No,9,Yes,No,Fiber optic,No,No,No,No,Yes,No,Month-to-month,Yes,Electronic check,59.57,594.98,Yes
UASU-890FF,Female,0,Yes,No,50,Yes,Yes,No,No internet service,No internet service,No internet service,No internet service,No internet service,No internet service,Month-to-month,Yes,Mailed check,23.11,1100.85,No
TALV-AE9B5,Female,0,No,No,2,No,No phone service,Fiber optic,Yes,Yes,Yes,No,Yes,No,One year,Yes,Mailed check,51.88,11.19,Yes
VNUF-41AB4,Male,0,No,Yes,21,Yes,Yes,DSL,No,No,Yes,No,No,No,Two year,Yes,Credit card (automatic),43.48,829.92,No
JOTH-72CDB,Male,0,Yes,Yes,49,No,No phone service,Fiber optic,No,No,Yes,No,Yes,Yes,Month-to-month,Yes,Electronic check,62.28,3106.15,Yes
VTVL-3F06B,Male,0,Yes,Yes,8,Yes,No,DSL,No,No,No,Yes,No,No,Month-to-month,No,Credit card (automatic),34.33,217.85,No
URMX-32A57,Male,0,No,No,66,Yes,No,DSL,Yes,Yes,Yes,No,Yes,Yes,Month-to-month,No,Electronic check,53.74,3534.17,No
LGZJ-A2FF1,Female,0,No,No,20,Yes,No,Fiber optic,Yes,No,No,No,No,No,One year,No,Credit card (automatic),45.22,849.7,No
QPEU-CD9BB,Male,0,No,No,3,Yes,Yes,DSL,No,No,No,Yes,No,Yes,Month-to-month,Yes,Bank transfer (automatic),52.03,181.28,No
TPTB-936C1,Male,0,Yes,No,8,Yes,No,Fiber optic,No,Yes,Yes,Yes,Yes,No,One year,Yes,Mailed check,60.98,497.03,Yes
TGTT-03C57,Male,0,No,No,65,Yes,No,DSL,No,No,Yes,Yes,Yes,No,Two year,No,Credit card (automatic),54.9,3536.95,No
ASCH-7C7F8,Female,1,Yes,No,29,Yes,No,Fiber optic,No,No,No,No,No,Yes,One year,No,Credit card (automatic),54.05,1586.66,No
GEUL-95494,Male,0,No,No,34,Yes,No,Fiber optic,Yes,No,No,No,No,No,Month-to-month,No,Mailed check,44.14,1480.2,No
ZTVH-00DDA,Male,0,No,Yes,32,Yes,No,Fiber optic,Yes,No,No,No,No,No,Month-to-month,No,Electronic check,60.36,1940.17,No
PFTN-908BC,Female,0,Yes,No,8,Yes,No,No,No internet service,No internet service,No internet service,No internet service,No internet service,No internet service,Month-to-month,Yes,Mailed check,19.4,199.21,No
DAWI-7A7FD,Female,0,No,No,17,Yes,No,DSL,No,No,Yes,Yes,Yes,Yes,One year,Yes,Credit card (automatic),62.35,986.27,No
KEZS-C7726,Male,0,Yes,No,10,Yes,No,Fiber optic,Yes,Yes,No,No,No,No,One year,Yes,Bank transfer (automatic),40.96,456.63,No
ODQP-D036E,Male,0,No,Yes,52,Yes,Yes,DSL,No,No,No,Yes,Yes,Yes,Month-to-month,No,Electronic check,59.82,3137.89,No
GZYC-547E6,Male,0,Yes,Yes,70,Yes,No,No,No internet service,No internet service,No internet service,No internet service,No internet service,No internet service,One year,Yes,Electronic check,27.15,1882.9,No
RDOJ-EC395,Male,1,No,No,48,Yes,Yes,No,No internet service,No internet service,No internet service,No internet service,No internet service,No internet service,Month-to-month,No,Mailed check,28.2,1366.38,Yes
LMVH-03D40,Male,0,Yes,Yes,7,Yes,Yes,Fiber optic,No,No,No,No,No,Yes,One year,Yes,Credit card (automatic),58.28,451.25,No
KWWY-ADC06,Female,0,No,No,0,Yes,Yes,DSL,Yes,No,No,No,Yes,No,Month-to-month,Yes,Bank transfer (automatic),59.56,59.56,No
NMVZ-81537,Female,0,No,Yes,16,Yes,No,DSL,No,Yes,Yes,No,Yes,No,One year,Yes,Electronic check,36.1,555.99,No
GCEM-204AA,Male,0,No,Yes,5,No,No phone service,Fiber optic,No,Yes,Yes,No,No,Yes,Month-to-month,Yes,Mailed check,56.03,303.24,Yes
KRES-02E78,Male,1,No,Yes,24,Yes,No,DSL,No,No,No,Yes,Yes,Yes,Two year,Yes,Credit card (automatic),53.5,1287.7,No
KQTU-3AC66,Female,0,Yes,Yes,3,Yes,No,Fiber optic,No,No,No,No,No,No,One year,Yes,Mailed check,49.0,228.36,No
QOGY-893AE,Male,0,Yes,Yes,9,Yes,No,Fiber optic,No,Yes,Yes,No,Yes,No,Month-to-month,Yes,Electronic check,58.47,463.15,Yes
SNQG-0A21C,Male,0,Yes,No,7,Yes,No,DSL,No,No,No,No,Yes,Yes,Two year,No,Bank transfer (automatic),42.25,275.66,No
LWWD-C5B07,Male,0,No,No,21,No,No phone service,No,No internet service,No internet service,No internet service,No internet service,No internet service,No internet service,Two year,Yes,Bank transfer (automatic),28.22,602.71,No
QLOA-09695,Male,1,Yes,No,13,Yes,Yes,No,No internet service,No internet service,No internet service,No internet service,No internet service,No internet service,Month-to-month,No,Bank transfer (automatic),32.53,460.94,No
ASDU-0E4E0,Male,0,Yes,Yes,22,No,No phone service,No,No internet service,No internet service,No internet service,No internet service,No internet service,No internet service,Month-to-month,Yes,Electronic check,22.24,477.49,No
LKEM-3653C,Female,1,Yes,No,10,Yes,No,DSL,No,Yes,No,Yes,Yes,Yes,Month-to-month,No,Bank transfer (automatic),55.55,589.41,No
NVVG-4F518,Male,1,No,No,26,Yes,Yes,Fiber optic,No,Yes,Yes,No,Yes,Yes,One year,Yes,Electronic check,79.29,2007.05,No
ZGQI-67264,Male,0,Yes,Yes,40,Yes,Yes,DSL,No,No,No,Yes,No,No,Month-to-month,Yes,Mailed check,48.6,1883.3,No
VFWA-647CF,Male,0,Yes,No,40,Yes,No,Fiber optic,No,No,No,No,No,Yes,Two year,Yes,Electronic check,55.47,2126.81,No
SNNZ-FC244,Female,0,Yes,Yes,49,Yes,No,No,No internet service,No internet service,No internet service,No internet service,No internet service,No internet service,Month-to-month,No,Bank transfer (automatic),22.63,1044.51,No
FZEW-C844A,Female,1,No,No,63,No,No phone service,Fiber optic,Yes,No,No,Yes,No,No,Month-to-month,No,Mailed check,53.83,3365.59,No
ROOV-CC417,Female,0,No,Yes,10,Yes,No,Fiber optic,No,Yes,Yes,No,No,No,Two year,Yes,Bank transfer (automatic),47.38,464.34,No
IINY-CAB68,Female,0,Yes,No,54,Yes,No,Fiber optic,No,No,No,Yes,Yes,No,Month-to-month,No,Credit card (automatic),63.34,3470.63,No
LVZL-B06DA,Male,0,No,No,2,Yes,Yes,DSL,No,Yes,Yes,No,No,No,One year,Yes,Electronic check,49.54,108.22,No
NFVZ-6C965,Female,0,Yes,No,3,Yes,No,DSL,No,No,Yes,No,Yes,Yes,Month-to-month,No,Credit card (automatic),44.34,124.01,No
NKQD-7BD49,Male,0,Yes,No,1,Yes,Yes,DSL,Yes,Yes,No,No,No,No,Month-to-month,No,Electronic check,44.95,0.2,Yes
HUJR-6499A,Male,0,Yes,No,2,Yes,No,Fiber optic,Yes,Yes,No,Yes,No,No,Month-to-month,No,Electronic check,53.03,67.45,Yes
URWL-8792D,Female,1,No,No,40,Yes,No,No,No internet service,No internet service,No internet service,No internet service,No internet service,No internet service,Two year,Yes,Electronic check,19.38,887.81,No
NOWM-79F42,Female,0,No,No,17,Yes,Yes,No,No internet service,No internet service,No internet service,No internet service,No internet service,No internet service,One year,Yes,Electronic check,29.6,432.7,No
CTAS-EA2A7,Female,0,Yes,No,4,Yes,No,DSL,No,Yes,No,No,No,Yes,Month-to-month,Yes,Electronic check,36.0,153.68,Yes
AFTO-7C8F0,Female,0,No,No,67,Yes,Yes,DSL,No,Yes,Yes,No,No,No,Month-to-month,Yes,Bank transfer (automatic),46.82,3129.02,Yes
HEKX-65163,Female,0,Yes,No,56,No,No phone service,Fiber optic,Yes,No,No,Yes,No,No,Month-to-month,Yes,Bank transfer (automatic),53.93,3038.94,Yes
EDQS-B0E88,Male,0,No,Yes,1,Yes,Yes,No,No internet service,No internet service,No internet service,No internet service,No internet service,No internet service,Two year,Yes,Credit card (automatic),25.68,6.41,Yes
WHNB-74292,Female,0,No,No,8,Yes,No,DSL,No,No,No,No,Yes,Yes,Month-to-month,Yes,Electronic check,45.69,273.03,No
ZGCL-6AA99,Female,0,No,Yes,7,Yes,Yes,No,No internet service,No internet service,No internet service,No internet service,No internet service,No internet service,Two year,No,Electronic check,29.4,64.89,No
UQDM-B4D75,Female,1,No,No,60,Yes,No,DSL,No,No,No,Yes,Yes,Yes,Two year,No,Credit card (automatic),65.3,3881.25,No
JQSG-217EF,Male,0,No,Yes,1,No,No phone service,No,No internet service,No internet service,No internet service,No internet service,No internet service,No internet service,Month-to-month,Yes,Mailed check,21.56,18.57,Yes
ONNG-6E931,Female,0,No,No,45,Yes,No,No,No internet service,No internet service,No internet service,No internet service,No internet service,No internet service,Two year,Yes,Mailed check,23.94,1103.68,No
TXCJ-D4266,Male,0,No,Yes,68,Yes,No,No,No internet service,No internet service,No internet service,No internet service,No internet service,No internet service,Month-to-month,No,Bank transfer (automatic),18.8,1281.37,No
MZZP-14206,Female,0,Yes,Yes,12,No,No phone service,No,No internet service,No internet service,No internet service,No internet service,No internet service,No internet service,Month-to-month,Yes,Mailed check,22.3,203.31,No
AOHS-8F72E,Female,1,Yes,Yes,58,No,No phone service,DSL,Yes,Yes,No,No,No,Yes,Month-to-month,Yes,Electronic check,41.23,2507.04,No
ITUY-A867C,Male,0,Yes,No,8,No,No phone service,Fiber optic,No,No,No,No,No,Yes,Month-to-month,No,Credit card (automatic),62.59,488.71,No
OBJX-37D4A,Female,0,No,Yes,46,Yes,No,Fiber optic,Yes,No,No,No,Yes,No,Two year,No,Electronic check,51.06,2409.45,No
UIXL-43493,Male,0,Yes,No,43,Yes,No,No,No internet service,No internet service,No internet service,No internet service,No internet service,No internet service,Month-to-month,Yes,Mailed check,18.8,810.68,No
JSWR-8B64B,Male,0,No,No,48,Yes,No,Fiber optic,Yes,Yes,No,No,Yes,No,One year,No,Mailed check,52.73,2528.98,No
DXLV-17658,Male,0,No,No,12,No,No phone service,Fiber optic,No,Yes,Yes,No,No,Yes,Month-to-month,No,Mailed check,52.44,645.09,No
RYVG-F770A,Female,0,No,Yes,67,Yes,No,Fiber optic,No,No,No,No,Yes,Yes,Two year,No,Electronic check,55.64,3769.22,No
XHWC-F470E,Female,0,Yes,No,9,Yes,Yes,DSL,No,No,No,No,Yes,No,Month-to-month,No,Credit card (automatic),53.81,531.89,No
NZJB-A2902,Female,0,No,No,53,Yes,No,No,No internet service,No internet service,No internet service,No internet service,No internet service,No internet service,Two year,Yes,Electronic check,26.23,1393.01,No
QRDE-D03F8,Male,0,Yes,Yes,68,Yes,No,DSL,No,No,No,No,No,Yes,Month-to-month,Yes,Credit card (automatic),40.81,2751.62,No
AXIS-A5586,Female,0,No,No,0,Yes,Yes,DSL,No,Yes,No,No,No,No,Month-to-month,Yes,Mailed check,40.92,40.92,Yes
ESRP-B8EEF,Male,0,No,No,58,Yes,No,Fiber optic,Yes,No,Yes,No,No,No,Month-to-month,Yes,Electronic check,56.37,3284.82,No
CCMS-3108F,Female,0,Yes,No,9,Yes,Yes,No,No internet service,No internet service,No internet service,No internet service,No internet service,No internet service,One year,Yes,Bank transfer (automatic),20.12,170.03,Yes
MTBF-A603C,Male,0,No,Yes,1,Yes,No,Fiber optic,No,No,No,No,No,Yes,One year,Yes,Mailed check,63.9,19.92,No
RVJY-E53F5,Male,0,Yes,No,4,Yes,Yes,No,No internet service,No internet service,No internet service,No internet service,No internet service,No internet service,Month-to-month,No,Electronic check,37.87,118.81,No
MYGX-24673,Male,0,No,No,10,Yes,Yes,DSL,Yes,No,No,No,No,Yes,Two year,No,Mailed check,50.83,448.61,Yes
WRRT-AAABE,Female,0,Yes,Yes,62,Yes,No,Fiber optic,No,No,Yes,No,Yes,No,Two year,Yes,Credit card (automatic),52.74,3279.43,No
FNEE-F7BB0,Male,0,No,No,18,Yes,No,Fiber optic,No,Yes,No,No,No,Yes,Month-to-month,No,Bank transfer (automatic),54.43,945.85,No
MEIE-A274F,Male,0,Yes,No,39,Yes,Yes,DSL,No,Yes,No,No,Yes,Yes,Month-to-month,Yes,Credit card (automatic),71.21,2768.44,No
UJHS-A811A,Male,0,No,No,69,Yes,No,DSL,No,Yes,No,No,No,No,Month-to-month,Yes,Mailed check,42.2,2927.27,No
MVAE-CFB00,Male,0,Yes,No,13,No,No phone service,DSL,No,Yes,Yes,No,No,No,Month-to-month,Yes,Electronic check,40.21,395.53,Yes
WMMZ-34AE5,Male,1,Yes,No,0,Yes,No,Fiber optic,Yes,No,Yes,No,No,No,Two year,Yes,Mailed check,44.27,44.27,No
DBAJ-873AE,Male,0,No,No,10,Yes,No,No,No internet service,No internet service,No internet service,No internet service,No internet service,No internet service,Month-to-month,No,Mailed check,18.8,175.96,Yes
GROR-0ABAD,Female,0,Yes,No,28,Yes,No,Fiber optic,No,No,Yes,No,No,Yes,Two year,Yes,Electronic check,46.81,1332.38,Yes
TZRL-DB895,Female,0,No,No,55,Yes,No,Fiber optic,Yes,Yes,Yes,No,No,Yes,Month-to-month,Yes,Bank transfer (automatic),49.16,2740.16,No
PMDL-F5A64,Male,0,Yes,No,58,Yes,No,DSL,No,No,No,No,Yes,Yes,Two year,Yes,Bank transfer (automatic),62.61,3618.66,No
KYCR-D2CA5,Female,0,Yes,No,7,Yes,No,DSL,No,No,No,No,No,No,One year,No,Mailed check,32.48,254.48,No
EYFY-AD40A,Female,0,No,No,42,Yes,Yes,DSL,No,Yes,Yes,No,Yes,No,Month-to-month,Yes,Mailed check,50.16,2114.52,Yes
JOLI-B8AAA,Male,0,No,No,2,Yes,Yes,Fiber optic,No,No,No,No,No,No,Two year,Yes,Bank transfer (automatic),55.61,121.11,No
ITFY-C82E8,Male,1,No,No,4,Yes,No,Fiber optic,No,Yes,No,Yes,No,Yes,Month-to-month,No,Mailed check,61.09,275.16,Yes
VAIH-D7192,Male,0,No,No,55,Yes,Yes,DSL,No,No,Yes,Yes,Yes,Yes,Month-to-month,Yes,Electronic check,60.73,3306.37,No
LZLL-07FFF,Female,0,Yes,No,29,Yes,Yes,No,No internet service,No internet service,No internet service,No internet service,No internet service,No internet service,Month-to-month,Yes,Mailed check,30.04,795.14,No
JBGF-1B8B3,Male,0,Yes,Yes,0,Yes,Yes,Fiber optic,No,No,No,No,Yes,Yes,Month-to-month,No,Credit card (automatic),82.98,82.98,No
SBSV-45698,Female,0,Yes,No,40,Yes,No,DSL,No,Yes,No,No,No,Yes,One year,Yes,Electronic check,42.24,1690.6,No
CJNP-AA785,Male,0,No,No,56,Yes,No,Fiber optic,Yes,No,No,No,No,No,Month-to-month,Yes,Electronic check,47.54,2643.05,Yes
HILC-31672,Female,0,No,No,0,Yes,No,DSL,Yes,No,No,No,No,No,One year,No,Credit card (automatic),33.41,33.41,No
DNFW-27C17,Male,0,Yes,Yes,25,Yes,Yes,Fiber optic,No,Yes,No,No,No,No,Month-to-month,Yes,Electronic check,77.31,1905.87,No
MOXP-6694A,Male,0,Yes,No,10,Yes,Yes,DSL,No,Yes,No,No,Yes,Yes,Month-to-month,No,Credit card (automatic),58.41,640.4,No
JBNG-5524E,Female,0,Yes,No,5,Yes,Yes,DSL,No,No,No,No,Yes,No,Month-to-month,Yes,Bank transfer (automatic),58.19,313.51,No
ITKB-DE32E,Female,1,No,Yes,56,Yes,No,Fiber optic,No,No,Yes,No,Yes,No,Month-to-month,Yes,Mailed check,57.93,3225.35,Yes
CXEW-E331C,Female,0,No,No,62,Yes,No,Fiber optic,No,No,Yes,No,Yes,No,Month-to-month,Yes,Electronic check,55.96,3456.74,No
JQPN-35816,Female,1,Yes,No,2,No,No phone service,DSL,No,No,No,No,No,No,Month-to-month,Yes,Electronic check,45.52,106.03,Yes
SKKV-8B0EC,Female,0,No,No,43,Yes,Yes,No,No internet service,No internet service,No internet service,No internet service,No internet service,No internet service,One year,No,Electronic check,31.53,1296.93,No
VRNN-97B5C,Female,0,Yes,No,0,Yes,No,DSL,No,Yes,No,Yes,Yes,No,Month-to-month,Yes,Bank transfer (automatic),48.77,48.77,No
IMBX-A30D0,Male,0,No,No,12,No,No phone service,Fiber optic,No,Yes,No,No,Yes,Yes,Two year,No,Electronic check,66.23,834.44,No
MASF-695A8,Female,0,No,No,6,Yes,Yes,DSL,No,No,Yes,No,No,Yes,Month-to-month,No,Credit card (automatic),55.5,358.57,Yes
KIKI-9C90D,Male,1,Yes,No,13,No,No phone service,DSL,No,No,No,No,No,Yes,Month-to-month,No,Credit card (automatic),48.62,690.27,Yes
UVBV-7DCE1,Male,0,No,Yes,8,Yes,No,DSL,No,Yes,No,No,No,No,One year,Yes,Electronic check,24.85,188.53,No
OSPV-B03A5,Female,1,No,Yes,6,Yes,Yes,DSL,No,No,Yes,Yes,Yes,No,Two year,No,Electronic check,62.29,347.32,Yes
JXCN-40567,Male,0,Yes,No,65,Yes,No,No,No internet service,No internet service,No internet service,No internet service,No internet service,No internet service,Month-to-month,No,Mailed check,18.8,1172.21,No
ESJO-89847,Female,0,No,No,62,Yes,Yes,DSL,No,No,No,No,Yes,No,Month-to-month,Yes,Electronic check,48.16,2969.27,No
NASL-4046D,Female,0,Yes,No,35,Yes,Yes,Fiber optic,No,No,No,No,No,No,One year,No,Credit card (automatic),57.75,2035.53,No
QKDH-E2A83,Male,0,No,No,6,Yes,Yes,Fiber optic,No,No,No,No,No,No,Two year,No,Bank transfer (automatic),59.32,301.24,No
WKRC-F04EA,Male,0,Yes,Yes,8,Yes,No,DSL,No,No,No,No,No,Yes,Month-to-month,Yes,Bank transfer (automatic),40.69,319.8,No
RIUY-93E0E,Female,0,Yes,No,27,Yes,No,DSL,No,No,Yes,No,No,Yes,Month-to-month,No,Mailed check,46.63,1291.4,No
ABBE-B615F,Female,0,No,Yes,11,Yes,No,Fiber optic,Yes,No,No,No,No,Yes,Month-to-month,Yes,Credit card (automatic),62.47,620.67,No
NSGN-CA09C,Male,0,No,No,27,Yes,No,DSL,No,No,No,No,Yes,Yes,Month-to-month,No,Electronic check,52.8,1375.36,No
DKQA-BD871,Male,1,Yes,Yes,69,Yes,Yes,No,No internet service,No internet service,No internet service,No internet service,No internet service,No internet service,Month-to-month,Yes,Bank transfer (automatic),28.44,2005.2,Yes
SYWO-04401,Male,0,No,No,3,Yes,No,Fiber optic,Yes,Yes,Yes,Yes,Yes,No,Month-to-month,Yes,Bank transfer (automatic),68.09,249.93,Yes
OCBY-9C359,Male,1,Yes,Yes,8,No,No phone service,Fiber optic,No,No,No,No,Yes,Yes,One year,Yes,Mailed check,70.2,448.0,Yes
RJXS-310DD,Female,0,Yes,No,48,No,No phone service,No,No internet service,No internet service,No internet service,No internet service,No internet service,No internet service,Month-to-month,Yes,Electronic check,18.8,863.01,No
MSWE-F772A,Female,0,No,No,67,Yes,No,No,No internet service,No internet service,No internet service,No internet service,No internet service,No internet service,Month-to-month,No,Bank transfer (automatic),21.48,1383.95,No
PAQD-49C27,Female,1,Yes,Yes,64,Yes,No,No,No internet service,No internet service,No internet service,No internet service,No internet service,No internet service,Two year,No,Electronic check,18.8,1201.44,No
HSVQ-C794F,Female,0,Yes,Yes,7,Yes,No,Fiber optic,No,Yes,Yes,No,Yes,Yes,One year,Yes,Bank transfer (automatic),66.08,447.6,No
FXTZ-A542F,Male,1,No,Yes,0,Yes,No,DSL,No,No,No,No,No,Yes,Two year,Yes,Credit card (automatic),43.76,43.76,No
CVSD-E2281,Male,0,Yes,No,9,Yes,No,No,No internet service,No internet service,No internet service,No internet service,No internet service,No internet service,Month-to-month,Yes,Credit card (automatic),18.8,179.79,No
CQZB-A9127,Female,0,No,No,43,Yes,No,DSL,Yes,Yes,Yes,Yes,Yes,Yes,Month-to-month,No,Bank transfer (automatic),56.55,2507.44,No
SFLM-B3BD9,Female,0,Yes,No,2,Yes,No,No,No internet service,No internet service,No internet service,No internet service,No internet service,No internet service,Month-to-month,Yes,Electronic check,18.8,96.24,Yes
SEXH-3867C,Female,0,No,Yes,1,Yes,Yes,Fiber optic,No,No,Yes,Yes,No,No,Month-to-month,No,Mailed check,60.23,120.52,Yes
NJUJ-FF7CB,Female,0,Yes,No,6,Yes,No,No,No internet service,No internet service,No internet service,No internet service,No internet service,No internet service,Month-to-month,No,Bank transfer (automatic),31.97,131.29,Yes
WLKH-99747,Female,0,Yes,No,65,Yes,Yes,Fiber optic,No,No,No,No,Yes,Yes,Two year,No,Mailed check,71.5,4744.88,No
NDRV-56196,Female,0,No,No,66,Yes,No,DSL,No,No,No,Yes,Yes,No,Two year,Yes,Electronic check,53.21,3496.0,No
WXUF-37907,Female,1,No,No,1,Yes,Yes,Fiber optic,No,No,No,No,No,Yes,Month-to-month,Yes,Electronic check,66.07,41.65,Yes
CGJB-4AFC4,Female,0,No,Yes,10,Yes,Yes,No,No internet service,No internet service,No internet service,No internet service,No internet service,No internet service,Month-to-month,No,Bank transfer (automatic),28.84,288.51,Yes
YLJW-6B25F,Female,0,Yes,No,3,Yes,No,No,No internet service,No internet service,No internet service,No internet service,No internet service,No internet service,Two year,Yes,Bank transfer (automatic),18.8,91.47,No
GWMY-6763D,Male,0,No,No,68,Yes,Yes,No,No internet service,No internet service,No internet service,No internet service,No internet service,No internet service,One year,Yes,Bank transfer (automatic),24.09,1730.58,No
ONJU-531D1,Female,0,Yes,No,50,Yes,Yes,Fiber optic,No,No,No,Yes,No,No,Two year,No,Credit card (automatic),66.3,3354.61,No
VJAY-BB8C2,Male,1,No,Yes,69,Yes,Yes,DSL,No,No,Yes,Yes,No,No,Month-to-month,Yes,Credit card (automatic),51.6,3564.33,No
GOTP-6A086,Male,0,No,No,6,Yes,No,No,No internet service,No internet service,No internet service,No internet service,No internet service,No internet service,Month-to-month,Yes,Electronic check,18.8,20.96,No
MDXW-FDA41,Female,0,Yes,No,30,Yes,Yes,DSL,No,No,No,No,No,Yes,One year,Yes,Electronic check,60.89,1859.88,No
PYJZ-24A7C,Female,0,No,No,17,Yes,Yes,DSL,No,No,No,No,No,Yes,Month-to-month,Yes,Credit card (automatic),54.81,953.8,Yes
IUHD-98906,Male,0,Yes,No,51,Yes,No,Fiber optic,No,No,No,Yes,Yes,No,One year,Yes,Electronic check,65.19,3311.17,No
CUCY-09515,Male,1,No,No,66,Yes,No,Fiber optic,No,Yes,No,No,Yes,Yes,Month-to-month,Yes,Credit card (automatic),57.84,3853.21,No
BSWI-727F8,Female,0,No,No,8,Yes,No,DSL,No,No,Yes,Yes,No,No,One year,No,Electronic check,39.14,282.41,No
WUDB-5F20F,Male,1,Yes,Yes,47,Yes,No,DSL,No,Yes,No,No,No,Yes,Month-to-month,Yes,Electronic check,47.76,2208.28,Yes
FJUC-2B0B8,Female,0,No,No,65,Yes,Yes,No,No internet service,No internet service,No internet service,No internet service,No internet service,No internet service,One year,Yes,Mailed check,35.54,2339.85,No
GPIY-6B4D4,Female,1,Yes,Yes,9,Yes,No,No,No internet service,No internet service,No internet service,No internet service,No internet service,No internet service,One year,Yes,Credit card (automatic),18.8,242.63,No
NUYT-AB6A9,Female,0,No,Yes,39,Yes,No,DSL,Yes,No,No,Yes,No,No,Two year,Yes,Bank transfer (automatic),36.57,1357.1,No
NIJD-B0142,Male,1,Yes,No,10,Yes,No,Fiber optic,No,Yes,No,No,No,Yes,Month-to-month,No,Bank transfer (automatic),63.38,623.22,No
TDLT-9957C,Male,1,No,No,16,Yes,Yes,Fiber optic,No,No,Yes,No,Yes,Yes,Two year,No,Bank transfer (automatic),79.92,1295.19,Yes
MSVG-1762C,Female,1,Yes,No,20,Yes,No,Fiber optic,No,No,No,No,Yes,No,Month-to-month,Yes,Mailed check,51.2,994.42,No
QRSL-83BFD,Male,0,Yes,Yes,43,Yes,No,No,No internet service,No internet service,No internet service,No internet service,No internet service,No internet service,Month-to-month,Yes,Electronic check,18.8,827.29,Yes
KBWO-C4DD0,Male,0,No,No,12,No,No phone service,Fiber optic,No,No,Yes,No,No,No,Month-to-month,Yes,Mailed check,41.94,594.57,Yes
OMRG-14847,Male,0,Yes,Yes,22,Yes,Yes,Fiber optic,No,No,No,Yes,Yes,No,Month-to-month,Yes,Mailed check,79.6,1782.55,No
KSKD-A34B4,Male,0,Yes,No,10,Yes,Yes,Fiber optic,Yes,No,Yes,Yes,No,No,Month-to-month,Yes,Bank transfer (automatic),64.83,672.41,No
BJKR-B0CB2,Male,0,No,No,28,Yes,No,Fiber optic,No,Yes,No,No,Yes,No,One year,No,Electronic check,58.28,1568.31,No
ITOI-CA80A,Male,0,No,No,6,Yes,Yes,Fiber optic,No,Yes,Yes,No,Yes,No,Month-to-month,Yes,Mailed check,71.48,500.45,Yes
EXEA-655E4,Male,0,No,No,22,Yes,No,Fiber optic,No,Yes,No,No,Yes,Yes,Month-to-month,Yes,Electronic check,57.5,1270.98,No
VEQD-3257D,Female,0,Yes,No,53,Yes,Yes,No,No internet service,No internet service,No internet service,No internet service,No internet service,No internet service,One year,Yes,Electronic check,36.67,1886.84,No
TSMH-42AC8,Male,0,No,No,35,Yes,Yes,DSL,Yes,No,No,No,No,No,One year,Yes,Electronic check,53.02,1898.5,No
OJZX-6C514,Male,0,Yes,Yes,23,Yes,No,Fiber optic,No,Yes,Yes,No,Yes,Yes,One year,No,Electronic check,62.01,1507.78,No
VMWI-71C41,Male,0,No,No,6,Yes,No,DSL,No,No,No,No,No,No,One year,No,Bank transfer (automatic),32.01,147.42,No
FRVY-397BA,Male,0,No,No,43,Yes,No,DSL,Yes,Yes,Yes,Yes,No,No,One year,Yes,Electronic check,46.57,2021.98,No
BDPN-ED096,Male,0,No,No,67,Yes,Yes,No,No internet service,No internet service,No internet service,No internet service,No internet service,No internet service,Month-to-month,No,Bank transfer (automatic),21.36,1446.42,No
MBVE-FED16,Male,0,Yes,No,46,Yes,No,Fiber optic,No,Yes,No,No,No,No,Month-to-month,Yes,Mailed check,45.69,2010.07,No
APWN-04265,Male,1,No,No,17,Yes,Yes,Fiber optic,Yes,No,No,No,Yes,No,One year,No,Mailed check,79.64,1257.47,Yes
VFHG-E4FA4,Male,1,No,No,13,Yes,No,Fiber optic,No,No,No,No,No,Yes,One year,Yes,Electronic check,63.55,734.43,Yes
PDXY-426CA,Female,1,No,Yes,30,No,No phone service,No,No internet service,No internet service,No internet service,No internet service,No internet service,No internet service,Month-to-month,Yes,Mailed check,25.35,713.73,Yes
BAGT-4E4EE,Male,1,Yes,No,48,Yes,No,DSL,Yes,No,No,Yes,No,No,Month-to-month,Yes,Mailed check,47.99,2279.25,No
SEBE-ABFF4,Male,0,No,No,56,Yes,No,Fiber optic,No,Yes,No,Yes,No,No,Month-to-month,No,Electronic check,57.91,3217.45,No
KUUI-01D5B,Male,0,No,No,4,Yes,No,Fiber optic,No,No,Yes,No,No,Yes,Month-to-month,Yes,Credit card (automatic),64.51,238.47,No
UXMQ-3FE65,Male,0,Yes,Yes,61,No,No phone service,DSL,Yes,Yes,No,No,No,No,One year,No,Electronic check,30.77,1877.88,No
TKSC-4CE0C,Female,0,Yes,Yes,63,Yes,No,DSL,No,No,No,No,Yes,No,Month-to-month,Yes,Credit card (automatic),44.44,2768.35,No
BWGJ-BD65F,Female,0,Yes,No,22,Yes,Yes,Fiber optic,Yes,Yes,Yes,No,No,No,One year,Yes,Bank transfer (automatic),55.3,1160.81,No
ZNAZ-981FB,Female,0,Yes,No,2,Yes,Yes,DSL,Yes,No,Yes,No,Yes,No,Two year,Yes,Credit card (automatic),51.6,146.23,No
FJIW-7DB56,Female,0,Yes,No,8,Yes,Yes,No,No internet service,No internet service,No internet service,No internet service,No internet service,No internet service,Month-to-month,No,Electronic check,34.66,232.54,No
VMRD-695D3,Female,0,Yes,No,38,Yes,No,Fiber optic,No,No,No,No,No,No,One year,Yes,Mailed check,50.86,1934.41,No
WBLN-48E78,Female,0,No,No,3,Yes,Yes,Fiber optic,No,No,No,No,No,Yes,One year,Yes,Electronic check,63.46,174.36,No
YYAS-DFC1C,Female,0,No,No,67,Yes,Yes,DSL,Yes,No,No,No,No,No,Month-to-month,Yes,Bank transfer (automatic),48.8,3357.03,No
VNAE-4D2B2,Female,0,Yes,Yes,9,Yes,No,DSL,Yes,No,No,Yes,Yes,No,Month-to-month,Yes,Electronic check,56.11,548.02,No
VAGC-8C68A,Female,0,No,No,3,Yes,Yes,Fiber optic,No,No,No,No,Yes,No,Month-to-month,No,Electronic check,63.79,178.86,Yes
LTHE-22000,Female,0,No,No,40,Yes,No,No,No internet service,No internet service,No internet service,No internet service,No internet service,No internet service,Month-to-month,No,Electronic check,25.63,1089.29,No
EQGP-1C57A,Female,0,Yes,No,53,Yes,No,Fiber optic,No,No,Yes,Yes,No,No,One year,Yes,Credit card (automatic),65.91,3493.42,No
ZUKI-515C4,Female,1,Yes,No,32,Yes,Yes,No,No internet service,No internet service,No internet service,No internet service,No internet service,No internet service,Month-to-month,Yes,Electronic check,30.0,923.68,No
KBGB-74F95,Female,0,No,No,9,Yes,No,Fiber optic,No,No,Yes,No,No,No,Month-to-month,No,Electronic check,41.89,355.28,Yes
NYEG-8182D,Female,0,No,No,39,Yes,No,DSL,Yes,Yes,No,No,No,No,One year,Yes,Bank transfer (automatic),31.59,1244.96,No
UBNF-98F28,Female,0,No,No,0,Yes,No,DSL,No,Yes,No,No,No,No,Month-to-month,No,Electronic check,34.88,34.88,Yes
ZDGS-13F90,Female,0,No,No,28,Yes,No,No,No internet service,No internet service,No internet service,No internet service,No internet service,No internet service,One year,Yes,Mailed check,19.28,562.25,No
WNMZ-56932,Male,0,Yes,No,9,Yes,Yes,Fiber optic,No,No,No,No,Yes,No,Two year,Yes,Bank transfer (automatic),67.08,535.86,No
DHCN-F4002,Female,0,No,Yes,25,Yes,Yes,No,No internet service,No internet service,No internet service,No internet service,No internet service,No internet service,Month-to-month,Yes,Electronic check,31.69,776.87,Yes
PMKT-69F21,Male,0,Yes,Yes,41,No,No phone service,Fiber optic,No,Yes,No,Yes,Yes,No,Month-to-month,Yes,Mailed check,77.02,3269.56,Yes
FEVW-82DE6,Female,1,Yes,No,1,No,No phone service,No,No internet service,No internet service,No internet service,No internet service,No internet service,No internet service,Two year,Yes,Electronic check,20.99,23.16,No
RPNJ-445CD,Female,1,Yes,No,38,Yes,Yes,DSL,No,Yes,No,Yes,Yes,Yes,Month-to-month,No,Bank transfer (automatic),72.96,2853.53,No
CBMT-8DBB8,Male,0,Yes,Yes,68,Yes,No,Fiber optic,No,No,No,Yes,Yes,Yes,One year,Yes,Credit card (automatic),63.92,4409.54,No
BETI-B50AE,Female,0,No,Yes,60,Yes,No,Fiber optic,No,No,No,No,No,Yes,Month-to-month,No,Electronic check,58.41,3507.89,Yes
LDKY-51C30,Male,0,No,No,67,Yes,No,Fiber optic,No,No,Yes,No,No,No,Two year,No,Mailed check,48.78,3289.86,No
RIDB-2205D,Male,0,No,No,17,Yes,Yes,No,No internet service,No internet service,No internet service,No internet service,No internet service,No internet service,Month-to-month,Yes,Mailed check,20.89,279.34,No
KAWQ-F9780,Male,0,Yes,No,6,Yes,Yes,No,No internet service,No internet service,No internet service,No internet service,No internet service,No internet service,Month-to-month,Yes,Mailed check,28.74,204.74,Yes
JLHV-F7C3E,Female,0,No,Yes,36,Yes,No,DSL,No,No,No,Yes,Yes,Yes,Two year,Yes,Mailed check,62.07,2238.32,No
STPV-8FA73,Female,0,No,Yes,30,No,No phone service,Fiber optic,Yes,No,No,Yes,No,Yes,Month-to-month,No,Bank transfer (automatic),69.61,2064.15,Yes
XBBA-13747,Female,1,Yes,No,6,No,No phone service,Fiber optic,Yes,No,No,Yes,No,No,One year,Yes,Mailed check,51.48,253.56,No
LLBN-480DB,Male,0,No,No,53,Yes,No,Fiber optic,No,Yes,Yes,Yes,No,Yes,Month-to-month,Yes,Bank transfer (automatic),66.77,3565.63,No
IJIZ-B7A1D,Male,0,No,No,58,No,No phone service,Fiber optic,No,Yes,Yes,No,No,No,Month-to-month,Yes,Electronic check,52.75,3039.1,No
PISA-7FC09,Female,0,Yes,No,48,Yes,No,No,No internet service,No internet service,No internet service,No internet service,No internet service,No internet service,One year,No,Credit card (automatic),18.8,829.43,No
RNIR-6FDE6,Female,1,No,No,47,Yes,Yes,Fiber optic,No,Yes,No,No,No,No,One year,No,Credit card (automatic),65.5,3095.48,No
RDTT-C074E,Female,0,No,No,48,Yes,No,Fiber optic,No,No,No,No,No,No,Month-to-month,No,Bank transfer (automatic),52.58,2504.29,No
NPLC-996A6,Female,0,No,Yes,6,Yes,No,DSL,No,No,No,No,No,No,Month-to-month,No,Electronic check,33.35,270.89,No
RJUX-70AFB,Female,0,No,No,52,Yes,No,Fiber optic,No,Yes,Yes,No,Yes,No,One year,No,Mailed check,62.9,3266.31,No
JOJU-BA629,Male,0,Yes,Yes,0,Yes,Yes,No,No internet service,No internet service,No internet service,No internet service,No internet service,No internet service,Two year,No,Bank transfer (automatic),20.78,20.78,No
IXBW-C8FB0,Male,1,No,No,1,Yes,No,No,No internet service,No internet service,No internet service,No internet service,No internet service,No internet service,Two year,Yes,Credit card (automatic),19.34,97.76,No
KVUE-2E0F8,Male,0,No,Yes,31,No,No phone service,Fiber optic,Yes,No,Yes,No,No,Yes,Month-to-month,Yes,Bank transfer (automatic),59.03,1820.93,No
UFIS-2190F,Female,0,Yes,Yes,51,Yes,No,No,No internet service,No internet service,No internet service,No internet service,No internet service,No internet service,One year,Yes,Mailed check,23.62,1200.3,No
RSNQ-F03B1,Male,0,Yes,No,5,Yes,No,DSL,No,No,No,No,No,No,Month-to-month,Yes,Mailed check,30.12,163.9,Yes
GABL-A1FCA,Male,0,No,No,5,Yes,Yes,DSL,No,No,No,No,Yes,No,Month-to-month,Yes,Bank transfer (automatic),58.65,266.61,Yes
BNXG-89BE2,Male,0,Yes,No,11,Yes,Yes,No,No internet service,No internet service,No internet service,No internet service,No internet service,No internet service,Month-to-month,Yes,Mailed check,39.09,492.72,No
BCGJ-E8B9F,Male,0,No,No,9,Yes,No,Fiber optic,Yes,No,No,Yes,Yes,Yes,Month-to-month,No,Bank transfer (automatic),75.94,761.19,No
IRHG-F0462,Male,0,No,No,10,Yes,No,Fiber optic,No,Yes,No,No,No,No,Two year,Yes,Credit card (automatic),48.96,444.52,Yes
UJLH-E6C9F,Female,0,Yes,Yes,41,Yes,No,No,No internet service,No internet service,No internet service,No internet service,No internet service,No internet service,One year,Yes,Credit card (automatic),21.81,958.21,No
PZSB-2C03C,Male,0,Yes,No,51,No,No phone service,Fiber optic,No,No,No,Yes,No,Yes,One year,Yes,Electronic check,51.07,2693.52,No
JFFI-D7FB4,Female,1,Yes,No,11,Yes,Yes,Fiber optic,No,No,Yes,No,No,Yes,Two year,Yes,Mailed check,67.92,732.35,Yes
EYXD-5BFE4,Female,0,No,Yes,26,Yes,Yes,DSL,No,No,Yes,Yes,Yes,No,Two year,Yes,Mailed check,60.95,1565.18,No
XSMJ-DDE74,Female,0,No,No,2,No,No phone service,No,No internet service,No internet service,No internet service,No internet service,No internet service,No internet service,Month-to-month,No,Bank transfer (automatic),18.8,30.0,Yes
WHTN-933A4,Female,0,No,Yes,57,Yes,No,No,No internet service,No internet service,No internet service,No internet service,No internet service,No internet service,One year,No,Electronic check,24.0,1339.74,No
RZCY-22D3A,Female,0,Yes,No,55,Yes,Yes,DSL,No,No,No,No,No,Yes,Month-to-month,Yes,Credit card (automatic),52.46,2873.63,No
CCFN-43D21,Male,0,No,No,31,Yes,Yes,No,No internet service,No internet service,No internet service,No internet service,No internet service,No internet service,Month-to-month,Yes,Credit card (automatic),36.92,1105.28,No
CWMZ-C4C78,Male,0,No,No,58,Yes,Yes,Fiber optic,No,No,No,No,No,No,One year,Yes,Electronic check,50.21,3018.61,No
NTFB-BF911,Female,0,Yes,Yes,69,Yes,No,DSL,Yes,Yes,No,No,No,No,Month-to-month,Yes,Credit card (automatic),35.93,2445.54,No
OXPH-927FA,Female,0,No,No,33,No,No phone service,DSL,No,Yes,No,No,No,Yes,Two year,No,Mailed check,41.25,1426.21,No
CFBK-3F506,Female,0,Yes,No,30,Yes,Yes,DSL,No,Yes,No,No,No,No,Two year,No,Mailed check,41.56,1200.99,Yes
TRZJ-8800C,Male,0,No,Yes,10,Yes,No,DSL,No,No,No,No,Yes,No,Month-to-month,No,Electronic check,40.76,462.96,Yes
KRYG-C3B24,Female,0,Yes,No,41,No,No phone service,Fiber optic,Yes,Yes,Yes,No,No,No,Month-to-month,Yes,Electronic check,43.54,1701.59,No
MMAV-0E3BB,Male,0,Yes,Yes,56,Yes,Yes,Fiber optic,No,Yes,Yes,Yes,No,No,One year,Yes,Electronic check,65.4,3605.12,Yes
LNBX-1A0B5,Female,0,No,Yes,6,Yes,No,No,No internet service,No internet service,No internet service,No internet service,No internet service,No internet service,Month-to-month,Yes,Credit card (automatic),22.89,115.79,No
MAFL-B9493,Male,0,No,Yes,43,No,No phone service,DSL,No,Yes,Yes,Yes,Yes,No,Month-to-month,Yes,Mailed check,46.03,1926.47,No
OOFF-89F77,Female,1,Yes,No,43,No,No phone service,Fiber optic,Yes,No,No,No,No,No,Month-to-month,Yes,Credit card (automatic),50.26,2089.98,No
MWHJ-59B74,Male,0,No,Yes,33,No,No phone service,Fiber optic,Yes,No,No,No,No,No,Month-to-month,No,Bank transfer (automatic),51.65,1719.02,No
RHXQ-73C9E,Female,0,No,No,72,Yes,No,DSL,No,No,No,No,No,No,Month-to-month,Yes,Electronic check,37.96,2691.96,No
SUCA-A0EE9,Male,0,Yes,Yes,55,Yes,No,No,No internet service,No internet service,No internet service,No internet service,No internet service,No internet service,One year,Yes,Electronic check,19.48,1089.02,No
SKYA-4BC3C,Male,0,No,Yes,4,Yes,Yes,Fiber optic,No,No,Yes,Yes,No,No,Month-to-month,Yes,Electronic check,63.68,203.85,No
LWGR-32BA4,Male,0,No,Yes,71,Yes,Yes,No,No internet service,No internet service,No internet service,No internet service,No internet service,No internet service,Month-to-month,Yes,Bank transfer (automatic),32.51,2300.49,No
PYIN-38EA2,Male,0,No,No,64,Yes,No,No,No internet service,No internet service,No internet service,No internet service,No internet service,No internet service,One year,No,Bank transfer (automatic),20.24,1270.51,No
TKAQ-4FFAA,Male,0,Yes,Yes,49,Yes,Yes,No,No internet service,No internet service,No internet service,No internet service,No internet service,No internet service,Month-to-month,Yes,Electronic check,32.03,1687.52,No
HBBM-5F43D,Male,0,No,Yes,65,No,No phone service,DSL,Yes,No,No,No,Yes,No,Month-to-month,Yes,Electronic check,42.3,2733.07,Yes
VJCC-8D605,Male,0,No,No,69,Yes,Yes,No,No internet service,No internet service,No internet service,No internet service,No internet service,No internet service,One year,No,Credit card (automatic),26.86,1916.58,No
ALMT-1727F,Female,0,No,No,36,Yes,No,DSL,Yes,Yes,No,No,No,Yes,Month-to-month,Yes,Electronic check,42.87,1641.22,No
TVBT-DAC0B,Female,0,Yes,Yes,39,Yes,No,No,No internet service,No internet service,No internet service,No internet service,No internet service,No internet service,Two year,No,Electronic check,18.98,760.32,No
VFMK-12418,Female,0,No,No,11,Yes,No,Fiber optic,No,Yes,No,No,No,No,One year,No,Mailed check,55.28,631.91,Yes
BAQG-65772,Female,0,Yes,Yes,55,Yes,No,Fiber optic,No,No,No,Yes,No,No,Month-to-month,No,Mailed check,54.01,2972.65,No
ALOT-319E3,Female,0,No,No,11,Yes,No,Fiber optic,Yes,No,Yes,No,Yes,Yes,Two year,Yes,Credit card (automatic),72.55,781.54,No
CKOQ-1A50E,Male,0,No,No,41,Yes,Yes,Fiber optic,Yes,Yes,No,No,No,No,Month-to-month,No,Credit card (automatic),69.84,2819.95,Yes
NHVU-3F847,Male,0,Yes,Yes,49,Yes,Yes,No,No internet service,No internet service,No internet service,No internet service,No internet service,No internet service,Two year,No,Electronic check,35.01,1702.68,No
EWGL-1F4A5,Male,0,Yes,Yes,56,Yes,Yes,Fiber optic,No,No,No,No,Yes,Yes,Two year,Yes,Bank transfer (automatic),90.43,5020.48,No
OOHL-93226,Male,0,No,No,66,Yes,No,Fiber optic,Yes,No,No,Yes,Yes,No,Month-to-month,Yes,Credit card (automatic),70.14,4639.15,No
FHRR-FC6EE,Male,0,No,No,62,Yes,No,Fiber optic,Yes,Yes,No,Yes,No,No,Month-to-month,No,Credit card (automatic),41.83,2546.08,No
FEXX-D7DCB,Female,0,Yes,Yes,9,Yes,Yes,Fiber optic,No,No,No,No,No,Yes,Month-to-month,No,Mailed check,69.01,700.51,No
PGTW-E90B4,Female,1,No,Yes,24,Yes,Yes,Fiber optic,No,No,Yes,Yes,No,No,Month-to-month,Yes,Electronic check,63.74,1563.0,No
FCEM-46886,Female,1,No,No,45,Yes,No,DSL,No,No,No,Yes,Yes,No,Two year,Yes,Credit card (automatic),49.91,2297.89,No
LXHA-C1C5D,Female,0,No,No,61,Yes,Yes,Fiber optic,No,Yes,Yes,Yes,No,Yes,Month-to-month,Yes,Mailed check,65.13,4017.24,Yes
EEKK-BAFA3,Male,0,No,Yes,11,Yes,Yes,Fiber optic,No,No,Yes,No,No,No,Two year,Yes,Electronic check,61.65,627.64,No
CGZT-B47BF,Male,0,Yes,Yes,68,Yes,Yes,Fiber optic,Yes,No,Yes,No,No,No,Two year,No,Electronic check,63.52,4313.28,No
PAWY-06FFF,Male,0,No,Yes,57,Yes,No,Fiber optic,No,Yes,No,No,Yes,No,Month-to-month,Yes,Mailed check,53.44,3054.29,Yes
ZADM-96449,Female,0,Yes,Yes,62,Yes,No,No,No internet service,No internet service,No internet service,No internet service,No internet service,No internet service,Month-to-month,Yes,Mailed check,19.46,1180.55,No
ZVED-4B0B9,Male,0,Yes,No,60,Yes,Yes,No,No internet service,No internet service,No internet service,No internet service,No internet service,No internet service,One year,Yes,Electronic check,26.32,1657.16,No
RWPQ-7A610,Female,0,Yes,Yes,69,Yes,No,No,No internet service,No internet service,No internet service,No internet service,No internet service,No internet service,Month-to-month,No,Bank transfer (automatic),18.8,1297.8,No
SQKT-7496F,Male,0,No,No,68,Yes,No,DSL,Yes,Yes,No,Yes,No,No,Month-to-month,No,Mailed check,38.97,2612.5,No
STRR-C6D0A,Male,0,No,No,30,Yes,Yes,DSL,No,No,No,No,Yes,No,Month-to-month,No,Mailed check,52.72,1491.91,Yes
OARA-B8994,Female,0,Yes,No,1,Yes,Yes,Fiber optic,No,Yes,Yes,No,Yes,No,Two year,Yes,Bank transfer (automatic),68.79,47.29,Yes
QFTC-2B0F0,Male,0,No,No,31,Yes,No,No,No internet service,No internet service,No internet service,No internet service,No internet service,No internet service,Two year,No,Electronic check,19.05,588.68,No
NZRQ-BB243,Male,0,No,No,21,No,No phone service,Fiber optic,No,No,Yes,No,Yes,No,Month-to-month,Yes,Electronic check,57.5,1120.83,Yes
FFQY-80B8C,Female,0,No,No,62,Yes,No,Fiber optic,No,No,No,No,No,No,Month-to-month,Yes,Electronic check,59.66,3641.68,No
JLRS-39F15,Male,0,No,No,13,Yes,No,Fiber optic,Yes,No,No,No,Yes,No,Month-to-month,No,Mailed check,51.13,606.09,No
NYZP-867B8,Female,0,Yes,No,42,Yes,Yes,Fiber optic,No,No,Yes,No,No,No,Month-to-month,Yes,Electronic check,50.6,2187.4,No
OVDY-B9999,Male,0,Yes,No,64,No,No phone service,Fiber optic,No,No,No,No,No,No,Month-to-month,Yes,Mailed check,54.11,3432.78,No
JTGQ-85C5A,Male,0,No,Yes,2,Yes,No,Fiber optic,No,Yes,No,No,Yes,Yes,Two year,Yes,Bank transfer (automatic),62.07,157.19,Yes
GFOZ-4117C,Male,0,No,No,49,Yes,No,Fiber optic,Yes,Yes,No,No,No,No,Month-to-month,Yes,Electronic check,58.88,2952.47,No
SFVE-8DCB5,Male,0,Yes,No,69,Yes,No,Fiber optic,No,No,No,No,No,Yes,One year,No,Electronic check,63.29,4368.47,No
TKJN-93ED4,Male,1,No,Yes,12,Yes,Yes,Fiber optic,No,Yes,No,Yes,No,No,Month-to-month,Yes,Electronic check,66.28,798.3,Yes
GBKE-EED4B,Male,0,No,No,58,Yes,No,DSL,No,Yes,No,No,No,No,Month-to-month,No,Bank transfer (automatic),31.48,1825.75,Yes
MHNE-F2438,Male,0,No,No,7,No,No phone service,DSL,No,No,No,No,No,No,Two year,Yes,Bank transfer (automatic),33.01,160.58,No
RYKF-09F1F,Male,0,Yes,No,23,Yes,No,Fiber optic,No,Yes,Yes,Yes,No,Yes,Month-to-month,Yes,Electronic check,58.87,1362.56,No
GXBX-5432C,Female,0,No,No,1,Yes,No,No,No internet service,No internet service,No internet service,No internet service,No internet service,No internet service,Month-to-month,No,Credit card (automatic),23.02,55.16,Yes
BMYK-DBCF1,Female,0,No,Yes,15,Yes,No,Fiber optic,No,Yes,No,No,Yes,No,Two year,No,Electronic check,54.09,885.68,Yes
HIBC-1FD9D,Male,0,Yes,Yes,67,Yes,Yes,No,No internet service,No internet service,No internet service,No internet service,No internet service,No internet service,Two year,Yes,Electronic check,23.06,1470.26,No
IMWD-284AA,Male,0,Yes,No,43,Yes,No,No,No internet service,No internet service,No internet service,No internet service,No internet service,No internet service,Month-to-month,Yes,Mailed check,18.8,871.28,No
IDCL-50BFF,Female,0,Yes,No,28,Yes,No,No,No internet service,No internet service,No internet service,No internet service,No internet service,No internet service,Month-to-month,Yes,Electronic check,18.8,484.14,No
DELX-97EAF,Male,0,No,No,16,Yes,No,DSL,Yes,Yes,No,No,No,No,Month-to-month,Yes,Credit card (automatic),30.25,449.01,No
WZOJ-0B40C,Male,0,Yes,Yes,68,Yes,No,DSL,No,Yes,Yes,No,No,Yes,One year,No,Credit card (automatic),49.82,3376.5,No
LOUI-D994C,Female,0,Yes,No,1,Yes,Yes,DSL,Yes,No,No,No,Yes,No,Month-to-month,No,Electronic check,47.7,18.5,Yes
GQVD-6A406,Male,0,Yes,Yes,48,No,No phone service,Fiber optic,No,Yes,No,Yes,Yes,Yes,Month-to-month,No,Mailed check,71.99,3449.39,No
MXUE-42E5E,Male,0,Yes,No,7,No,No phone service,Fiber optic,No,No,Yes,No,No,Yes,Two year,Yes,Bank transfer (automatic),62.03,395.01,No
BOBO-022BA,Female,0,Yes,No,9,Yes,Yes,DSL,No,No,Yes,No,No,No,Month-to-month,Yes,Bank transfer (automatic),51.46,495.95,Yes
OFGJ-FB005,Male,0,No,Yes,19,Yes,No,Fiber optic,No,No,Yes,No,Yes,No,Month-to-month,Yes,Bank transfer (automatic),59.33,1089.28,Yes
FKZF-97A88,Male,0,No,No,10,Yes,No,Fiber optic,No,No,Yes,No,Yes,Yes,Month-to-month,Yes,Mailed check,68.84,733.91,Yes
HZGD-115D2,Female,0,No,No,60,Yes,No,Fiber optic,Yes,No,Yes,Yes,Yes,No,Month-to-month,No,Mailed check,66.71,3902.25,No
ANOO-035BA,Male,0,Yes,No,36,Yes,No,No,No internet service,No internet service,No internet service,No internet service,No internet service,No internet service,Month-to-month,Yes,Bank transfer (automatic),19.35,661.79,No
VOKO-62944,Female,0,Yes,No,41,Yes,No,No,No internet service,No internet service,No internet service,No internet service,No internet service,No internet service,Month-to-month,Yes,Electronic check,22.13,962.98,Yes
SBAJ-9D845,Male,0,Yes,Yes,60,Yes,Yes,DSL,No,Yes,Yes,No,No,Yes,Month-to-month,Yes,Electronic check,50.99,3030.14,No
JIRU-B641C,Male,0,Yes,Yes,21,No,No phone service,DSL,Yes,No,Yes,No,Yes,No,Month-to-month,No,Credit card (automatic),47.63,984.71,No
ZBDF-C3055,Female,0,Yes,No,36,Yes,No,Fiber optic,Yes,No,No,No,Yes,No,Month-to-month,Yes,Credit card (automatic),60.74,2188.43,No
KNGA-1BA4F,Female,0,Yes,No,6,Yes,No,DSL,No,No,No,Yes,Yes,Yes,Month-to-month,Yes,Bank transfer (automatic),60.76,346.2,Yes
OUUH-997A5,Male,0,No,No,11,No,No phone service,DSL,No,No,Yes,No,No,No,Month-to-month,Yes,Bank transfer (automatic),26.74,193.93,No
CBLX-392A2,Female,0,Yes,No,56,No,No phone service,No,No internet service,No internet service,No internet service,No internet service,No internet service,No internet service,Two year,Yes,Bank transfer (automatic),18.8,1108.49,No
LVJY-01236,Female,0,No,Yes,30,Yes,No,No,No internet service,No internet service,No internet service,No internet service,No internet service,No internet service,Two year,Yes,Mailed check,18.8,525.65,No
XGJB-B8073,Male,0,Yes,Yes,72,Yes,No,Fiber optic,No,No,Yes,No,No,Yes,One year,Yes,Bank transfer (automatic),52.14,3787.96,No
KHUB-9C0EC,Male,0,Yes,No,21,Yes,Yes,No,No internet service,No internet service,No internet service,No internet service,No internet service,No internet service,Month-to-month,Yes,Mailed check,28.39,611.1,No
HMRN-CE516,Male,0,No,No,2,Yes,No,DSL,Yes,No,Yes,No,No,No,One year,Yes,Electronic check,31.77,70.75,No
PUHY-096B4,Female,0,Yes,No,31,Yes,Yes,Fiber optic,No,Yes,Yes,Yes,Yes,Yes,Two year,Yes,Electronic check,84.82,2672.11,No
YAVM-84664,Female,0,Yes,No,9,Yes,No,Fiber optic,No,No,No,No,No,No,Month-to-month,No,Electronic check,51.18,492.02,No
AKKS-7876B,Female,1,No,No,7,No,No phone service,Fiber optic,Yes,Yes,No,No,Yes,Yes,Month-to-month,Yes,Electronic check,69.73,465.71,Yes
RZMA-961DA,Female,0,No,No,11,Yes,Yes,No,No internet service,No internet service,No internet service,No internet service,No internet service,No internet service,Month-to-month,Yes,Mailed check,31.84,417.27,No
QQZR-BCBB1,Male,0,Yes,No,13,Yes,No,No,No internet service,No internet service,No internet service,No internet service,No internet service,No internet service,One year,No,Electronic check,18.8,223.26,No
KHXP-88AC3,Female,0,Yes,Yes,45,Yes,No,DSL,Yes,No,No,Yes,No,No,One year,No,Mailed check,37.58,1666.36,No
ZTFP-66D4D,Male,0,No,No,1,Yes,No,No,No internet service,No internet service,No internet service,No internet service,No internet service,No internet service,One year,No,Credit card (automatic),18.8,90.89,No
QVTQ-3FA54,Female,0,No,No,12,Yes,Yes,Fiber optic,Yes,No,No,No,Yes,No,Month-to-month,No,Electronic check,71.96,791.56,Yes
DIDX-6ACF7,Male,1,Yes,No,6,Yes,No,Fiber optic,No,No,No,Yes,Yes,Yes,One year,No,Credit card (automatic),67.32,391.89,No
BPYJ-1B920,Male,0,Yes,Yes,30,Yes,No,DSL,No,Yes,No,No,No,No,Month-to-month,No,Credit card (automatic),35.93,1067.06,No
NDEI-7D6D9,Male,0,No,Yes,53,Yes,Yes,No,No internet service,No internet service,No internet service,No internet service,No internet service,No internet service,One year,Yes,Electronic check,27.29,1493.68,No
KNDZ-4EA47,Female,0,Yes,Yes,64,Yes,Yes,Fiber optic,No,No,Yes,Yes,No,No,Month-to-month,Yes,Mailed check,66.33,4260.19,No
DQBQ-3231E,Male,0,Yes,Yes,34,Yes,No,No,No internet service,No internet service,No internet service,No internet service,No internet service,No internet service,Two year,No,Mailed check,18.8,650.98,No
YYSF-CC3DF,Male,0,No,No,72,Yes,Yes,DSL,Yes,Yes,No,No,No,No,Month-to-month,Yes,Electronic check,40.24,2924.08,No
JPWG-F4F3B,Female,0,Yes,Yes,70,Yes,No,DSL,No,Yes,No,No,No,No,Month-to-month,No,Electronic check,31.76,2237.04,No
NJLF-AF94A,Male,0,No,No,2,Yes,No,DSL,No,No,No,No,No,No,Two year,No,Mailed check,39.02,84.84,No
LXGN-7E19C,Female,0,No,Yes,7,Yes,Yes,Fiber optic,No,No,No,No,No,Yes,Month-to-month,Yes,Mailed check,70.49,508.96,Yes
JNHK-F5397,Female,0,No,Yes,40,No,No phone service,Fiber optic,No,No,Yes,No,No,Yes,Month-to-month,Yes,Mailed check,56.88,2271.56,No
UAXS-D675D,Male,0,Yes,No,24,Yes,No,DSL,No,No,No,Yes,No,Yes,Two year,Yes,Bank transfer (automatic),52.28,1205.21,No
BNGQ-FA060,Male,0,Yes,No,3,Yes,Yes,DSL,No,No,Yes,No,No,No,Month-to-month,No,Mailed check,51.98,85.36,No
MESN-4DBA5,Female,0,Yes,Yes,67,Yes,No,DSL,No,No,Yes,No,Yes,No,One year,No,Credit card (automatic),39.51,2687.05,No
HPUV-C0F30,Male,0,Yes,No,52,Yes,Yes,Fiber optic,Yes,No,No,No,Yes,Yes,Month-to-month,Yes,Bank transfer (automatic),85.73,4506.3,No
OLCF-37BA0,Female,0,No,Yes,48,Yes,Yes,Fiber optic,No,No,No,No,No,Yes,One year,No,Electronic check,57.2,2721.8,No
EPUA-51762,Female,0,Yes,No,47,Yes,Yes,No,No internet service,No internet service,No internet service,No internet service,No internet service,No internet service,Month-to-month,Yes,Credit card (automatic),28.14,1315.76,No
ZTOT-4E669,Female,0,Yes,No,47,Yes,Yes,No,No internet service,No internet service,No internet service,No internet service,No internet service,No internet service,Two year,Yes,Credit card (automatic),26.15,1292.34,No
PQVG-B3378,Male,0,Yes,No,50,No,No phone service,Fiber optic,Yes,No,No,No,No,No,Month-to-month,No,Mailed check,48.27,2496.12,No
QDVO-9BB67,Female,0,Yes,No,5,No,No phone service,No,No internet service,No internet service,No internet service,No internet service,No internet service,No internet service,Two year,No,Electronic check,18.8,76.41,No
GOFQ-637E8,Male,1,No,No,33,Yes,Yes,DSL,Yes,No,No,No,No,No,Month-to-month,Yes,Bank transfer (automatic),56.21,1888.47,No
ILPD-80D91,Male,0,No,No,5,Yes,Yes,Fiber optic,No,No,No,No,No,No,Month-to-month,No,Electronic check,47.51,244.9,No
MWZD-425DB,Male,0,No,No,8,No,No phone service,DSL,No,No,No,No,No,Yes,Two year,Yes,Mailed check,41.85,376.4,No
GIPP-76E8C,Male,0,No,No,11,Yes,Yes,DSL,No,Yes,No,Yes,No,No,Two year,Yes,Mailed check,49.78,522.5,No
YIUV-3329C,Female,0,No,Yes,68,Yes,Yes,Fiber optic,Yes,Yes,Yes,No,No,No,Month-to-month,Yes,Bank transfer (automatic),49.04,3268.53,No
TKSA-A7DF8,Male,0,Yes,No,41,Yes,No,No,No internet service,No internet service,No internet service,No internet service,No internet service,No internet service,Month-to-month,No,Electronic check,22.73,922.73,Yes
QYID-85AC8,Female,1,Yes,Yes,72,Yes,No,DSL,No,Yes,Yes,No,Yes,No,Two year,Yes,Mailed check,38.88,2728.79,No
IOLE-C58E3,Female,0,No,No,17,Yes,No,DSL,No,No,No,No,No,No,Month-to-month,No,Credit card (automatic),34.69,662.28,No
LELH-E4927,Male,1,Yes,No,6,No,No phone service,Fiber optic,Yes,Yes,No,Yes,Yes,Yes,Two year,Yes,Credit card (automatic),77.49,458.16,No
VRHZ-C6F25,Female,0,Yes,No,46,Yes,No,DSL,Yes,No,No,No,Yes,No,One year,Yes,Mailed check,44.17,2057.95,No
YZVE-3A0FF,Female,0,No,No,0,Yes,No,Fiber optic,No,Yes,No,No,No,No,Two year,Yes,Credit card (automatic),48.42,48.42,No
VZFW-414CF,Male,0,Yes,Yes,53,Yes,No,No,No internet service,No internet service,No internet service,No internet service,No internet service,No internet service,Month-to-month,No,Electronic check,18.8,1090.43,No
PGPN-8525E,Female,0,No,Yes,6,Yes,Yes,Fiber optic,No,No,No,No,No,No,Month-to-month,Yes,Electronic check,59.15,378.1,Yes
KAIL-9A627,Female,0,No,No,33,Yes,No,No,No internet service,No internet service,No internet service,No internet service,No internet service,No internet service,Month-to-month,No,Bank transfer (automatic),19.67,662.58,No
ANLJ-AC488,Female,0,Yes,No,66,Yes,Yes,DSL,Yes,No,No,No,Yes,Yes,Month-to-month,No,Bank transfer (automatic),55.7,3621.03,No
NKFE-00C1D,Female,0,Yes,No,55,Yes,No,DSL,No,No,Yes,Yes,No,No,Two year,Yes,Mailed check,39.2,2142.71,No
XGLJ-655A6,Male,0,No,Yes,20,Yes,Yes,Fiber optic,No,No,Yes,No,No,Yes,Two year,No,Bank transfer (automatic),69.64,1420.89,No
EJZZ-09F31,Female,0,Yes,No,21,Yes,No,No,No internet service,No internet service,No internet service,No internet service,No internet service,No internet service,Month-to-month,No,Credit card (automatic),18.8,339.86,No
FIYG-546F1,Female,0,Yes,Yes,7,No,No phone service,No,No internet service,No internet service,No internet service,No internet service,No internet service,No internet service,Month-to-month,Yes,Bank transfer (automatic),26.73,240.76,No
LPDB-F4351,Female,0,No,Yes,2,Yes,No,DSL,Yes,No,Yes,No,Yes,No,One year,No,Mailed check,40.97,117.57,No
DANM-4E401,Female,0,Yes,No,53,Yes,Yes,Fiber optic,Yes,No,Yes,No,Yes,Yes,Month-to-month,No,Bank transfer (automatic),85.19,4505.82,No
SNGG-36BAB,Male,0,Yes,No,39,Yes,No,DSL,No,No,No,Yes,No,No,Two year,Yes,Mailed check,43.26,1705.29,No
BOTF-90EB9,Female,0,Yes,Yes,39,Yes,No,Fiber optic,No,Yes,No,No,No,No,Month-to-month,No,Bank transfer (automatic),48.12,1973.27,No
PRKZ-3CCD1,Male,0,No,No,20,Yes,No,Fiber optic,Yes,No,Yes,No,Yes,No,Month-to-month,Yes,Bank transfer (automatic),57.35,1288.01,Yes
LQQR-A3D7F,Female,0,Yes,Yes,30,Yes,Yes,No,No internet service,No internet service,No internet service,No internet service,No internet service,No internet service,Two year,Yes,Credit card (automatic),25.46,733.53,No
NNPW-E9801,Male,0,Yes,Yes,41,Yes,No,Fiber optic,Yes,Yes,Yes,Yes,No,No,Month-to-month,No,Mailed check,49.58,2070.15,No
TILQ-350C8,Male,1,Yes,No,0,Yes,Yes,No,No internet service,No internet service,No internet service,No internet service,No internet service,No internet service,One year,Yes,Bank transfer (automatic),37.54,37.54,No
EPDU-34EBA,Male,0,Yes,No,69,Yes,No,No,No internet service,No internet service,No internet service,No internet service,No internet service,No internet service,One year,No,Credit card (automatic),18.8,1308.82,No
PNEH-FEBEC,Male,0,No,Yes,37,Yes,No,Fiber optic,No,Yes,Yes,No,No,No,Month-to-month,Yes,Electronic check,50.98,1871.3,Yes
KSTD-E7575,Male,0,No,Yes,36,Yes,No,Fiber optic,Yes,No,Yes,No,No,No,One year,No,Mailed check,50.66,1859.53,No
IOZK-3C484,Female,1,Yes,Yes,63,Yes,Yes,Fiber optic,No,No,No,No,No,Yes,Month-to-month,Yes,Mailed check,68.94,4369.59,Yes
FGJY-AB005,Female,0,Yes,No,4,Yes,Yes,Fiber optic,Yes,Yes,Yes,No,No,No,One year,Yes,Mailed check,56.11,183.91,Yes
XATV-4121D,Female,0,Yes,No,19,No,No phone service,Fiber optic,No,No,Yes,No,No,Yes,Month-to-month,No,Bank transfer (automatic),59.01,1170.63,Yes
URCY-AD63D,Male,1,No,Yes,13,Yes,Yes,DSL,No,Yes,No,No,Yes,Yes,Month-to-month,No,Electronic check,59.76,767.08,No
BEDC-83FE2,Female,1,Yes,No,0,Yes,No,Fiber optic,Yes,No,No,No,No,No,One year,Yes,Credit card (automatic),45.87,45.87,No
VBHR-312A3,Male,1,Yes,Yes,2,Yes,No,Fiber optic,Yes,No,Yes,Yes,No,Yes,Month-to-month,No,Mailed check,61.35,143.31,No
GFWX-C04E8,Male,0,No,No,8,Yes,No,DSL,No,Yes,No,No,No,Yes,One year,No,Credit card (automatic),51.06,397.96,No
BGVW-6213C,Female,0,Yes,Yes,11,Yes,No,Fiber optic,No,No,Yes,No,No,No,Two year,Yes,Credit card (automatic),41.2,459.25,No
VGZW-FC9FB,Female,0,No,No,42,Yes,No,Fiber optic,No,No,No,No,Yes,No,Two year,No,Electronic check,60.01,2442.84,No
VKGO-65B95,Male,0,Yes,Yes,56,Yes,Yes,Fiber optic,No,No,No,No,No,No,One year,No,Mailed check,64.06,3583.42,No
GOIG-3A651,Male,0,Yes,No,10,Yes,No,Fiber optic,No,No,No,No,No,No,Month-to-month,Yes,Bank transfer (automatic),54.82,575.7,No
BSZI-D9492,Female,0,No,Yes,68,Yes,Yes,No,No internet service,No internet service,No internet service,No internet service,No internet service,No internet service,Month-to-month,Yes,Electronic check,36.81,2512.09,No
ITWF-E93CE,Female,0,Yes,No,1,Yes,Yes,Fiber optic,No,Yes,Yes,No,Yes,No,Month-to-month,No,Mailed check,61.21,74.17,Yes
HCHT-04509,Female,0,Yes,No,42,Yes,Yes,Fiber optic,No,Yes,Yes,No,Yes,No,One year,Yes,Mailed check,77.02,3297.95,No
UEXY-DB73E,Female,0,Yes,No,19,Yes,Yes,DSL,No,No,No,Yes,Yes,No,One year,No,Bank transfer (automatic),50.78,906.61,No
NLKF-6C861,Male,1,No,Yes,47,Yes,No,Fiber optic,No,No,Yes,No,No,No,One year,Yes,Mailed check,46.81,2148.36,No
KFKD-F21A5,Female,0,Yes,No,7,No,No phone service,Fiber optic,Yes,No,Yes,Yes,No,Yes,Month-to-month,Yes,Bank transfer (automatic),61.19,372.76,Yes
ZKQV-FC9D4,Female,0,No,No,3,Yes,Yes,Fiber optic,No,Yes,Yes,No,No,No,Month-to-month,Yes,Mailed check,53.96,183.22,Yes
WWJB-A10F9,Female,0,No,No,67,Yes,No,Fiber optic,Yes,No,No,No,Yes,Yes,Month-to-month,Yes,Mailed check,62.62,4290.45,Yes
QWYY-25C03,Male,0,No,Yes,8,Yes,Yes,Fiber optic,No,No,No,No,No,No,Month-to-month,No,Mailed check,60.79,499.83,No
NIEX-76AA7,Male,1,No,No,56,Yes,Yes,Fiber optic,No,No,No,Yes,No,No,Month-to-month,Yes,Electronic check,62.1,3438.44,No
XHWW-0C27E,Male,0,Yes,No,35,Yes,Yes,DSL,No,Yes,No,No,Yes,Yes,Month-to-month,Yes,Electronic check,60.62,2054.47,No
FOUM-11800,Male,0,Yes,Yes,56,Yes,No,DSL,No,No,No,No,No,Yes,Month-to-month,Yes,Mailed check,37.6,2143.67,Yes
YNMC-C83C3,Female,0,Yes,No,14,Yes,No,No,No internet service,No internet service,No internet service,No internet service,No internet service,No internet service,One year,Yes,Credit card (automatic),18.8,264.44,No
NOHW-B4257,Male,0,Yes,No,48,Yes,No,DSL,Yes,No,No,No,No,Yes,Two year,Yes,Mailed check,48.56,2342.43,No
OKBR-658D0,Female,0,Yes,Yes,37,Yes,No,Fiber optic,No,Yes,No,No,No,No,Month-to-month,Yes,Electronic check,52.53,1952.47,Yes
YQOB-BB8CD,Female,0,Yes,No,54,Yes,No,Fiber optic,No,Yes,No,Yes,Yes,No,Month-to-month,Yes,Electronic check,59.0,3198.27,No
VIRB-824A6,Female,0,No,No,7,Yes,No,No,No internet service,No internet service,No internet service,No internet service,No internet service,No internet service,Two year,No,Bank transfer (automatic),20.77,251.38,No
WCZS-60069,Female,1,No,Yes,19,Yes,No,Fiber optic,Yes,No,Yes,No,Yes,No,Month-to-month,Yes,Electronic check,47.51,802.24,Yes
NHQP-557B9,Male,0,Yes,No,69,Yes,No,DSL,No,No,Yes,No,No,No,Month-to-month,Yes,Electronic check,37.01,2608.96,Yes
DYFR-049D9,Male,0,Yes,No,53,Yes,No,Fiber optic,No,No,No,Yes,No,No,One year,No,Electronic check,57.31,3075.29,No
BYHJ-1B73A,Male,0,Yes,Yes,57,Yes,Yes,Fiber optic,Yes,Yes,No,No,No,No,Month-to-month,Yes,Bank transfer (automatic),62.92,3559.76,No
FNRV-B9039,Female,0,Yes,Yes,14,Yes,Yes,DSL,Yes,No,Yes,Yes,No,Yes,Month-to-month,Yes,Credit card (automatic),49.33,632.13,No
NNTX-82748,Female,0,Yes,No,62,Yes,No,Fiber optic,Yes,No,No,No,No,No,Month-to-month,No,Electronic check,42.13,2577.89,No
POPI-2D63F,Female,0,No,No,54,Yes,Yes,No,No internet service,No internet service,No internet service,No internet service,No internet service,No internet service,Month-to-month,No,Credit card (automatic),25.18,1448.82,No
AJTK-D5A67,Female,0,Yes,Yes,10,Yes,No,DSL,Yes,No,No,Yes,Yes,Yes,Two year,No,Electronic check,55.61,641.81,No
MZTJ-66B98,Female,0,Yes,Yes,5,No,No phone service,Fiber optic,No,Yes,Yes,No,Yes,No,Month-to-month,Yes,Mailed check,53.27,285.15,No
LKOV-F03A2,Male,0,Yes,No,37,No,No phone service,No,No internet service,No internet service,No internet service,No internet service,No internet service,No internet service,One year,Yes,Mailed check,24.09,854.51,No
PLEN-8BDF7,Female,0,No,No,63,Yes,Yes,No,No internet service,No internet service,No internet service,No internet service,No internet service,No internet service,Month-to-month,No,Electronic check,35.9,2316.46,No
RUZQ-35334,Male,1,No,No,67,No,No phone service,Fiber optic,Yes,No,Yes,Yes,No,No,Month-to-month,Yes,Electronic check,49.38,3299.54,No
MUHE-23666,Female,0,No,No,29,Yes,No,DSL,Yes,No,No,No,Yes,No,Two year,Yes,Bank transfer (automatic),46.74,1374.51,No
ILQB-E4228,Female,0,Yes,No,52,Yes,No,Fiber optic,Yes,No,No,No,No,Yes,Two year,Yes,Electronic check,64.62,3359.61,No
NCMF-E4F9F,Male,0,Yes,No,56,Yes,No,DSL,Yes,No,No,No,No,No,Month-to-month,Yes,Mailed check,24.66,1393.38,No
ODQM-D621B,Male,1,Yes,No,7,Yes,No,Fiber optic,Yes,No,Yes,Yes,Yes,No,Month-to-month,Yes,Bank transfer (automatic),63.36,557.84,No
GRDC-B5903,Female,0,Yes,Yes,42,Yes,No,Fiber optic,Yes,No,No,No,Yes,Yes,Month-to-month,No,Electronic check,68.3,2801.98,No
CHHJ-37E1E,Female,0,No,No,24,Yes,Yes,DSL,No,Yes,No,Yes,Yes,No,Month-to-month,Yes,Credit card (automatic),51.41,1198.7,No
KPRT-FF168,Female,0,Yes,No,1,Yes,Yes,Fiber optic,No,No,No,Yes,Yes,Yes,One year,Yes,Electronic check,78.37,42.2,No
NZQK-EBCA1,Female,0,Yes,Yes,8,Yes,No,Fiber optic,No,No,Yes,No,No,No,Two year,Yes,Credit card (automatic),43.4,406.08,Yes
ZSDG-54983,Male,0,No,Yes,30,Yes,Yes,DSL,Yes,Yes,No,Yes,No,Yes,Month-to-month,Yes,Credit card (automatic),67.96,2021.3,No
SHEY-53BC2,Female,0,Yes,No,30,Yes,No,Fiber optic,Yes,Yes,No,No,No,Yes,Month-to-month,No,Electronic check,65.1,1904.31,No
BWNL-69A14,Male,1,No,No,36,Yes,No,Fiber optic,No,No,No,No,No,No,One year,Yes,Electronic check,55.61,2019.72,Yes
YEXK-39A5C,Female,0,Yes,No,49,Yes,Yes,Fiber optic,No,No,No,Yes,No,Yes,Two year,Yes,Electronic check,72.63,3621.33,No
BDQP-BDE88,Male,0,Yes,No,9,Yes,Yes,DSL,Yes,No,Yes,No,No,No,Month-to-month,Yes,Bank transfer (automatic),45.94,417.81,Yes
YYBN-E0FB2,Male,0,Yes,Yes,59,Yes,No,No,No internet service,No internet service,No internet service,No internet service,No internet service,No internet service,Month-to-month,Yes,Mailed check,18.8,1106.31,No
QLIQ-BE62D,Female,0,No,No,18,No,No phone service,Fiber optic,No,No,No,No,No,No,One year,No,Electronic check,57.91,1022.36,No
ITUB-619C8,Male,0,Yes,Yes,53,Yes,No,No,No internet service,No internet service,No internet service,No internet service,No internet service,No internet service,Month-to-month,Yes,Electronic check,24.74,1307.47,No
IZCD-5FE9F,Female,0,Yes,Yes,71,Yes,No,DSL,No,Yes,No,No,No,Yes,One year,Yes,Mailed check,44.67,3120.16,No
XPDX-A2D6C,Male,0,Yes,Yes,0,Yes,No,DSL,Yes,Yes,Yes,No,No,No,One year,No,Electronic check,46.18,46.18,No
GALL-D1E2E,Female,0,No,No,0,Yes,Yes,Fiber optic,No,No,No,No,No,No,Two year,No,Bank transfer (automatic),63.51,63.51,Yes
SJYJ-A0153,Male,0,No,Yes,0,Yes,Yes,Fiber optic,No,No,No,No,Yes,No,Two year,Yes,Credit card (automatic),64.71,64.71,No
FJPD-CDD3E,Female,0,Yes,No,64,Yes,No,Fiber optic,Yes,No,No,No,Yes,No,Two year,Yes,Mailed check,59.03,3801.84,No
DCST-266B8,Female,0,Yes,Yes,59,Yes,No,Fiber optic,No,Yes,No,No,Yes,No,Two year,Yes,Credit card (automatic),60.5,3615.92,No
PCZO-A73A4,Male,0,No,No,61,Yes,No,Fiber optic,No,No,Yes,No,Yes,No,One year,Yes,Electronic check,73.49,4454.95,No
FOJX-A5051,Male,1,No,No,33,No,No phone service,Fiber optic,No,No,No,Yes,No,Yes,Month-to-month,Yes,Electronic check,67.67,2207.13,No
FHQC-20EF4,Male,0,No,No,25,Yes,Yes,No,No internet service,No internet service,No internet service,No internet service,No internet service,No internet service,Two year,No,Electronic check,24.78,558.32,No
LHNO-4A0AC,Male,0,Yes,No,3,Yes,No,DSL,No,No,No,No,Yes,No,Two year,Yes,Electronic check,44.18,137.88,Yes
BSTZ-C0129,Female,0,Yes,No,70,Yes,No,No,No internet service,No internet service,No internet service,No internet service,No internet service,No internet service,Month-to-month,Yes,Electronic check,18.8,1331.8,No
SRIF-15441,Male,0,No,No,23,Yes,Yes,No,No internet service,No internet service,No internet service,No internet service,No internet service,No internet service,One year,Yes,Bank transfer (automatic),39.41,941.19,No
HVGW-1A16F,Female,0,No,No,2,Yes,Yes,DSL,No,No,Yes,No,No,No,Month-to-month,Yes,Credit card (automatic),50.46,192.62,Yes
TNQR-C981F,Male,0,No,No,11,Yes,No,Fiber optic,Yes,No,Yes,Yes,Yes,No,Month-to-month,Yes,Mailed check,58.8,657.98,No
OHDP-CCEE9,Female,1,Yes,Yes,70,Yes,Yes,DSL,No,No,Yes,No,Yes,Yes,Two year,Yes,Bank transfer (automatic),56.43,3924.51,No
YBKM-B44EA,Female,0,No,No,66,Yes,Yes,No,No internet service,No internet service,No internet service,No internet service,No internet service,No internet service,Month-to-month,No,Electronic check,26.04,1749.57,Yes
QENK-9E4CA,Female,0,No,No,21,No,No phone service,Fiber optic,No,No,Yes,Yes,No,Yes,Month-to-month,No,Bank transfer (automatic),58.49,1269.92,No
MYDR-6A2B1,Female,0,No,No,69,No,No phone service,DSL,Yes,No,Yes,No,No,No,Month-to-month,No,Electronic check,25.85,1787.69,No
JXQM-511B4,Male,0,Yes,No,11,Yes,No,Fiber optic,Yes,No,No,No,No,Yes,Month-to-month,Yes,Electronic check,60.4,614.05,Yes
BLKY-34238,Male,0,No,No,12,No,No phone service,Fiber optic,Yes,Yes,Yes,Yes,No,Yes,Month-to-month,Yes,Mailed check,67.06,826.42,No
FSVM-3DFEE,Female,0,No,No,67,Yes,No,Fiber optic,No,No,No,Yes,Yes,Yes,Month-to-month,No,Electronic check,72.81,4844.46,No
UTYI-E0D54,Male,1,No,Yes,4,Yes,Yes,DSL,Yes,No,Yes,No,No,No,One year,Yes,Credit card (automatic),48.77,195.17,No
REZS-0D1DD,Male,0,No,Yes,17,Yes,Yes,Fiber optic,No,Yes,No,Yes,No,No,One year,Yes,Mailed check,64.29,1116.08,No
QPVW-B2A30,Female,0,No,No,10,Yes,No,No,No internet service,No internet service,No internet service,No internet service,No internet service,No internet service,Month-to-month,No,Electronic check,18.8,169.17,No
DLZA-1138D,Male,0,No,Yes,26,Yes,No,No,No internet service,No internet service,No internet service,No internet service,No internet service,No internet service,Month-to-month,Yes,Electronic check,18.8,435.42,Yes
BUXC-7DB22,Male,0,Yes,Yes,8,Yes,No,Fiber optic,No,No,Yes,Yes,Yes,No,One year,No,Electronic check,73.81,731.04,No
LWYM-887A4,Male,0,No,No,42,Yes,No,No,No internet service,No internet service,No internet service,No internet service,No internet service,No internet service,Month-to-month,Yes,Bank transfer (automatic),25.31,1006.59,No
OPOZ-BBC84,Female,0,No,No,16,Yes,No,No,No internet service,No internet service,No internet service,No internet service,No internet service,No internet service,One year,No,Credit card (automatic),18.8,228.95,No
NXWJ-74041,Male,0,Yes,No,46,Yes,Yes,DSL,No,No,No,No,No,No,Month-to-month,Yes,Bank transfer (automatic),35.69,1631.1,Yes
JBIS-DE88F,Female,0,Yes,No,62,Yes,Yes,Fiber optic,Yes,No,No,Yes,Yes,No,One year,Yes,Mailed check,82.8,5144.75,No
OCYP-A177D,Male,1,Yes,No,28,Yes,No,DSL,No,Yes,Yes,No,No,No,Two year,Yes,Electronic check,35.03,980.78,No
JIRA-B0373,Male,0,No,Yes,17,Yes,Yes,Fiber optic,Yes,No,No,Yes,Yes,Yes,Month-to-month,Yes,Mailed check,88.27,1516.14,No
AKSG-4AF88,Male,0,Yes,Yes,37,Yes,No,No,No internet service,No internet service,No internet service,No internet service,No internet service,No internet service,Month-to-month,No,Electronic check,20.46,779.53,No
VBZM-69EEC,Female,0,No,Yes,61,No,No phone service,No,No internet service,No internet service,No internet service,No internet service,No internet service,No internet service,Month-to-month,No,Mailed check,19.63,1178.51,No
MDEV-276B5,Female,0,No,Yes,36,Yes,No,No,No internet service,No internet service,No internet service,No internet service,No internet service,No internet service,Two year,Yes,Electronic check,20.76,798.94,No
SNXE-CBD75,Male,0,No,No,14,Yes,No,DSL,No,Yes,No,No,Yes,Yes,Month-to-month,Yes,Credit card (automatic),52.73,701.92,Yes
NZFR-3C6D2,Female,0,Yes,No,24,Yes,No,No,No internet service,No internet service,No internet service,No internet service,No internet service,No internet service,One year,No,Bank transfer (automatic),23.27,525.77,No
DYIC-D6E7C,Male,0,Yes,No,51,Yes,No,No,No internet service,No internet service,No internet service,No internet service,No internet service,No internet service,One year,Yes,Mailed check,18.82,943.8,No
PMMG-B8066,Female,0,Yes,No,13,Yes,No,Fiber optic,Yes,No,Yes,Yes,No,No,One year,Yes,Mailed check,56.72,681.89,No
XLOC-647EE,Female,0,Yes,No,67,No,No phone service,Fiber optic,Yes,Yes,Yes,No,No,No,One year,Yes,Bank transfer (automatic),54.05,3649.17,No
HPYF-78071,Male,0,No,No,1,Yes,Yes,No,No internet service,No internet service,No internet service,No internet service,No internet service,No internet service,Month-to-month,Yes,Mailed check,29.45,71.48,Yes
IDTV-40717,Male,0,No,Yes,64,Yes,No,No,No internet service,No internet service,No internet service,No internet service,No internet service,No internet service,Two year,Yes,Bank transfer (automatic),26.68,1695.72,No
OMNO-2AA26,Male,0,Yes,No,46,Yes,No,DSL,No,No,No,Yes,No,Yes,Two year,No,Credit card (automatic),45.68,2121.06,No
HKUP-E90B1,Male,0,No,No,1,Yes,No,DSL,No,Yes,No,No,No,No,Month-to-month,No,Credit card (automatic),41.49,59.12,Yes
IYZD-FFED1,Female,0,Yes,Yes,33,Yes,Yes,No,No internet service,No internet service,No internet service,No internet service,No internet service,No internet service,Month-to-month,No,Mailed check,34.25,1176.63,No
DPCG-FE488,Female,0,Yes,No,5,Yes,No,DSL,No,Yes,No,No,Yes,No,Month-to-month,No,Bank transfer (automatic),38.66,286.66,No
GGLP-CD0A9,Female,0,No,No,19,Yes,Yes,DSL,No,Yes,No,No,No,Yes,Two year,Yes,Bank transfer (automatic),49.59,942.69,No
BVPS-A536C,Male,0,Yes,Yes,27,Yes,No,DSL,No,No,No,No,No,No,Two year,Yes,Mailed check,30.95,898.04,No
QQDA-AF57F,Male,0,No,No,48,Yes,Yes,Fiber optic,Yes,No,No,No,No,No,Month-to-month,Yes,Credit card (automatic),61.01,2942.97,Yes
GNCG-5A474,Female,0,No,Yes,48,Yes,No,Fiber optic,No,No,No,No,No,No,Month-to-month,Yes,Mailed check,46.38,2209.9,No
DURQ-928B7,Male,0,No,No,4,Yes,Yes,No,No internet service,No internet service,No internet service,No internet service,No internet service,No internet service,One year,Yes,Credit card (automatic),36.87,83.05,No
SINJ-F24A0,Female,0,Yes,No,7,Yes,No,Fiber optic,Yes,No,No,Yes,No,No,Month-to-month,Yes,Credit card (automatic),53.53,421.92,Yes
NANI-37518,Female,0,Yes,Yes,33,Yes,Yes,Fiber optic,No,Yes,No,No,Yes,No,Month-to-month,Yes,Mailed check,62.78,2117.1,Yes
ORXS-CAACA,Female,0,Yes,Yes,15,Yes,No,No,No internet service,No internet service,No internet service,No internet service,No internet service,No internet service,One year,Yes,Bank transfer (automatic),23.12,324.96,No
NSZM-3604E,Female,0,No,No,0,No,No phone service,No,No internet service,No internet service,No internet service,No internet service,No internet service,No internet service,Month-to-month,Yes,Bank transfer (automatic),18.8,18.8,Yes
CXOI-7E194,Female,0,Yes,No,67,Yes,No,No,No internet service,No internet service,No internet service,No internet service,No internet service,No internet service,Month-to-month,Yes,Mailed check,18.8,1296.88,No
OUXG-A682D,Male,0,Yes,No,7,Yes,Yes,Fiber optic,No,No,No,No,No,Yes,One year,No,Bank transfer (automatic),61.69,367.72,No
EBTK-1A4FF,Male,0,No,No,58,Yes,No,Fiber optic,No,Yes,Yes,Yes,Yes,No,Two year,Yes,Electronic check,65.4,3792.83,No
OMLP-EA13A,Male,0,No,No,50,Yes,No,DSL,No,Yes,No,No,No,Yes,Month-to-month,No,Electronic check,45.2,2282.21,No
JMKP-313A9,Female,0,No,Yes,50,Yes,Yes,DSL,Yes,No,No,No,Yes,No,Month-to-month,Yes,Bank transfer (automatic),54.02,2817.71,No
VCDD-99270,Female,0,No,No,10,Yes,Yes,No,No internet service,No internet service,No internet service,No internet service,No internet service,No internet service,Month-to-month,Yes,Mailed check,28.07,326.19,Yes
POAC-BED98,Female,0,Yes,No,8,Yes,Yes,Fiber optic,No,Yes,Yes,Yes,Yes,No,Month-to-month,Yes,Mailed check,80.59,551.05,No
VVXK-7126C,Female,1,Yes,No,34,Yes,No,Fiber optic,No,Yes,No,No,Yes,No,Month-to-month,Yes,Electronic check,60.1,2113.93,No
LPWM-5B56E,Male,0,Yes,Yes,29,Yes,Yes,No,No internet service,No internet service,No internet service,No internet service,No internet service,No internet service,Month-to-month,Yes,Credit card (automatic),27.97,754.84,Yes
LGVQ-C5CF2,Male,0,Yes,Yes,9,Yes,No,Fiber optic,No,Yes,No,Yes,No,No,Month-to-month,No,Electronic check,53.85,509.75,Yes
EOSA-82FBF,Female,0,No,No,2,Yes,No,Fiber optic,No,No,No,No,No,No,Month-to-month,No,Bank transfer (automatic),48.87,62.32,Yes
FUJC-778D4,Female,0,Yes,Yes,32,Yes,No,DSL,No,No,No,No,Yes,No,Month-to-month,Yes,Credit card (automatic),49.42,1612.63,Yes
QFWL-C45F3,Female,0,No,No,3,Yes,Yes,Fiber optic,No,Yes,No,Yes,No,No,One year,Yes,Mailed check,65.99,130.1,No
OIKS-C7A03,Male,0,Yes,No,10,Yes,Yes,Fiber optic,No,Yes,No,Yes,Yes,No,One year,Yes,Bank transfer (automatic),73.42,766.8,No
TRBX-64768,Male,0,Yes,Yes,50,Yes,Yes,DSL,No,No,Yes,Yes,No,No,Two year,Yes,Mailed check,37.87,1898.81,No
EDZT-5DCBB,Male,1,No,No,46,Yes,Yes,DSL,No,No,Yes,No,Yes,No,Month-to-month,No,Bank transfer (automatic),47.44,2201.09,No
YVGS-2812B,Female,0,Yes,No,15,Yes,No,DSL,Yes,No,Yes,No,No,Yes,Month-to-month,Yes,Mailed check,39.04,626.07,Yes
JEZY-394CB,Female,0,No,Yes,71,Yes,No,DSL,No,Yes,No,No,No,No,Month-to-month,Yes,Mailed check,27.47,2031.88,No
LYTD-7D81C,Male,0,No,No,9,Yes,Yes,No,No internet service,No internet service,No internet service,No internet service,No internet service,No internet service,Month-to-month,Yes,Credit card (automatic),29.65,268.57,No
MGVW-9B3BE,Female,0,No,Yes,69,Yes,No,Fiber optic,No,Yes,Yes,No,Yes,Yes,One year,Yes,Mailed check,67.18,4678.59,No
GYCL-17AD2,Male,0,Yes,Yes,23,Yes,No,Fiber optic,No,Yes,Yes,No,No,Yes,Month-to-month,No,Mailed check,57.39,1301.43,Yes
XZBY-E01B6,Female,0,No,Yes,21,Yes,Yes,Fiber optic,No,No,No,Yes,No,Yes,One year,Yes,Electronic check,76.21,1616.4,No
GKIZ-31DDE,Male,1,Yes,No,3,Yes,No,Fiber optic,No,No,Yes,No,Yes,Yes,Month-to-month,No,Credit card (automatic),62.67,33.46,Yes
ZBTH-67F83,Female,0,No,No,10,Yes,Yes,No,No internet service,No internet service,No internet service,No internet service,No internet service,No internet service,Month-to-month,No,Bank transfer (automatic),21.74,255.04,Yes
CPVS-E069D,Male,0,Yes,No,65,Yes,No,Fiber optic,No,Yes,Yes,No,No,Yes,One year,Yes,Bank transfer (automatic),55.91,3568.78,No
IRFP-CD77E,Male,1,Yes,Yes,1,Yes,Yes,DSL,Yes,No,No,No,Yes,No,Two year,No,Credit card (automatic),49.03,25.64,Yes
OJHS-B8223,Male,0,No,No,33,No,No phone service,Fiber optic,No,No,No,Yes,No,Yes,Two year,Yes,Electronic check,59.84,1992.14,No
AMKK-E3C39,Male,0,Yes,No,5,Yes,No,Fiber optic,No,Yes,Yes,No,No,Yes,Month-to-month,Yes,Electronic check,48.59,244.08,No
WVPF-66D6D,Male,0,No,No,9,Yes,No,Fiber optic,No,Yes,No,Yes,No,Yes,Two year,No,Credit card (automatic),59.38,561.68,Yes
YCYO-94583,Male,0,Yes,Yes,3,Yes,No,DSL,No,Yes,Yes,No,No,No,Month-to-month,Yes,Electronic check,45.19,123.07,No
SRAF-8B4E8,Female,0,No,Yes,7,Yes,No,Fiber optic,No,No,Yes,No,No,Yes,One year,Yes,Credit card (automatic),46.56,279.65,No
OCQV-38031,Female,0,No,No,50,Yes,Yes,Fiber optic,No,Yes,No,Yes,No,No,Month-to-month,No,Credit card (automatic),60.77,3045.24,No
UZAS-9B8F0,Female,0,Yes,Yes,56,Yes,Yes,Fiber optic,Yes,No,No,No,Yes,Yes,Two year,No,Mailed check,81.54,4541.52,No
DGUC-1B6B5,Male,0,No,Yes,36,Yes,Yes,No,No internet service,No internet service,No internet service,No internet service,No internet service,No internet service,One year,Yes,Electronic check,31.69,1103.08,No
CPCM-E23F4,Male,0,No,No,25,Yes,Yes,Fiber optic,No,No,Yes,Yes,No,Yes,Two year,No,Electronic check,72.55,1791.37,No
JRDB-DFF08,Female,0,No,No,70,Yes,No,Fiber optic,Yes,Yes,No,No,Yes,Yes,Month-to-month,No,Electronic check,63.27,4351.7,No
WVJM-2263F,Male,1,Yes,No,53,No,No phone service,Fiber optic,Yes,No,No,No,No,Yes,One year,Yes,Bank transfer (automatic),59.84,3154.14,No
CNOB-7F122,Male,0,No,Yes,60,Yes,No,Fiber optic,No,No,Yes,No,No,No,Month-to-month,Yes,Mailed check,52.51,3114.74,No
BXBH-DF252,Male,0,Yes,No,40,No,No phone service,Fiber optic,Yes,No,Yes,No,Yes,No,One year,Yes,Credit card (automatic),59.34,2346.63,No
FYIP-2459E,Male,0,Yes,No,4,Yes,Yes,Fiber optic,No,No,No,No,No,No,Month-to-month,No,Mailed check,51.35,275.42,Yes
GQMU-5697C,Male,0,Yes,No,66,Yes,No,No,No internet service,No internet service,No internet service,No internet service,No internet service,No internet service,Month-to-month,No,Electronic check,18.8,1217.65,No
AJED-053C8,Female,0,No,Yes,70,Yes,Yes,No,No internet service,No internet service,No internet service,No internet service,No internet service,No internet service,One year,Yes,Electronic check,26.19,1871.72,No
UXUK-F6D2F,Female,0,No,No,52,Yes,Yes,DSL,No,No,Yes,No,No,No,One year,Yes,Mailed check,50.63,2523.72,No
HQJF-5913E,Female,0,Yes,No,46,No,No phone service,DSL,No,No,Yes,No,No,Yes,Two year,Yes,Bank transfer (automatic),33.55,1492.73,No
CSHI-56BC5,Female,0,No,No,10,Yes,Yes,Fiber optic,Yes,No,No,Yes,Yes,Yes,Two year,No,Electronic check,81.25,833.15,No
EASX-0933D,Female,0,No,No,8,Yes,No,Fiber optic,No,No,Yes,No,Yes,No,Month-to-month,No,Electronic check,58.82,472.59,No
GHDX-EE33F,Male,0,Yes,Yes,37,Yes,No,Fiber optic,No,No,No,Yes,No,No,Month-to-month,Yes,Credit card (automatic),50.98,1858.56,Yes
PGBU-C0777,Male,0,No,Yes,1,Yes,No,Fiber optic,Yes,No,No,Yes,No,Yes,Two year,No,Credit card (automatic),61.22,36.41,No
JIIX-F1B94,Male,0,Yes,Yes,18,Yes,No,No,No internet service,No internet service,No internet service,No internet service,No internet service,No internet service,Two year,No,Electronic check,34.94,678.57,No
ETJD-FE666,Male,0,Yes,No,69,Yes,No,Fiber optic,No,Yes,No,Yes,No,Yes,Month-to-month,Yes,Bank transfer (automatic),55.51,3864.22,No
ECHK-20EE4,Female,0,Yes,No,12,Yes,Yes,Fiber optic,Yes,No,No,No,No,Yes,Month-to-month,Yes,Mailed check,72.93,951.5,No
PDYV-23515,Female,1,No,No,4,Yes,Yes,Fiber optic,No,No,Yes,No,No,No,Two year,No,Bank transfer (automatic),60.82,213.94,No
RSAJ-DD9B3,Female,0,No,Yes,0,Yes,Yes,No,No internet service,No internet service,No internet service,No internet service,No internet service,No internet service,Two year,No,Electronic check,29.16,29.16,No
WMRG-2889C,Male,0,Yes,No,23,Yes,Yes,DSL,Yes,Yes,Yes,No,No,No,Month-to-month,No,Mailed check,40.05,893.21,No
UHMC-C218E,Female,0,Yes,Yes,12,Yes,No,DSL,Yes,Yes,No,No,Yes,Yes,Two year,No,Mailed check,55.27,692.65,No
JEEV-A7E19,Male,0,No,No,15,Yes,Yes,Fiber optic,No,No,No,No,Yes,Yes,Two year,No,Electronic check,83.95,1307.41,No
JGXY-D2B56,Female,0,No,Yes,19,Yes,Yes,No,No internet service,No internet service,No internet service,No internet service,No internet service,No internet service,Month-to-month,No,Credit card (automatic),32.43,584.16,No
FPWG-8AA40,Female,0,No,No,11,Yes,No,No,No internet service,No internet service,No internet service,No internet service,No internet service,No internet service,Month-to-month,Yes,Electronic check,21.32,224.36,No
VPSN-64AD5,Male,0,No,No,29,Yes,No,Fiber optic,No,No,Yes,No,No,Yes,Month-to-month,Yes,Electronic check,53.39,1467.38,No
AEPG-D4737,Male,0,No,No,2,Yes,No,DSL,No,No,No,Yes,No,Yes,Month-to-month,Yes,Mailed check,39.62,36.37,Yes
RUTN-75FBE,Female,1,No,No,58,Yes,Yes,Fiber optic,No,No,No,Yes,No,No,Month-to-month,Yes,Electronic check,65.01,3790.29,No
TCGL-5E739,Female,1,No,Yes,2,Yes,No,No,No internet service,No internet service,No internet service,No internet service,No internet service,No internet service,Two year,No,Credit card (automatic),21.02,60.79,No
JDYY-C5D4E,Male,0,Yes,No,21,Yes,Yes,Fiber optic,No,No,Yes,No,Yes,Yes,Month-to-month,Yes,Electronic check,76.87,1614.58,Yes
WEIS-3CA3C,Female,0,No,No,37,No,No phone service,Fiber optic,Yes,No,No,No,No,No,Month-to-month,No,Bank transfer (automatic),50.5,1770.43,Yes
BJEA-B2B1E,Female,0,Yes,No,65,Yes,Yes,Fiber optic,Yes,No,Yes,No,No,No,Month-to-month,Yes,Mailed check,63.65,4151.2,No
ZIMQ-90FE7,Male,1,Yes,Yes,71,Yes,No,No,No internet service,No internet service,No internet service,No internet service,No internet service,No internet service,Two year,Yes,Electronic check,23.39,1656.55,No
OETN-441C1,Female,0,Yes,No,59,Yes,No,Fiber optic,No,Yes,No,No,Yes,No,Month-to-month,No,Credit card (automatic),58.14,3480.55,No
OVBD-CD149,Male,0,No,Yes,58,Yes,Yes,Fiber optic,No,Yes,No,No,No,Yes,Two year,Yes,Mailed check,69.01,4017.04,No
ONGO-0D855,Female,1,No,No,8,Yes,No,Fiber optic,No,No,No,No,No,No,Two year,Yes,Bank transfer (automatic),54.53,358.72,No
JLFP-25D9E,Male,0,No,Yes,2,No,No phone service,Fiber optic,No,No,No,Yes,No,No,Two year,Yes,Bank transfer (automatic),56.82,124.87,No
RUCN-50130,Female,0,Yes,No,71,Yes,Yes,Fiber optic,No,No,Yes,No,No,No,Two year,Yes,Mailed check,57.41,4101.66,No
LBVP-F11D6,Male,0,No,No,4,Yes,Yes,DSL,Yes,Yes,Yes,Yes,Yes,Yes,Two year,No,Electronic check,67.35,169.91,No
TEAM-91031,Female,1,Yes,Yes,8,Yes,No,Fiber optic,No,No,Yes,No,No,No,One year,No,Electronic check,48.77,455.86,Yes
ZZAL-60AD9,Male,0,No,No,9,Yes,Yes,DSL,Yes,No,No,No,Yes,No,Two year,Yes,Credit card (automatic),54.86,480.44,No
XQOY-BCC0B,Female,0,Yes,No,41,Yes,Yes,No,No internet service,No internet service,No internet service,No internet service,No internet service,No internet service,Two year,Yes,Bank transfer (automatic),39.33,1604.36,No
TMOV-28C44,Female,0,No,Yes,13,Yes,No,DSL,Yes,No,No,Yes,No,No,One year,Yes,Electronic check,40.67,515.56,No
AIJY-1A1C7,Female,0,No,Yes,69,Yes,No,No,No internet service,No internet service,No internet service,No internet service,No internet service,No internet service,Two year,No,Bank transfer (automatic),21.82,1513.53,No
LYTC-449DA,Female,0,No,No,44,No,No phone service,No,No internet service,No internet service,No internet service,No internet service,No internet service,No internet service,Two year,Yes,Bank transfer (automatic),18.8,851.5,No
KTTC-8B932,Female,0,No,No,62,Yes,No,Fiber optic,No,No,No,No,No,No,Month-to-month,Yes,Electronic check,45.6,2873.99,No
HJXQ-D0C39,Female,1,No,No,14,Yes,Yes,DSL,Yes,Yes,No,No,No,No,Month-to-month,No,Bank transfer (automatic),50.55,653.41,No
KWRL-8BB9B,Female,0,Yes,No,64,Yes,No,DSL,No,Yes,No,Yes,Yes,Yes,Month-to-month,Yes,Mailed check,55.34,3612.73,No
UAJX-5D845,Female,1,No,No,10,Yes,No,DSL,No,Yes,Yes,No,Yes,No,Two year,Yes,Electronic check,45.81,516.54,No
MDIR-EF6C6,Female,0,Yes,Yes,61,Yes,Yes,DSL,No,No,No,No,No,No,Month-to-month,Yes,Bank transfer (automatic),44.64,2754.31,No
UXLP-D23A2,Male,0,Yes,No,9,No,No phone service,Fiber optic,Yes,No,No,Yes,No,Yes,Two year,No,Electronic check,65.57,586.24,No
UGIV-8CA88,Male,0,Yes,No,4,Yes,No,Fiber optic,No,No,No,No,No,No,Month-to-month,Yes,Electronic check,54.91,209.11,Yes
UZAN-CA7C7,Female,0,No,No,69,Yes,Yes,Fiber optic,No,No,No,No,No,Yes,Month-to-month,No,Mailed check,61.04,4258.92,Yes
DHBS-F6BF6,Male,0,Yes,No,19,Yes,No,No,No internet service,No internet service,No internet service,No internet service,No internet service,No internet service,Month-to-month,Yes,Bank transfer (automatic),18.8,421.75,Yes
WARE-C0D63,Female,0,Yes,No,38,Yes,No,Fiber optic,Yes,No,No,No,Yes,No,Month-to-month,No,Mailed check,58.75,2244.19,Yes
OZEI-A1F8F,Female,0,No,Yes,23,Yes,No,DSL,No,No,Yes,No,No,Yes,Month-to-month,Yes,Credit card (automatic),48.72,1057.92,Yes
KVIL-5838D,Male,0,No,No,47,Yes,Yes,DSL,No,No,No,No,No,No,One year,Yes,Credit card (automatic),36.06,1716.54,No
EUWA-A7A43,Female,1,Yes,No,1,No,No phone service,Fiber optic,Yes,No,No,No,Yes,No,Month-to-month,Yes,Mailed check,59.23,10.19,Yes
HDKW-C2810,Female,0,No,No,9,Yes,Yes,DSL,No,Yes,No,Yes,Yes,No,One year,Yes,Electronic check,62.29,517.96,No
QHSE-1B30C,Male,0,Yes,Yes,58,Yes,Yes,Fiber optic,Yes,No,No,Yes,Yes,No,Two year,Yes,Credit card (automatic),73.48,4348.11,No
SYPM-ACA5E,Male,0,No,No,43,Yes,No,Fiber optic,No,Yes,No,Yes,Yes,No,Month-to-month,Yes,Mailed check,66.34,2827.22,No
SWOL-D9CE4,Female,0,No,No,5,Yes,Yes,Fiber optic,Yes,No,No,No,No,Yes,Two year,No,Electronic check,72.02,392.22,No
FDPU-F00A4,Male,0,No,Yes,68,Yes,No,DSL,No,No,No,No,Yes,No,Month-to-month,No,Credit card (automatic),38.98,2648.49,No
MCBN-BE7AD,Male,0,No,Yes,69,Yes,No,No,No internet service,No internet service,No internet service,No internet service,No internet service,No internet service,Month-to-month,Yes,Mailed check,28.29,1967.19,No
LFVA-42A45,Female,0,Yes,No,68,Yes,No,Fiber optic,No,Yes,No,No,No,Yes,One year,No,Credit card (automatic),54.88,3765.8,No
QHJM-1EFB1,Male,1,Yes,Yes,16,Yes,No,No,No internet service,No internet service,No internet service,No internet service,No internet service,No internet service,Month-to-month,No,Electronic check,25.18,397.93,No
MJEW-6AB55,Male,0,No,No,10,No,No phone service,DSL,No,Yes,No,No,No,Yes,Month-to-month,Yes,Electronic check,48.93,477.25,Yes
ZVNN-030CF,Female,0,Yes,No,50,Yes,No,Fiber optic,Yes,No,No,Yes,Yes,Yes,Month-to-month,No,Mailed check,66.54,3306.94,No
EHJV-6092A,Male,0,No,No,3,Yes,No,DSL,Yes,No,Yes,No,No,No,One year,Yes,Bank transfer (automatic),35.42,125.93,No
WBZR-032EB,Male,0,Yes,No,9,No,No phone service,Fiber optic,No,No,No,Yes,No,Yes,Month-to-month,Yes,Mailed check,67.99,627.35,No
JNJK-A3CFF,Female,0,Yes,No,70,Yes,No,No,No internet service,No internet service,No internet service,No internet service,No internet service,No internet service,Month-to-month,Yes,Mailed check,22.38,1605.05,No
EKGQ-56288,Female,0,No,No,11,Yes,No,DSL,Yes,Yes,Yes,Yes,No,No,Two year,Yes,Electronic check,46.52,468.18,No
OITP-25A15,Female,1,Yes,No,54,No,No phone service,DSL,No,No,No,No,No,No,Month-to-month,Yes,Mailed check,28.54,1562.63,Yes
WLNR-5D079,Male,0,Yes,No,34,Yes,Yes,DSL,No,No,No,No,No,No,One year,No,Credit card (automatic),48.91,1714.18,No
GUCQ-AC329,Female,0,Yes,No,45,Yes,No,DSL,No,No,No,No,No,No,Two year,No,Bank transfer (automatic),27.37,1249.43,No
ZUFK-4C860,Female,1,No,No,62,Yes,Yes,DSL,Yes,No,No,No,No,No,One year,No,Electronic check,49.16,3021.54,No
QLBF-BB7CB,Male,0,Yes,No,31,Yes,Yes,Fiber optic,No,No,No,No,Yes,No,Two year,Yes,Bank transfer (automatic),59.99,1856.43,No
QFKV-4AD88,Female,0,Yes,No,9,Yes,No,DSL,Yes,No,Yes,No,No,Yes,Two year,No,Bank transfer (automatic),31.49,366.55,Yes
EMBC-83557,Female,0,Yes,No,9,Yes,Yes,DSL,Yes,No,No,No,No,Yes,Month-to-month,Yes,Electronic check,60.93,553.18,No
SLVM-FF6C7,Female,0,Yes,No,48,Yes,Yes,Fiber optic,Yes,No,Yes,No,Yes,No,Month-to-month,Yes,Credit card (automatic),69.47,3230.47,No
WTII-E8BA2,Female,0,Yes,No,55,Yes,No,Fiber optic,No,Yes,Yes,Yes,No,Yes,Month-to-month,Yes,Electronic check,64.62,3519.89,No
GXHW-5D914,Male,0,No,No,47,Yes,No,DSL,Yes,Yes,No,Yes,Yes,Yes,One year,No,Electronic check,63.86,2972.96,No
YFFD-9CEEE,Female,0,No,No,12,Yes,Yes,No,No internet service,No internet service,No internet service,No internet service,No internet service,No internet service,Month-to-month,Yes,Credit card (automatic),27.28,360.76,No
XOVQ-20157,Female,0,Yes,Yes,51,No,No phone service,Fiber optic,Yes,No,Yes,No,Yes,No,Month-to-month,No,Bank transfer (automatic),60.96,3034.83,No
QNJT-D34EF,Male,1,No,No,4,Yes,No,Fiber optic,No,No,No,No,No,No,Month-to-month,Yes,Electronic check,50.63,205.81,Yes
INPQ-D183C,Female,0,No,No,2,Yes,Yes,No,No internet service,No internet service,No internet service,No internet service,No internet service,No internet service,Month-to-month,Yes,Bank transfer (automatic),34.02,91.11,No
PTXU-DCA65,Male,0,Yes,Yes,63,Yes,Yes,No,No internet service,No internet service,No internet service,No internet service,No internet service,No internet service,Month-to-month,Yes,Credit card (automatic),30.07,1949.49,No
JPUJ-969D6,Male,0,Yes,No,13,Yes,No,DSL,No,Yes,No,No,No,No,One year,Yes,Electronic check,35.9,523.13,No
KFML-2FD4F,Male,0,No,Yes,8,No,No phone service,DSL,No,No,No,No,No,Yes,One year,Yes,Electronic check,50.51,440.82,Yes
HKDP-744EA,Female,0,No,No,13,Yes,Yes,Fiber optic,No,No,No,Yes,No,Yes,Month-to-month,No,Credit card (automatic),70.65,916.61,No
DDBG-B030A,Male,0,Yes,No,39,Yes,Yes,Fiber optic,No,No,No,No,No,No,Month-to-month,Yes,Bank transfer (automatic),58.56,2271.74,No
VNXR-C5DA1,Male,0,Yes,Yes,60,Yes,Yes,DSL,No,No,No,Yes,No,Yes,Two year,Yes,Bank transfer (automatic),55.62,3378.37,No
CXHM-CC09E,Male,0,Yes,Yes,7,Yes,Yes,DSL,Yes,No,Yes,No,Yes,No,One year,Yes,Mailed check,42.87,174.76,No
JOGS-186A7,Female,0,Yes,No,20,Yes,No,Fiber optic,Yes,Yes,Yes,No,No,No,Month-to-month,Yes,Mailed check,56.72,1086.89,Yes
ZZHA-79C89,Female,0,No,Yes,4,Yes,No,No,No internet service,No internet service,No internet service,No internet service,No internet service,No internet service,One year,Yes,Mailed check,25.88,71.72,Yes
ATIJ-61763,Female,0,No,Yes,69,Yes,No,Fiber optic,No,No,No,No,No,No,Month-to-month,Yes,Credit card (automatic),49.83,3434.85,No
GAXH-DD7C3,Female,0,No,Yes,11,Yes,Yes,No,No internet service,No internet service,No internet service,No internet service,No internet service,No internet service,Month-to-month,No,Mailed check,29.06,418.25,Yes
EXQR-E02F2,Female,0,Yes,Yes,72,Yes,Yes,DSL,No,Yes,Yes,No,Yes,Yes,Two year,Yes,Mailed check,60.26,4259.72,No
LAIE-4D4DE,Female,0,Yes,Yes,0,Yes,No,DSL,Yes,Yes,No,Yes,Yes,Yes,Month-to-month,No,Mailed check,48.51,48.51,No
OOIR-CD3A2,Female,0,Yes,No,70,Yes,No,DSL,No,Yes,Yes,No,Yes,No,Month-to-month,Yes,Bank transfer (automatic),42.14,2933.63,No
MCOW-DB991,Male,0,No,No,16,Yes,No,No,No internet service,No internet service,No internet service,No internet service,No internet service,No internet service,Two year,Yes,Mailed check,28.43,454.56,No
SRDQ-68D5E,Male,1,No,Yes,21,Yes,Yes,No,No internet service,No internet service,No internet service,No internet service,No internet service,No internet service,Month-to-month,Yes,Bank transfer (automatic),27.21,579.61,No
KNAD-4F46D,Male,1,Yes,Yes,51,Yes,No,Fiber optic,No,Yes,No,No,No,No,Month-to-month,Yes,Credit card (automatic),46.73,2367.18,No
IVDD-01919,Male,1,Yes,No,38,Yes,No,DSL,No,Yes,No,No,No,No,Month-to-month,Yes,Credit card (automatic),30.13,1107.81,No
PGAE-28E6A,Female,0,No,Yes,65,Yes,No,Fiber optic,No,No,No,Yes,Yes,No,Two year,No,Electronic check,69.59,4474.94,No
HCFM-D3FA5,Male,0,No,No,7,Yes,Yes,No,No internet service,No internet service,No internet service,No internet service,No internet service,No internet service,Two year,No,Credit card (automatic),35.83,164.33,No
QSRW-A06E3,Male,0,Yes,Yes,4,Yes,No,No,No internet service,No internet service,No internet service,No internet service,No internet service,No internet service,Month-to-month,No,Electronic check,18.8,50.9,Yes
MNOW-803AC,Male,1,Yes,Yes,6,Yes,No,Fiber optic,No,Yes,Yes,Yes,No,Yes,One year,No,Bank transfer (automatic),64.38,341.38,No
QTGC-F9BF2,Male,0,Yes,Yes,49,Yes,Yes,Fiber optic,No,Yes,No,No,No,No,Month-to-month,No,Bank transfer (automatic),61.67,2978.53,No
WJQK-3E502,Female,0,No,Yes,55,Yes,Yes,Fiber optic,No,No,Yes,Yes,No,No,Month-to-month,Yes,Electronic check,71.09,3809.81,No
YVRU-AE11B,Female,0,No,No,1,Yes,No,Fiber optic,No,No,No,Yes,No,No,Two year,No,Credit card (automatic),54.19,87.28,No
ZPZK-A8EA7,Female,0,No,Yes,53,Yes,No,Fiber optic,No,No,No,Yes,Yes,No,Month-to-month,Yes,Mailed check,57.96,3031.08,No
GIBE-80702,Male,0,No,No,14,Yes,Yes,No,No internet service,No internet service,No internet service,No internet service,No internet service,No internet service,One year,No,Credit card (automatic),24.41,418.37,No
RAIE-0311A,Female,0,No,No,49,Yes,Yes,DSL,No,No,Yes,No,Yes,No,Month-to-month,Yes,Mailed check,50.94,2540.57,No
DYMK-EC6F8,Male,0,Yes,No,5,Yes,No,No,No internet service,No internet service,No internet service,No internet service,No internet service,No internet service,Two year,Yes,Mailed check,20.78,89.72,No
SZSP-9AFB4,Female,0,Yes,Yes,47,Yes,No,DSL,No,Yes,No,Yes,Yes,No,One year,No,Bank transfer (automatic),53.3,2550.67,No
AUMK-E20BE,Female,0,Yes,Yes,60,Yes,No,Fiber optic,Yes,No,No,No,No,No,Month-to-month,No,Mailed check,43.67,2598.1,Yes
VWWR-E5B18,Female,0,Yes,No,9,Yes,No,Fiber optic,No,Yes,Yes,No,No,No,Month-to-month,Yes,Mailed check,49.19,475.42,No
HYLF-9126A,Female,1,No,Yes,7,Yes,No,Fiber optic,Yes,Yes,Yes,No,No,No,Month-to-month,Yes,Mailed check,45.24,362.42,Yes
PBRB-D008C,Female,0,No,No,32,Yes,No,No,No internet service,No internet service,No internet service,No internet service,No internet service,No internet service,One year,No,Mailed check,21.33,695.29,No
TPEY-05C9C,Male,0,No,No,57,Yes,Yes,DSL,No,No,No,No,Yes,No,Two year,Yes,Electronic check,43.15,2363.02,No
TYNV-22031,Female,0,Yes,No,23,Yes,No,Fiber optic,Yes,No,No,No,Yes,No,Month-to-month,Yes,Credit card (automatic),59.53,1366.98,Yes
VMLQ-590BD,Male,0,Yes,Yes,2,Yes,Yes,Fiber optic,Yes,Yes,No,No,No,Yes,Two year,Yes,Credit card (automatic),76.86,93.78,No
BCDP-CDC9B,Male,0,Yes,No,3,Yes,No,No,No internet service,No internet service,No internet service,No internet service,No internet service,No internet service,Two year,Yes,Bank transfer (automatic),23.83,94.77,No
HTEZ-0F7A2,Male,0,No,No,53,Yes,Yes,Fiber optic,No,No,Yes,Yes,Yes,No,Month-to-month,No,Electronic check,73.69,3959.34,No
IWAE-AC612,Male,0,Yes,No,61,Yes,Yes,DSL,No,No,Yes,No,No,Yes,Month-to-month,Yes,Mailed check,55.77,3327.02,No
XFPY-61DCA,Male,0,Yes,Yes,4,Yes,No,No,No internet service,No internet service,No internet service,No internet service,No internet service,No internet service,Two year,Yes,Credit card (automatic),24.84,0.0,No
XURI-0BDBA,Female,0,Yes,No,8,Yes,No,No,No internet service,No internet service,No internet service,No internet service,No internet service,No internet service,Month-to-month,Yes,Electronic check,18.8,102.23,Yes
SHDQ-F21B6,Female,0,No,No,34,Yes,Yes,DSL,No,No,Yes,No,Yes,No,Month-to-month,Yes,Electronic check,49.01,1585.98,Yes
XMNB-F57AD,Female,0,No,No,41,Yes,Yes,No,No internet service,No internet service,No internet service,No internet service,No internet service,No internet service,Two year,No,Mailed check,38.74,1633.58,No
UUCC-DE9E5,Female,0,No,No,70,Yes,No,Fiber optic,No,No,Yes,No,Yes,No,Month-to-month,Yes,Mailed check,56.7,3984.88,Yes
JEUR-3F0C3,Male,0,No,No,52,Yes,No,No,No internet service,No internet service,No internet service,No internet service,No internet service,No internet service,One year,Yes,Bank transfer (automatic),28.58,1373.36,No
UMGB-927FE,Female,0,No,Yes,15,Yes,No,Fiber optic,Yes,No,Yes,No,No,Yes,Two year,Yes,Mailed check,65.39,997.78,No
MTVP-3C18C,Female,0,Yes,No,60,Yes,No,DSL,No,No,No,No,Yes,No,Month-to-month,Yes,Bank transfer (automatic),44.74,2656.78,No
OJKL-BFC51,Male,0,Yes,No,5,Yes,Yes,No,No internet service,No internet service,No internet service,No internet service,No internet service,No internet service,Month-to-month,No,Electronic check,40.7,193.88,Yes
MWQI-14BA7,Male,0,No,Yes,32,Yes,Yes,No,No internet service,No internet service,No internet service,No internet service,No internet service,No internet service,Month-to-month,Yes,Electronic check,28.1,964.95,No
IEZL-C79A5,Female,0,No,No,38,Yes,No,DSL,No,No,No,No,No,No,One year,Yes,Mailed check,46.59,1777.86,No
YLTX-63FCC,Female,0,Yes,No,23,Yes,No,Fiber optic,No,No,No,No,No,No,Month-to-month,No,Credit card (automatic),48.11,1069.73,No
YAYD-23112,Male,0,Yes,Yes,29,Yes,No,No,No internet service,No internet service,No internet service,No internet service,No internet service,No internet service,Month-to-month,Yes,Electronic check,18.8,608.89,Yes
MJIE-F5723,Female,0,No,Yes,8,Yes,Yes,Fiber optic,No,No,No,Yes,No,Yes,Month-to-month,Yes,Electronic check,73.38,587.84,No
GZEN-81512,Female,1,Yes,No,58,Yes,No,No,No internet service,No internet service,No internet service,No internet service,No internet service,No internet service,Month-to-month,No,Bank transfer (automatic),18.8,1091.12,No
ROMF-9ED2A,Female,0,No,No,63,Yes,No,Fiber optic,Yes,No,Yes,No,No,No,One year,Yes,Mailed check,61.37,3808.53,No
GWMT-8AE2E,Female,0,Yes,No,67,Yes,No,Fiber optic,No,Yes,Yes,No,No,No,One year,Yes,Electronic check,53.15,3563.22,No
MDLB-87679,Male,0,Yes,Yes,39,Yes,No,No,No internet service,No internet service,No internet service,No internet service,No internet service,No internet service,Month-to-month,Yes,Electronic check,18.8,733.43,No
VKAO-F61E6,Male,0,Yes,Yes,58,Yes,Yes,Fiber optic,Yes,Yes,No,No,No,No,Month-to-month,Yes,Electronic check,53.29,3127.71,No
JHTD-9563C,Male,0,No,No,62,No,No phone service,Fiber optic,Yes,No,No,No,No,Yes,One year,Yes,Electronic check,52.6,3374.72,No
LYVT-7F965,Female,0,No,No,25,No,No phone service,Fiber optic,No,No,No,No,No,No,One year,Yes,Electronic check,57.48,1431.4,No
XGWF-C4DDB,Female,0,Yes,Yes,9,Yes,Yes,Fiber optic,No,Yes,Yes,No,Yes,Yes,One year,No,Bank transfer (automatic),66.37,616.39,Yes
ZNVO-060A2,Female,0,No,No,38,No,No phone service,Fiber optic,No,No,No,No,No,No,Month-to-month,No,Credit card (automatic),50.75,1871.07,No
IWTI-895B2,Female,0,Yes,No,43,Yes,Yes,No,No internet service,No internet service,No internet service,No internet service,No internet service,No internet service,Month-to-month,No,Bank transfer (automatic),26.57,1177.86,Yes
LGRQ-C530D,Female,0,Yes,Yes,2,Yes,No,DSL,Yes,Yes,No,No,Yes,No,Month-to-month,Yes,Bank transfer (automatic),39.96,0.0,No
ITJI-3C44B,Male,0,No,Yes,2,Yes,Yes,DSL,No,No,No,Yes,No,Yes,Month-to-month,Yes,Electronic check,58.5,106.16,No
NTCY-31146,Female,0,Yes,Yes,1,Yes,Yes,No,No internet service,No internet service,No internet service,No internet service,No internet service,No internet service,Two year,Yes,Mailed check,35.79,0.0,No
CQPU-01379,Female,0,No,No,60,Yes,No,DSL,No,No,No,No,Yes,Yes,Month-to-month,No,Electronic check,54.25,3286.19,No
FJNO-8ACDF,Male,0,No,Yes,71,Yes,Yes,No,No internet service,No internet service,No internet service,No internet service,No internet service,No internet service,Two year,No,Electronic check,25.03,1740.96,No
KIHJ-891F0,Female,0,No,No,16,Yes,No,Fiber optic,Yes,No,No,No,Yes,No,Two year,Yes,Electronic check,64.03,997.53,Yes
KLIF-80BAC,Male,1,No,No,3,Yes,No,Fiber optic,Yes,No,No,Yes,Yes,No,Two year,No,Electronic check,63.48,144.29,No
VXDV-91FC4,Male,0,No,No,34,Yes,No,Fiber optic,No,No,No,No,Yes,No,Two year,No,Mailed check,54.96,1788.91,No
XTLE-BE303,Male,0,Yes,Yes,11,Yes,Yes,DSL,No,No,Yes,No,No,No,Month-to-month,Yes,Bank transfer (automatic),49.26,600.07,Yes
HJZZ-A331C,Male,0,Yes,No,7,Yes,No,Fiber optic,No,No,No,No,No,No,Two year,Yes,Mailed check,52.18,331.3,Yes
FXPM-E2742,Male,0,Yes,No,13,Yes,No,No,No internet service,No internet service,No internet service,No internet service,No internet service,No internet service,One year,No,Bank transfer (automatic),19.88,254.69,No
YPEC-4D2B1,Female,0,No,No,5,Yes,Yes,No,No internet service,No internet service,No internet service,No internet service,No internet service,No internet service,One year,Yes,Mailed check,29.39,200.81,No
INDK-4002B,Male,0,Yes,No,14,No,No phone service,No,No internet service,No internet service,No internet service,No internet service,No internet service,No internet service,Month-to-month,Yes,Electronic check,23.57,173.74,No
ANAF-25B60,Male,0,Yes,No,23,Yes,No,Fiber optic,Yes,No,No,Yes,Yes,Yes,Two year,Yes,Credit card (automatic),77.3,1758.34,No
DHHO-5B4A1,Female,1,No,No,9,Yes,No,DSL,No,No,Yes,No,Yes,No,Month-to-month,No,Bank transfer (automatic),37.03,398.53,No
ZZHG-0F001,Female,0,No,Yes,42,Yes,Yes,Fiber optic,No,No,No,No,Yes,Yes,One year,Yes,Bank transfer (automatic),74.66,3143.27,No
HZEO-ACBFA,Male,0,No,No,7,Yes,Yes,Fiber optic,No,Yes,No,No,No,No,Month-to-month,Yes,Mailed check,52.45,363.3,Yes
VIKT-E06C1,Female,1,No,No,31,Yes,Yes,DSL,No,No,No,Yes,No,Yes,One year,Yes,Electronic check,59.37,1795.51,No
JOCX-5C66F,Female,0,Yes,No,2,Yes,No,No,No internet service,No internet service,No internet service,No internet service,No internet service,No internet service,Month-to-month,No,Mailed check,19.18,24.41,No
WNMU-AF513,Male,0,No,Yes,72,Yes,No,Fiber optic,No,No,No,No,No,Yes,Month-to-month,Yes,Electronic check,50.61,3637.39,No
NIVW-2FA43,Male,0,Yes,Yes,6,Yes,No,Fiber optic,Yes,No,No,No,Yes,No,Month-to-month,Yes,Electronic check,59.18,360.62,Yes
EMBD-C7858,Female,1,Yes,No,20,Yes,No,DSL,No,No,Yes,No,No,No,Two year,No,Electronic check,27.12,596.69,No
IBOC-BEA9F,Male,0,No,Yes,7,Yes,No,DSL,Yes,No,No,No,No,Yes,Two year,Yes,Electronic check,38.68,267.71,No
FUFA-38140,Male,0,No,No,4,Yes,No,No,No internet service,No internet service,No internet service,No internet service,No internet service,No internet service,Two year,No,Bank transfer (automatic),22.54,121.99,No
GSDG-26C83,Female,0,No,No,10,Yes,Yes,No,No internet service,No internet service,No internet service,No internet service,No internet service,No internet service,Two year,Yes,Bank transfer (automatic),28.99,341.49,No
IRML-DD3BC,Male,0,No,No,6,Yes,Yes,Fiber optic,No,Yes,No,No,No,No,Two year,No,Credit card (automatic),60.26,424.11,Yes
XGSE-719A7,Male,0,No,Yes,23,Yes,No,No,No internet service,No internet service,No internet service,No internet service,No internet service,No internet service,One year,Yes,Mailed check,26.6,622.47,No
KGUX-24950,Male,0,Yes,Yes,61,No,No phone service,DSL,Yes,Yes,Yes,No,Yes,No,Month-to-month,Yes,Bank transfer (automatic),49.34,3010.18,No
AGZP-40C66,Male,0,No,No,61,No,No phone service,No,No internet service,No internet service,No internet service,No internet service,No internet service,No internet service,One year,Yes,Credit card (automatic),25.04,1516.11,No
OFSI-B8291,Male,1,No,No,68,Yes,No,Fiber optic,No,No,Yes,No,No,Yes,One year,No,Bank transfer (automatic),53.22,3636.59,No
SJRG-64450,Female,0,No,No,31,Yes,No,No,No internet service,No internet service,No internet service,No internet service,No internet service,No internet service,Month-to-month,Yes,Bank transfer (automatic),18.8,570.01,No
KDNC-074E4,Female,1,Yes,No,16,Yes,No,Fiber optic,No,Yes,No,No,Yes,No,One year,Yes,Bank transfer (automatic),51.89,819.3,No
KGXU-24223,Male,0,Yes,No,10,Yes,No,Fiber optic,No,No,Yes,Yes,No,Yes,Month-to-month,No,Electronic check,63.8,656.32,No
WLJE-28C8A,Female,0,No,Yes,72,Yes,Yes,DSL,Yes,No,No,Yes,Yes,No,Month-to-month,Yes,Bank transfer (automatic),59.19,4265.0,No
GYVW-AB122,Male,0,Yes,No,49,Yes,Yes,Fiber optic,No,Yes,Yes,Yes,Yes,Yes,Two year,Yes,Credit card (automatic),79.23,3889.64,No
MPDT-89E90,Male,0,No,Yes,9,Yes,Yes,DSL,Yes,No,No,No,Yes,Yes,Month-to-month,No,Electronic check,66.14,609.63,Yes
TWCO-724D6,Male,1,Yes,Yes,42,Yes,No,Fiber optic,No,No,No,No,Yes,Yes,Month-to-month,Yes,Credit card (automatic),67.44,2868.21,No
NULX-7F2E1,Male,0,Yes,No,8,No,No phone service,Fiber optic,No,Yes,Yes,No,No,No,Month-to-month,Yes,Electronic check,50.64,419.57,Yes
VROW-ABCD3,Male,0,No,No,62,Yes,Yes,No,No internet service,No internet service,No internet service,No internet service,No internet service,No internet service,Two year,No,Credit card (automatic),30.73,1878.54,No
VPAX-CEC55,Female,0,Yes,No,37,No,No phone service,DSL,Yes,No,Yes,No,No,Yes,Two year,Yes,Electronic check,51.44,1966.51,No
HKAT-CF8F3,Female,0,No,No,42,No,No phone service,No,No internet service,No internet service,No internet service,No internet service,No internet service,No internet service,Month-to-month,Yes,Credit card (automatic),22.85,971.07,No
MUUU-71D6A,Male,0,Yes,Yes,2,Yes,Yes,No,No internet service,No internet service,No internet service,No internet service,No internet service,No internet service,Month-to-month,No,Electronic check,27.17,97.19,Yes
DYGZ-B55F9,Female,0,Yes,No,28,Yes,Yes,Fiber optic,No,Yes,No,No,No,No,One year,No,Bank transfer (automatic),53.94,1509.12,No
SPGD-06A43,Male,0,Yes,No,36,Yes,Yes,DSL,No,Yes,No,No,No,Yes,One year,Yes,Electronic check,54.35,2018.58,No
KGLO-40162,Female,0,No,Yes,7,Yes,No,DSL,No,No,No,No,Yes,Yes,One year,Yes,Credit card (automatic),48.36,339.52,No
UEAQ-9A2AD,Male,0,Yes,No,57,Yes,Yes,Fiber optic,No,No,No,No,Yes,No,Month-to-month,No,Mailed check,61.47,3475.56,Yes
PKMV-2B4E2,Female,0,No,No,8,Yes,No,Fiber optic,Yes,No,No,No,No,Yes,Month-to-month,Yes,Credit card (automatic),52.34,464.73,No
NKMJ-0D898,Male,0,No,No,68,Yes,No,Fiber optic,No,No,Yes,No,No,No,Two year,Yes,Mailed check,41.33,2731.92,No
NPKD-08279,Male,0,No,No,65,Yes,No,DSL,No,No,Yes,No,Yes,Yes,Two year,No,Credit card (automatic),57.33,3774.45,No
PERY-51896,Female,0,No,No,62,Yes,Yes,DSL,No,Yes,Yes,No,No,Yes,Month-to-month,Yes,Mailed check,50.78,3239.83,No
PTPU-2484F,Female,0,Yes,No,27,Yes,Yes,No,No internet service,No internet service,No internet service,No internet service,No internet service,No internet service,Two year,Yes,Credit card (automatic),26.32,739.19,No
RKUZ-086C4,Male,0,Yes,No,51,Yes,No,Fiber optic,No,No,Yes,No,No,No,Month-to-month,Yes,Mailed check,46.24,2388.94,No
ITXD-9C2AF,Female,0,No,No,6,Yes,No,DSL,No,No,No,No,No,Yes,Two year,No,Mailed check,33.64,262.72,No
VFZJ-74B2B,Male,0,Yes,No,50,Yes,No,No,No internet service,No internet service,No internet service,No internet service,No internet service,No internet service,Month-to-month,Yes,Bank transfer (automatic),23.01,1145.58,No
BVIN-310F2,Female,0,No,No,39,Yes,No,No,No internet service,No internet service,No internet service,No internet service,No internet service,No internet service,One year,Yes,Mailed check,28.08,1110.99,No
BNZC-4872F,Female,0,No,Yes,8,Yes,No,Fiber optic,No,No,No,Yes,No,Yes,One year,Yes,Bank transfer (automatic),64.44,591.02,No
JRLP-E5D45,Male,0,Yes,No,0,Yes,Yes,Fiber optic,No,Yes,No,Yes,Yes,No,Two year,Yes,Mailed check,85.4,85.4,No
AJPQ-653E6,Female,0,No,No,68,Yes,No,DSL,No,No,Yes,No,No,Yes,Month-to-month,No,Electronic check,46.17,3143.14,No
HYQW-66BFC,Female,0,No,Yes,64,Yes,No,Fiber optic,Yes,No,Yes,Yes,Yes,Yes,One year,Yes,Credit card (automatic),68.86,4529.95,No
MPJL-61D24,Male,0,Yes,No,3,No,No phone service,DSL,No,Yes,No,No,No,No,One year,Yes,Electronic check,38.82,68.72,No
GFMY-5BBC9,Female,0,No,Yes,59,Yes,Yes,Fiber optic,Yes,No,No,Yes,No,Yes,One year,No,Mailed check,73.17,4281.65,No
TTRO-18C53,Male,0,Yes,Yes,9,Yes,Yes,Fiber optic,No,No,No,No,Yes,No,One year,No,Mailed check,64.23,609.33,No
PDSZ-70407,Male,0,No,No,1,Yes,No,Fiber optic,No,No,No,No,No,Yes,Two year,Yes,Credit card (automatic),56.11,68.93,No
IUVL-F71E6,Male,0,No,No,0,No,No phone service,Fiber optic,No,Yes,No,No,No,No,One year,Yes,Mailed check,50.26,50.26,Yes
XTYQ-93454,Male,0,No,No,23,Yes,No,Fiber optic,No,No,No,No,Yes,Yes,Month-to-month,Yes,Electronic check,65.75,1562.4,No
PWAQ-C746D,Male,0,No,Yes,16,No,No phone service,DSL,No,Yes,No,No,No,No,Month-to-month,Yes,Bank transfer (automatic),33.22,489.7,No
XRMQ-AC215,Female,0,No,No,13,Yes,Yes,Fiber optic,No,No,No,No,Yes,Yes,Two year,Yes,Bank transfer (automatic),84.96,1097.22,No
GPNX-C2DC6,Male,0,No,Yes,40,Yes,No,Fiber optic,No,No,No,No,No,No,Month-to-month,No,Credit card (automatic),50.63,2053.09,No
BUFF-71630,Male,0,No,No,31,Yes,No,DSL,No,Yes,No,No,Yes,No,Month-to-month,Yes,Mailed check,45.2,1412.45,Yes
XGOV-74BB0,Female,0,No,No,17,Yes,No,No,No internet service,No internet service,No internet service,No internet service,No internet service,No internet service,One year,Yes,Bank transfer (automatic),18.8,329.55,No
VDTC-11B79,Female,1,No,No,51,Yes,Yes,DSL,No,No,No,No,Yes,Yes,Two year,Yes,Mailed check,54.96,2742.7,No
HDUV-D1E83,Female,0,No,Yes,50,Yes,Yes,DSL,No,No,No,No,No,Yes,Month-to-month,No,Electronic check,56.48,2788.17,No
FNPB-73E95,Male,0,No,No,7,Yes,Yes,Fiber optic,No,Yes,No,No,No,No,One year,No,Electronic check,62.19,453.75,Yes
KVRK-D90AF,Male,0,No,No,64,Yes,No,No,No internet service,No internet service,No internet service,No internet service,No internet service,No internet service,Month-to-month,No,Electronic check,18.8,1279.03,Yes
WBWZ-2AC0D,Male,0,No,Yes,59,Yes,No,DSL,No,No,Yes,No,No,Yes,Month-to-month,No,Electronic check,45.93,2646.26,No
KHGN-CD3DD,Female,0,Yes,Yes,62,Yes,Yes,DSL,No,Yes,No,Yes,Yes,No,One year,Yes,Bank transfer (automatic),63.54,3931.12,No
BIAZ-74EAF,Male,0,No,No,7,No,No phone service,DSL,No,No,No,No,Yes,Yes,One year,No,Credit card (automatic),51.01,373.13,No
UYFF-1589A,Female,0,No,No,3,Yes,No,Fiber optic,No,No,Yes,No,No,No,Month-to-month,Yes,Credit card (automatic),42.62,133.15,No
TVNH-7DDE8,Male,0,No,No,22,Yes,No,Fiber optic,No,No,Yes,Yes,No,No,Two year,No,Bank transfer (automatic),49.78,1082.33,No
UKAT-1AF0B,Female,0,Yes,Yes,9,No,No phone service,Fiber optic,No,No,Yes,No,Yes,Yes,Month-to-month,Yes,Credit card (automatic),73.37,699.94,Yes
WQRX-C0CC3,Male,0,No,No,54,Yes,No,DSL,No,Yes,Yes,Yes,Yes,Yes,Two year,Yes,Electronic check,47.87,2576.48,No
RVWW-C1731,Male,1,Yes,No,6,No,No phone service,DSL,No,Yes,No,Yes,Yes,No,Month-to-month,Yes,Electronic check,52.61,334.11,No
GXPT-857F4,Male,0,Yes,No,10,Yes,Yes,DSL,No,Yes,Yes,No,No,No,Month-to-month,Yes,Mailed check,35.91,366.82,Yes
IWJX-F1A1E,Female,0,No,No,2,Yes,No,Fiber optic,No,No,No,No,No,No,One year,Yes,Mailed check,50.37,37.24,No
CXUN-346DE,Female,0,No,No,56,Yes,No,Fiber optic,No,No,Yes,No,No,Yes,Month-to-month,No,Bank transfer (automatic),54.2,3162.22,No
NGOV-8E080,Male,0,Yes,No,35,Yes,No,Fiber optic,Yes,Yes,No,Yes,Yes,No,Two year,No,Mailed check,65.26,2266.11,No
PQIU-F7630,Male,1,No,No,53,No,No phone service,Fiber optic,Yes,Yes,Yes,Yes,Yes,Yes,One year,Yes,Bank transfer (automatic),77.75,4108.89,No
KLTW-1286B,Male,0,Yes,No,19,Yes,No,Fiber optic,No,Yes,Yes,No,Yes,No,Two year,Yes,Credit card (automatic),53.23,987.44,No
IKLP-1E53A,Female,0,Yes,Yes,9,Yes,No,No,No internet service,No internet service,No internet service,No internet service,No internet service,No internet service,Month-to-month,No,Bank transfer (automatic),21.08,236.6,No
DPBG-B5E5B,Male,0,Yes,No,50,Yes,No,Fiber optic,Yes,No,Yes,Yes,No,No,Month-to-month,Yes,Electronic check,64.62,3218.01,No
AZQS-54640,Male,0,No,Yes,24,Yes,No,Fiber optic,Yes,No,Yes,Yes,Yes,No,Month-to-month,Yes,Credit card (automatic),62.84,1457.39,No
RSRO-8F8B6,Male,0,Yes,No,7,Yes,No,Fiber optic,No,No,No,No,No,No,Month-to-month,No,Electronic check,45.59,309.3,Yes
AJSQ-BB3DB,Male,0,Yes,No,39,Yes,Yes,No,No internet service,No internet service,No internet service,No internet service,No internet service,No internet service,Two year,No,Bank transfer (automatic),28.48,1184.13,No
INWE-4343C,Female,0,No,No,9,Yes,Yes,No,No internet service,No internet service,No internet service,No internet service,No internet service,No internet service,One year,Yes,Mailed check,25.77,167.24,No
ZZJY-1154E,Female,0,Yes,Yes,28,Yes,No,Fiber optic,No,No,No,No,Yes,No,Month-to-month,No,Mailed check,60.08,1638.95,No
TTUS-800F8,Male,0,No,Yes,8,Yes,No,DSL,Yes,No,Yes,Yes,No,Yes,Month-to-month,Yes,Electronic check,46.78,506.0,No
YAQH-5A72F,Male,1,No,Yes,10,Yes,No,Fiber optic,Yes,No,No,No,No,No,Month-to-month,No,Bank transfer (automatic),57.61,560.59,No
SJQD-6657E,Female,0,No,Yes,63,Yes,Yes,Fiber optic,No,No,Yes,No,Yes,Yes,Month-to-month,Yes,Credit card (automatic),75.06,4729.42,No
AOYX-E699D,Female,0,Yes,No,1,Yes,No,No,No internet service,No internet service,No internet service,No internet service,No internet service,No internet service,Two year,Yes,Mailed check,18.8,0.0,No
YGDG-44E36,Male,0,No,No,21,Yes,Yes,DSL,Yes,No,No,Yes,Yes,Yes,Two year,Yes,Electronic check,63.31,1316.71,No
JHFZ-A1A95,Female,0,No,Yes,45,Yes,No,No,No internet service,No internet service,No internet service,No internet service,No internet service,No internet service,One year,Yes,Electronic check,24.69,1077.13,No
UUUQ-730ED,Female,0,Yes,Yes,1,Yes,No,Fiber optic,Yes,Yes,No,Yes,No,No,Month-to-month,No,Mailed check,54.21,0.0,No
FUBG-25587,Male,0,Yes,No,47,Yes,No,No,No internet service,No internet service,No internet service,No internet service,No internet service,No internet service,Month-to-month,No,Electronic check,18.8,868.92,No
CDVO-E242E,Female,0,No,No,2,Yes,No,No,No internet service,No internet service,No internet service,No internet service,No internet service,No internet service,Month-to-month,Yes,Mailed check,18.8,29.08,Yes
EUFS-7F15B,Female,1,Yes,No,36,Yes,Yes,No,No internet service,No internet service,No internet service,No internet service,No internet service,No internet service,Month-to-month,No,Mailed check,29.59,1046.09,Yes
XOCQ-7C8E1,Male,0,No,Yes,23,No,No phone service,DSL,No,No,No,Yes,No,No,Two year,No,Electronic check,31.8,709.66,No
QTKM-B769C,Male,0,No,No,9,Yes,Yes,DSL,Yes,No,No,No,No,Yes,Month-to-month,No,Credit card (automatic),61.09,438.49,Yes
DWFC-21F4C,Female,1,Yes,No,57,Yes,Yes,Fiber optic,Yes,No,Yes,No,No,No,Two year,Yes,Bank transfer (automatic),63.48,3702.82,No
ENLR-FAB41,Male,1,Yes,Yes,34,Yes,No,Fiber optic,Yes,Yes,No,No,No,No,One year,Yes,Credit card (automatic),51.27,1756.47,Yes
CHOB-4ADF3,Female,0,No,Yes,72,Yes,Yes,No,No internet service,No internet service,No internet service,No internet service,No internet service,No internet service,One year,No,Credit card (automatic),24.86,1731.78,No
COYK-EBEF1,Male,0,Yes,No,63,Yes,No,Fiber optic,No,No,No,Yes,No,No,Two year,Yes,Mailed check,58.57,3618.52,No
KBBM-AE201,Female,0,No,No,4,Yes,Yes,DSL,No,No,No,Yes,No,No,Month-to-month,Yes,Credit card (automatic),55.37,239.54,Yes
YRMC-52078,Male,1,Yes,Yes,2,Yes,Yes,Fiber optic,No,No,No,Yes,Yes,Yes,Month-to-month,Yes,Bank transfer (automatic),93.54,188.69,No
LWXD-4866B,Female,1,No,No,4,Yes,No,Fiber optic,No,No,No,No,No,No,Month-to-month,Yes,Credit card (automatic),47.4,189.63,Yes
EVGJ-3AB97,Female,0,No,Yes,71,No,No phone service,DSL,No,No,Yes,No,No,Yes,Two year,Yes,Mailed check,43.0,3018.23,No
HRDI-AB455,Female,0,Yes,No,9,Yes,Yes,DSL,No,Yes,No,No,No,No,Two year,No,Bank transfer (automatic),49.73,519.92,No
XODE-1337B,Male,0,Yes,No,70,No,No phone service,DSL,No,Yes,No,Yes,Yes,No,One year,Yes,Mailed check,46.39,3202.16,No
WOUR-5944F,Male,0,No,No,60,Yes,No,Fiber optic,No,Yes,No,No,Yes,Yes,Two year,Yes,Electronic check,52.24,3126.38,No
XQPR-C0518,Female,0,No,No,53,Yes,Yes,DSL,No,No,Yes,Yes,No,Yes,Two year,Yes,Credit card (automatic),58.65,3083.93,No
HIVF-E632B,Female,1,Yes,No,33,Yes,No,DSL,No,No,No,No,No,No,Month-to-month,Yes,Bank transfer (automatic),33.54,1106.94,No
XWEW-37045,Male,0,No,Yes,6,Yes,No,No,No internet service,No internet service,No internet service,No internet service,No internet service,No internet service,One year,Yes,Bank transfer (automatic),18.8,108.52,No
YHHH-48348,Male,0,Yes,No,3,Yes,Yes,DSL,No,No,No,No,Yes,No,One year,No,Credit card (automatic),51.22,173.47,No
TCJO-EFD81,Male,0,No,No,29,Yes,No,Fiber optic,No,No,No,No,Yes,Yes,Month-to-month,No,Bank transfer (automatic),68.65,2019.67,No
ZQXX-C69BE,Male,0,No,No,56,Yes,No,Fiber optic,No,No,Yes,No,No,No,Month-to-month,Yes,Electronic check,52.72,2940.96,Yes
FOPF-6E089,Male,0,Yes,No,59,Yes,No,Fiber optic,No,No,Yes,Yes,No,No,Two year,Yes,Electronic check,50.17,2939.9,No
XHKC-5FC6A,Male,0,Yes,No,71,Yes,No,DSL,No,No,Yes,Yes,No,Yes,Month-to-month,No,Bank transfer (automatic),48.35,3441.41,No
ZLHW-D8001,Female,0,Yes,No,6,Yes,No,No,No internet service,No internet service,No internet service,No internet service,No internet service,No internet service,Month-to-month,No,Mailed check,18.89,169.11,Yes
SEBR-78333,Male,0,No,Yes,16,No,No phone service,DSL,Yes,No,Yes,No,No,No,One year,No,Electronic check,35.49,644.17,No
QZXC-AC0A7,Female,0,Yes,No,11,No,No phone service,DSL,No,Yes,No,Yes,No,No,Month-to-month,Yes,Electronic check,39.14,443.73,Yes
FUYP-368EC,Male,0,Yes,No,2,Yes,Yes,Fiber optic,Yes,No,No,Yes,Yes,Yes,Month-to-month,No,Mailed check,73.0,115.53,No
RTSI-2D8FA,Male,0,No,No,59,Yes,Yes,No,No internet service,No internet service,No internet service,No internet service,No internet service,No internet service,Two year,Yes,Mailed check,34.23,2011.08,No
MQQZ-56517,Female,0,Yes,No,37,Yes,No,Fiber optic,No,No,Yes,No,Yes,Yes,Month-to-month,No,Bank transfer (automatic),66.92,2395.41,No
LFVR-32902,Female,0,No,No,0,Yes,Yes,Fiber optic,Yes,No,No,No,Yes,No,Two year,Yes,Bank transfer (automatic),75.08,75.08,No
LZBN-848A2,Male,0,Yes,No,30,Yes,Yes,Fiber optic,No,No,No,No,No,No,Month-to-month,No,Mailed check,58.98,1760.44,Yes
YGJA-9914C,Female,0,Yes,No,28,No,No phone service,DSL,No,No,No,Yes,No,No,Two year,Yes,Electronic check,40.03,1140.25,No
SHQT-520F5,Female,0,Yes,No,10,Yes,No,Fiber optic,Yes,No,No,No,Yes,No,One year,No,Mailed check,56.82,507.36,Yes
UISI-9FC28,Female,1,No,No,29,Yes,No,No,No internet service,No internet service,No internet service,No internet service,No internet service,No internet service,Month-to-month,Yes,Credit card (automatic),21.58,629.14,No
HFVZ-ED788,Female,0,No,No,71,Yes,Yes,Fiber optic,Yes,Yes,No,No,Yes,No,Month-to-month,No,Credit card (automatic),72.78,5194.22,No
TBVV-F9779,Male,0,No,Yes,26,Yes,No,DSL,No,Yes,No,Yes,Yes,No,Month-to-month,No,Electronic check,51.39,1327.76,No
HULH-B5188,Female,0,Yes,No,61,Yes,Yes,Fiber optic,No,No,No,No,No,No,Month-to-month,Yes,Electronic check,62.22,3780.93,Yes
HAMU-C36E5,Male,0,Yes,No,21,Yes,Yes,No,No internet service,No internet service,No internet service,No internet service,No internet service,No internet service,One year,Yes,Electronic check,28.65,613.49,No
MRLV-578B5,Male,0,No,No,57,Yes,Yes,Fiber optic,No,No,No,No,No,No,Month-to-month,No,Credit card (automatic),64.46,3639.05,No
HJGF-D54CC,Male,1,Yes,No,10,Yes,Yes,DSL,No,Yes,No,No,No,Yes,Month-to-month,Yes,Mailed check,49.78,560.92,No
GHVH-D9A80,Male,0,Yes,Yes,41,Yes,No,Fiber optic,No,Yes,Yes,No,No,Yes,Month-to-month,Yes,Electronic check,50.9,2121.89,No
VOEV-45A40,Female,0,Yes,No,37,Yes,Yes,DSL,No,Yes,Yes,No,No,Yes,One year,Yes,Bank transfer (automatic),52.94,1939.07,No
IRKS-1431A,Female,0,No,No,3,Yes,Yes,DSL,No,Yes,No,No,No,No,One year,Yes,Credit card (automatic),35.26,135.18,No
FMZG-3E54B,Male,1,No,No,63,Yes,Yes,No,No internet service,No internet service,No internet service,No internet service,No internet service,No internet service,Month-to-month,Yes,Bank transfer (automatic),25.58,1603.67,No
DJFX-49871,Male,0,Yes,Yes,24,Yes,No,No,No internet service,No internet service,No internet service,No internet service,No internet service,No internet service,Two year,Yes,Bank transfer (automatic),18.83,444.96,No
GWOW-855C3,Male,0,Yes,No,67,Yes,No,No,No internet service,No internet service,No internet service,No internet service,No internet service,No internet service,Month-to-month,Yes,Credit card (automatic),18.8,1238.67,No
PYVK-499B1,Male,0,No,No,47,Yes,No,Fiber optic,Yes,Yes,No,No,Yes,No,Two year,Yes,Electronic check,60.39,2807.59,No
OAZW-B4B7A,Female,0,No,No,5,Yes,No,Fiber optic,No,No,No,Yes,No,No,One year,Yes,Bank transfer (automatic),54.18,291.1,No
GMWE-64269,Male,1,Yes,No,55,Yes,No,Fiber optic,No,Yes,No,No,Yes,No,Two year,Yes,Credit card (automatic),58.98,3247.03,No
BFVG-5ABF2,Female,0,No,No,26,Yes,No,DSL,Yes,No,No,Yes,No,No,Month-to-month,Yes,Electronic check,36.52,909.54,No
TSDW-56C84,Male,0,Yes,No,11,Yes,Yes,Fiber optic,No,No,Yes,Yes,No,Yes,Two year,Yes,Credit card (automatic),75.66,819.96,No
ITEM-BED53,Male,1,Yes,No,4,Yes,No,DSL,No,No,Yes,No,No,No,One year,No,Bank transfer (automatic),38.27,156.39,No
YPKX-B7318,Male,1,Yes,Yes,41,Yes,No,Fiber optic,No,No,Yes,No,Yes,No,One year,Yes,Mailed check,58.34,2489.53,No
CIRA-F6D27,Male,0,Yes,Yes,2,Yes,Yes,Fiber optic,No,Yes,No,No,No,No,Month-to-month,No,Electronic check,58.23,119.74,Yes
YQVR-B5704,Female,1,Yes,No,5,Yes,No,DSL,No,No,Yes,Yes,No,No,Month-to-month,Yes,Electronic check,40.61,158.25,No
BISF-782CC,Female,0,No,No,29,Yes,No,No,No internet service,No internet service,No internet service,No internet service,No internet service,No internet service,Month-to-month,Yes,Mailed check,18.8,559.15,No
EAAH-20780,Female,0,Yes,No,33,Yes,No,Fiber optic,No,No,No,No,No,Yes,Month-to-month,Yes,Electronic check,59.57,1890.17,Yes
PKFC-C13BA,Male,1,Yes,No,43,Yes,No,DSL,Yes,Yes,No,No,No,Yes,Month-to-month,Yes,Electronic check,42.96,1821.71,Yes
ZBFR-364CC,Male,0,Yes,No,9,Yes,No,DSL,No,No,No,No,Yes,No,Two year,No,Electronic check,39.28,279.12,No
UNMO-184E2,Female,0,No,No,30,No,No phone service,DSL,No,Yes,Yes,No,No,Yes,One year,Yes,Electronic check,36.9,1173.99,No
AZEN-647B1,Female,0,No,No,26,Yes,Yes,No,No internet service,No internet service,No internet service,No internet service,No internet service,No internet service,Two year,No,Electronic check,35.66,1014.99,No
RXHR-EEAFC,Male,0,Yes,Yes,61,Yes,No,DSL,No,Yes,No,Yes,Yes,No,Month-to-month,Yes,Mailed check,50.31,3076.12,No
NDWH-BA5CA,Male,0,Yes,No,58,Yes,Yes,DSL,No,No,No,Yes,Yes,No,Two year,Yes,Bank transfer (automatic),60.66,3612.0,No
TYHT-0B233,Female,0,Yes,Yes,2,No,No phone service,DSL,No,No,Yes,Yes,Yes,No,Two year,No,Mailed check,47.98,72.51,No
VJKJ-9EA18,Male,0,Yes,No,56,Yes,No,Fiber optic,No,Yes,Yes,No,No,No,Two year,Yes,Credit card (automatic),50.92,2836.26,No
CEFS-E3F44,Male,0,Yes,No,72,Yes,No,Fiber optic,Yes,No,No,No,No,No,Two year,Yes,Electronic check,51.71,3741.35,No
DBQK-1956E,Female,0,No,Yes,6,Yes,No,DSL,No,No,Yes,No,Yes,No,Two year,Yes,Bank transfer (automatic),47.92,395.21,No
KLRX-B7421,Male,1,No,No,28,Yes,No,DSL,No,Yes,No,No,Yes,Yes,Month-to-month,Yes,Bank transfer (automatic),51.2,1404.0,No
TTJY-F948D,Female,0,No,No,10,No,No phone service,No,No internet service,No internet service,No internet service,No internet service,No internet service,No internet service,One year,Yes,Bank transfer (automatic),18.8,115.26,No
NMNV-628AE,Male,0,Yes,No,14,Yes,No,Fiber optic,No,Yes,No,No,No,No,One year,Yes,Mailed check,48.71,768.54,No
CYUS-3362A,Female,0,Yes,No,4,Yes,No,DSL,No,Yes,No,No,Yes,No,One year,No,Mailed check,37.3,39.14,No
TMRU-EB32F,Male,0,No,No,36,Yes,Yes,Fiber optic,No,No,No,No,No,No,Two year,No,Credit card (automatic),56.45,1961.59,No
UWLE-9A376,Female,1,No,No,0,Yes,No,DSL,No,Yes,No,No,Yes,No,Month-to-month,No,Electronic check,40.34,40.34,No
GVMY-0FAB4,Female,0,Yes,No,6,Yes,No,No,No internet service,No internet service,No internet service,No internet service,No internet service,No internet service,Two year,Yes,Electronic check,18.8,125.88,Yes
CGLI-30BA2,Female,0,No,No,5,No,No phone service,Fiber optic,Yes,No,No,No,No,No,Month-to-month,No,Electronic check,35.47,215.46,Yes
UZZF-600DF,Female,0,Yes,No,22,Yes,No,DSL,No,No,No,No,No,No,Month-to-month,Yes,Electronic check,32.9,756.98,Yes
FMAV-84F24,Male,0,Yes,No,56,Yes,Yes,Fiber optic,No,No,Yes,No,Yes,No,Month-to-month,No,Mailed check,60.86,3433.9,No
TKSG-A8054,Male,0,Yes,No,70,Yes,No,DSL,No,No,No,No,No,No,One year,No,Credit card (automatic),43.97,3034.9,No
PLME-EBA4A,Female,0,No,No,8,Yes,No,Fiber optic,No,No,Yes,No,No,Yes,One year,Yes,Credit card (automatic),55.48,419.85,No
GMGH-A5B8F,Male,0,Yes,Yes,63,Yes,Yes,No,No internet service,No internet service,No internet service,No internet service,No internet service,No internet service,Month-to-month,Yes,Bank transfer (automatic),29.54,1890.4,No
EYDO-5C243,Male,0,No,No,71,Yes,Yes,Fiber optic,No,Yes,Yes,Yes,No,No,Two year,Yes,Mailed check,69.12,4897.83,No
XNEU-437CD,Male,0,Yes,No,35,Yes,No,Fiber optic,No,No,Yes,No,Yes,Yes,Month-to-month,Yes,Bank transfer (automatic),61.58,2160.8,No
AXZI-867AA,Male,0,Yes,No,27,Yes,Yes,DSL,No,No,No,No,Yes,No,Month-to-month,No,Bank transfer (automatic),57.34,1539.79,Yes
MMMK-15BFD,Male,0,No,No,62,Yes,No,Fiber optic,No,Yes,No,Yes,Yes,No,One year,Yes,Mailed check,63.55,3903.01,No
WUNR-D3248,Female,0,Yes,Yes,38,Yes,Yes,DSL,Yes,Yes,No,No,Yes,Yes,Month-to-month,No,Mailed check,58.9,2264.06,No
ULZI-7E2D2,Female,0,Yes,No,25,Yes,No,DSL,Yes,No,Yes,No,No,No,Two year,No,Credit card (automatic),41.28,868.74,No
XIQS-68CE1,Female,0,Yes,No,11,Yes,Yes,No,No internet service,No internet service,No internet service,No internet service,No internet service,No internet service,Month-to-month,Yes,Credit card (automatic),29.12,303.62,No
MWOA-2D6BE,Female,0,No,No,3,Yes,Yes,DSL,No,No,No,No,No,Yes,Month-to-month,Yes,Mailed check,56.11,149.56,No
CLDV-7E42D,Male,0,No,Yes,23,Yes,Yes,No,No internet service,No internet service,No internet service,No internet service,No internet service,No internet service,Month-to-month,Yes,Bank transfer (automatic),38.06,865.03,No
PFSK-04C25,Male,0,Yes,Yes,4,Yes,No,Fiber optic,Yes,Yes,Yes,No,No,No,One year,Yes,Electronic check,49.12,267.33,Yes
GTWU-B1E26,Female,0,Yes,No,69,Yes,No,DSL,Yes,Yes,Yes,No,No,No,Two year,No,Mailed check,36.4,2514.64,No
VGFA-57703,Male,0,No,Yes,67,Yes,No,DSL,Yes,Yes,No,Yes,Yes,No,Month-to-month,No,Mailed check,46.89,3222.23,No
AFPA-288E9,Male,0,Yes,No,22,Yes,No,Fiber optic,No,No,No,No,No,Yes,Month-to-month,Yes,Mailed check,53.88,1175.86,No
YSOJ-1BF55,Female,0,Yes,Yes,70,Yes,No,Fiber optic,Yes,No,No,Yes,No,Yes,Two year,Yes,Bank transfer (automatic),71.22,4953.58,No
CPIA-0577B,Male,0,Yes,No,5,Yes,No,Fiber optic,No,Yes,Yes,No,Yes,No,Two year,Yes,Electronic check,60.92,287.84,Yes
NUHG-81C2E,Female,0,No,No,54,Yes,Yes,Fiber optic,No,No,No,No,No,Yes,Month-to-month,No,Electronic check,70.75,3887.05,No
ZNII-6713C,Female,0,Yes,No,4,Yes,No,Fiber optic,Yes,No,No,No,Yes,No,Month-to-month,No,Credit card (automatic),54.91,265.9,Yes
BLWC-E76BC,Male,1,No,No,40,No,No phone service,DSL,No,No,Yes,No,No,No,Month-to-month,Yes,Electronic check,38.04,1582.74,Yes
MCZA-D68CF,Male,0,No,No,49,Yes,Yes,Fiber optic,No,No,Yes,No,Yes,Yes,Month-to-month,Yes,Electronic check,76.36,3751.0,No
DVRJ-6C28B,Female,0,No,Yes,30,Yes,Yes,Fiber optic,Yes,No,No,Yes,No,No,Month-to-month,Yes,Bank transfer (automatic),63.6,1949.81,No
OLNN-CDE15,Female,0,No,No,61,Yes,Yes,Fiber optic,No,No,Yes,No,No,No,Month-to-month,No,Mailed check,60.04,3613.29,No
WQJQ-7E879,Male,0,Yes,No,43,Yes,No,DSL,No,No,No,No,No,No,Month-to-month,Yes,Electronic check,31.69,1364.23,No
EUFA-01104,Female,0,No,Yes,2,Yes,No,DSL,No,No,Yes,No,Yes,No,Two year,No,Bank transfer (automatic),46.0,71.39,No
YCRW-C5059,Female,1,No,Yes,59,Yes,No,No,No internet service,No internet service,No internet service,No internet service,No internet service,No internet service,Month-to-month,Yes,Electronic check,18.8,1161.26,No
TDHP-B4DC5,Female,0,No,Yes,62,Yes,No,No,No internet service,No internet service,No internet service,No internet service,No internet service,No internet service,Two year,No,Electronic check,18.8,1177.06,No
NMRI-5639F,Male,0,Yes,No,40,Yes,No,No,No internet service,No internet service,No internet service,No internet service,No internet service,No internet service,One year,Yes,Electronic check,21.15,800.45,No
JWME-77072,Female,0,Yes,No,5,Yes,Yes,DSL,No,Yes,Yes,Yes,Yes,Yes,Month-to-month,Yes,Mailed check,64.44,256.87,Yes
UOHA-9B6E3,Male,1,No,Yes,10,Yes,No,DSL,No,Yes,No,No,No,No,Month-to-month,Yes,Credit card (automatic),26.83,245.46,Yes
TMIH-71A6A,Female,0,Yes,Yes,65,Yes,Yes,Fiber optic,No,No,No,No,No,No,Month-to-month,Yes,Mailed check,61.33,3938.62,No
NZCM-83A5C,Male,0,Yes,No,28,Yes,No,Fiber optic,No,No,Yes,No,Yes,Yes,One year,Yes,Electronic check,75.25,2196.23,No
XWQS-DFBEF,Female,0,No,No,11,Yes,Yes,DSL,No,No,No,No,Yes,No,Month-to-month,Yes,Credit card (automatic),51.56,619.36,No
ENJY-BE5D1,Male,1,No,No,6,No,No phone service,Fiber optic,No,Yes,No,No,Yes,No,One year,No,Mailed check,52.97,301.82,No
YFNS-B388C,Male,0,Yes,No,63,Yes,Yes,DSL,No,Yes,No,No,No,No,Month-to-month,No,Credit card (automatic),48.89,3095.08,No
ITQT-E66CC,Male,0,No,No,2,Yes,No,DSL,Yes,No,No,No,No,No,Month-to-month,Yes,Mailed check,32.82,94.38,Yes
WOQB-73D1C,Female,0,No,No,35,Yes,No,Fiber optic,No,No,Yes,No,Yes,No,Two year,Yes,Electronic check,57.68,2036.55,Yes
VMRP-BA4BE,Female,0,Yes,No,11,Yes,No,DSL,No,Yes,No,No,No,No,Month-to-month,Yes,Bank transfer (automatic),31.8,313.4,Yes
IHHX-E5EC6,Female,0,No,Yes,47,Yes,No,Fiber optic,No,Yes,No,No,Yes,Yes,Two year,Yes,Credit card (automatic),65.45,3033.78,No
VXWM-32DBB,Male,0,No,No,28,Yes,No,DSL,No,No,No,No,No,No,Month-to-month,No,Bank transfer (automatic),35.31,936.35,Yes
BZCP-F38D4,Female,0,No,No,33,Yes,No,Fiber optic,No,Yes,No,No,No,No,Two year,Yes,Electronic check,48.38,1592.46,No
CMUP-7A05E,Male,0,No,No,8,Yes,Yes,No,No internet service,No internet service,No internet service,No internet service,No internet service,No internet service,Two year,No,Electronic check,35.05,291.0,Yes
KZOY-A6E46,Female,0,No,No,9,No,No phone service,Fiber optic,Yes,No,No,Yes,No,Yes,Month-to-month,Yes,Bank transfer (automatic),63.6,601.91,No
SWFZ-65208,Male,0,Yes,No,7,No,No phone service,No,No internet service,No internet service,No internet service,No internet service,No internet service,No internet service,Month-to-month,No,Electronic check,23.8,169.03,No
PCXO-0D3AA,Male,0,Yes,No,6,Yes,No,Fiber optic,Yes,No,No,No,No,No,Two year,Yes,Mailed check,53.79,288.58,Yes
VVZC-55633,Male,0,Yes,No,45,Yes,No,Fiber optic,No,Yes,No,No,No,Yes,Month-to-month,Yes,Credit card (automatic),55.42,2479.79,Yes
ZXRO-7AD68,Female,0,No,No,49,Yes,No,No,No internet service,No internet service,No internet service,No internet service,No internet service,No internet service,Month-to-month,Yes,Credit card (automatic),18.8,898.36,No
XXFG-30B60,Female,0,No,No,5,Yes,Yes,DSL,No,Yes,No,No,No,No,One year,Yes,Mailed check,45.85,248.84,No
FNVR-824CC,Female,0,Yes,No,43,Yes,No,Fiber optic,Yes,No,No,No,Yes,No,Month-to-month,No,Bank transfer (automatic),66.43,2843.24,Yes
WNHN-E2DFD,Male,1,Yes,Yes,44,Yes,Yes,No,No internet service,No internet service,No internet service,No internet service,No internet service,No internet service,Month-to-month,No,Electronic check,32.29,1426.57,Yes
RKWE-C6870,Male,0,Yes,No,72,No,No phone service,DSL,No,No,No,No,Yes,Yes,Month-to-month,Yes,Electronic check,49.39,3528.16,Yes
ZRPC-CFD32,Female,0,Yes,No,3,Yes,No,Fiber optic,No,Yes,No,No,No,No,Month-to-month,Yes,Bank transfer (automatic),49.67,124.76,Yes
JAOL-8FA6C,Female,0,Yes,No,11,Yes,No,No,No internet service,No internet service,No internet service,No internet service,No internet service,No internet service,Month-to-month,No,Electronic check,21.94,169.69,No
JTYX-8768E,Female,0,Yes,Yes,24,Yes,Yes,No,No internet service,No internet service,No internet service,No internet service,No internet service,No internet service,One year,Yes,Bank transfer (automatic),34.41,800.2,No
WPHJ-320CB,Male,0,No,No,57,Yes,No,No,No internet service,No internet service,No internet service,No internet service,No internet service,No internet service,Month-to-month,Yes,Bank transfer (automatic),24.4,1347.17,No
EREH-42B06,Male,0,Yes,Yes,52,Yes,Yes,Fiber optic,No,No,No,No,No,No,Two year,Yes,Mailed check,52.81,2722.52,No
MPFM-C5F6C,Male,0,No,No,33,Yes,Yes,Fiber optic,Yes,No,Yes,No,No,No,Two year,No,Bank transfer (automatic),71.89,2418.58,No
CWMZ-BB29B,Male,0,No,No,8,Yes,No,Fiber optic,Yes,Yes,Yes,No,Yes,No,Month-to-month,Yes,Mailed check,52.77,412.84,No
VJOE-670EA,Male,0,No,No,29,No,No phone service,DSL,No,Yes,No,No,No,No,Two year,No,Bank transfer (automatic),37.28,1100.5,No
EXRS-E659E,Female,0,Yes,Yes,17,Yes,Yes,No,No internet service,No internet service,No internet service,No internet service,No internet service,No internet service,Two year,No,Bank transfer (automatic),27.2,501.36,No
VUTA-755D6,Male,0,No,No,10,Yes,Yes,No,No internet service,No internet service,No internet service,No internet service,No internet service,No internet service,Month-to-month,No,Bank transfer (automatic),31.63,347.07,No
VXLE-BD638,Male,0,No,Yes,15,Yes,No,Fiber optic,No,Yes,No,No,No,Yes,Two year,Yes,Mailed check,56.28,884.73,Yes
ZNLL-B5BFC,Male,1,Yes,No,50,Yes,No,Fiber optic,No,No,No,Yes,No,Yes,Month-to-month,No,Mailed check,63.38,3113.23,No
YUVB-54D3F,Male,0,Yes,No,63,Yes,Yes,Fiber optic,No,No,Yes,No,No,No,Two year,No,Bank transfer (automatic),61.6,3919.04,No
SDRI-4FCC4,Male,0,Yes,No,64,Yes,Yes,Fiber optic,No,No,Yes,No,No,No,Two year,No,Mailed check,62.79,3979.46,No
RIPK-9B501,Female,0,No,No,47,Yes,No,No,No internet service,No internet service,No internet service,No internet service,No internet service,No internet service,Two year,Yes,Electronic check,31.78,1499.68,Yes
XYRC-9636C,Male,0,No,No,46,Yes,No,Fiber optic,No,No,Yes,No,No,No,One year,No,Mailed check,46.73,2231.06,No
ZWFN-84661,Male,0,Yes,No,27,Yes,Yes,No,No internet service,No internet service,No internet service,No internet service,No internet service,No internet service,Month-to-month,Yes,Mailed check,33.6,961.98,No
KJHP-B050D,Male,0,Yes,No,9,Yes,No,Fiber optic,No,No,No,No,No,No,Month-to-month,No,Electronic check,51.22,462.63,Yes
YMYQ-DF97B,Female,0,No,No,6,Yes,Yes,No,No internet service,No internet service,No internet service,No internet service,No internet service,No internet service,Month-to-month,No,Electronic check,43.05,329.44,Yes
EHOF-7DCED,Female,0,No,No,3,Yes,No,Fiber optic,No,No,No,Yes,No,Yes,Two year,No,Bank transfer (automatic),62.12,171.58,No
ISJZ-24F39,Female,1,No,Yes,17,Yes,Yes,Fiber optic,No,Yes,No,No,No,Yes,Month-to-month,Yes,Credit card (automatic),66.99,1080.66,No
HHRU-3F11F,Male,0,No,No,48,Yes,No,No,No internet service,No internet service,No internet service,No internet service,No internet service,No internet service,Two year,Yes,Mailed check,26.26,1258.51,No
BIDF-1542B,Female,1,No,No,4,Yes,Yes,DSL,No,No,No,No,Yes,No,One year,Yes,Electronic check,48.72,206.85,Yes
AMHQ-57C26,Male,0,No,No,1,Yes,Yes,No,No internet service,No internet service,No internet service,No internet service,No internet service,No internet service,One year,Yes,Credit card (automatic),24.48,2.51,No
OTNT-CC9E0,Male,0,Yes,No,5,Yes,Yes,DSL,No,No,No,No,Yes,No,One year,Yes,Bank transfer (automatic),55.58,297.26,No
MUCV-0C2AD,Female,0,Yes,No,14,Yes,No,Fiber optic,No,No,Yes,No,Yes,No,Two year,Yes,Credit card (automatic),54.52,855.19,No
VOXD-32BEE,Male,0,No,No,0,Yes,No,DSL,No,No,No,No,No,No,One year,No,Credit card (automatic),30.88,30.88,Yes
NDEQ-EFBE7,Male,1,Yes,No,55,Yes,No,DSL,No,No,No,No,No,No,Month-to-month,Yes,Credit card (automatic),43.16,2363.31,Yes
FMCR-550F6,Male,0,Yes,No,71,Yes,No,Fiber optic,Yes,No,No,No,No,Yes,Two year,No,Credit card (automatic),62.79,4498.01,No
UNQM-A3F60,Female,0,No,No,51,Yes,No,DSL,No,Yes,Yes,No,Yes,No,Two year,No,Bank transfer (automatic),33.21,1665.86,No
YAMU-533A9,Male,1,No,No,55,Yes,No,No,No internet service,No internet service,No internet service,No internet service,No internet service,No internet service,One year,No,Credit card (automatic),18.81,1121.55,No
NNIY-3DC02,Male,0,No,No,4,Yes,Yes,Fiber optic,Yes,No,No,Yes,No,No,Two year,Yes,Mailed check,73.1,352.15,No
OEWL-D10AC,Female,0,No,No,43,Yes,Yes,No,No internet service,No internet service,No internet service,No internet service,No internet service,No internet service,One year,No,Credit card (automatic),25.18,1070.33,No
ZUTB-9B6FF,Male,0,No,No,5,Yes,Yes,No,No internet service,No internet service,No internet service,No internet service,No internet service,No internet service,Month-to-month,No,Electronic check,30.73,108.45,No
WWOV-13A1D,Male,0,Yes,No,45,No,No phone service,Fiber optic,No,Yes,No,No,Yes,Yes,One year,Yes,Electronic check,70.39,3159.82,No
EJGO-1CEB2,Female,0,No,No,54,Yes,No,DSL,No,No,Yes,Yes,No,No,One year,Yes,Mailed check,48.06,2490.13,No
HFPX-EFB36,Male,0,Yes,No,10,Yes,No,Fiber optic,Yes,No,Yes,No,Yes,No,Month-to-month,Yes,Electronic check,58.41,636.67,No
HBUP-FDA07,Male,0,Yes,No,42,Yes,Yes,Fiber optic,No,No,Yes,Yes,No,No,One year,No,Bank transfer (automatic),67.99,2895.35,No
MROU-01F6D,Male,0,Yes,No,72,Yes,No,DSL,No,No,Yes,No,Yes,Yes,Month-to-month,Yes,Credit card (automatic),52.71,3774.16,No
WDSE-23C1A,Male,0,No,No,5,Yes,No,Fiber optic,Yes,No,No,No,No,No,Two year,No,Electronic check,43.97,151.54,No
JGGI-558F7,Male,1,Yes,No,44,No,No phone service,Fiber optic,No,No,Yes,No,No,No,Month-to-month,Yes,Electronic check,53.82,2354.75,Yes
EPVP-8AE1F,Female,0,No,No,16,Yes,Yes,Fiber optic,No,Yes,No,Yes,Yes,Yes,Month-to-month,No,Bank transfer (automatic),81.89,1277.54,No
XYMW-16E4C,Female,0,Yes,Yes,71,Yes,Yes,DSL,No,No,Yes,No,Yes,No,One year,Yes,Bank transfer (automatic),61.32,4371.58,No
IPQW-5C661,Female,0,Yes,No,15,Yes,Yes,Fiber optic,Yes,No,No,No,Yes,Yes,One year,No,Bank transfer (automatic),76.37,1149.27,No
BUCC-2529D,Female,0,No,Yes,6,No,No phone service,DSL,Yes,Yes,Yes,Yes,Yes,No,Month-to-month,Yes,Bank transfer (automatic),53.25,281.03,No
NRXX-A1CC4,Male,0,No,No,28,Yes,Yes,No,No internet service,No internet service,No internet service,No internet service,No internet service,No internet service,Month-to-month,No,Electronic check,28.65,861.2,Yes
EDHT-F26D1,Male,0,Yes,No,8,No,No phone service,Fiber optic,No,No,No,No,No,No,One year,No,Bank transfer (automatic),46.24,290.77,No
YAHA-C6684,Male,1,No,No,48,Yes,No,Fiber optic,No,No,Yes,No,Yes,No,Month-to-month,Yes,Mailed check,62.18,2914.04,Yes
TLUQ-AF84B,Male,0,No,No,59,Yes,No,No,No internet service,No internet service,No internet service,No internet service,No internet service,No internet service,Two year,Yes,Electronic check,18.8,1167.79,No
SMIY-41A1C,Male,0,No,No,3,Yes,Yes,Fiber optic,No,No,No,No,Yes,No,Month-to-month,Yes,Mailed check,71.74,266.14,Yes
VSGY-1148B,Female,0,No,Yes,10,Yes,No,Fiber optic,No,Yes,Yes,No,Yes,No,Month-to-month,Yes,Electronic check,51.53,510.33,Yes
HXVG-0B24C,Female,0,Yes,No,8,Yes,No,Fiber optic,No,No,No,No,Yes,No,One year,Yes,Electronic check,65.28,553.6,Yes
EJYR-9FC7A,Male,0,No,No,13,Yes,Yes,DSL,No,No,No,No,No,No,Month-to-month,Yes,Electronic check,31.22,457.37,No
NJZP-B631C,Male,0,Yes,No,16,Yes,Yes,Fiber optic,Yes,Yes,No,No,Yes,No,Month-to-month,No,Mailed check,65.94,1076.55,No
NNDU-49532,Male,0,Yes,No,60,Yes,No,DSL,Yes,No,No,Yes,Yes,No,One year,No,Mailed check,48.22,2925.73,No
VCAH-EBD3F,Female,1,No,No,40,No,No phone service,DSL,No,No,No,No,No,Yes,Month-to-month,No,Credit card (automatic),37.26,1469.05,No
DAML-42559,Male,0,Yes,No,44,Yes,No,No,No internet service,No internet service,No internet service,No internet service,No internet service,No internet service,Two year,Yes,Credit card (automatic),23.14,1105.23,No
JGPP-61F84,Male,0,Yes,No,40,Yes,No,DSL,No,No,Yes,No,No,No,Two year,Yes,Electronic check,39.24,1496.2,No
SKES-14ABF,Male,0,No,Yes,36,Yes,Yes,DSL,No,No,No,No,Yes,Yes,Month-to-month,Yes,Mailed check,49.36,1749.22,No
SGST-ABD9F,Female,0,No,No,0,Yes,No,Fiber optic,No,No,No,Yes,Yes,Yes,Month-to-month,Yes,Credit card (automatic),72.62,72.62,No
QBEM-6DA07,Male,0,No,Yes,1,No,No phone service,No,No internet service,No internet service,No internet service,No internet service,No internet service,No internet service,Month-to-month,No,Mailed check,18.8,54.38,No
OZRE-3561C,Female,0,No,No,48,Yes,Yes,Fiber optic,Yes,No,Yes,No,Yes,Yes,One year,Yes,Credit card (automatic),82.26,3944.04,No
BBDD-9DFCA,Female,0,Yes,No,4,Yes,No,No,No internet service,No internet service,No internet service,No internet service,No internet service,No internet service,Two year,No,Electronic check,24.74,101.18,No
PIKW-1DC03,Female,0,No,Yes,28,Yes,No,No,No internet service,No internet service,No internet service,No internet service,No internet service,No internet service,Month-to-month,Yes,Bank transfer (automatic),22.13,603.37,Yes
IXLU-91AAD,Female,0,No,No,7,Yes,No,Fiber optic,No,Yes,No,No,No,No,Two year,Yes,Bank transfer (automatic),45.38,337.4,No
XPWD-9928A,Female,0,Yes,No,10,Yes,No,Fiber optic,No,No,No,No,No,Yes,Month-to-month,Yes,Electronic check,59.52,546.55,No
KRTP-64AE7,Female,0,Yes,Yes,25,Yes,Yes,DSL,Yes,No,Yes,No,No,No,One year,Yes,Credit card (automatic),39.35,1008.25,No
NXHU-44407,Male,0,Yes,Yes,7,Yes,No,Fiber optic,No,No,Yes,Yes,No,No,One year,Yes,Bank transfer (automatic),66.65,457.57,No
JGTN-33C46,Male,0,No,Yes,3,Yes,Yes,No,No internet service,No internet service,No internet service,No internet service,No internet service,No internet service,Two year,Yes,Electronic check,30.7,77.62,No
DUJS-6C6EB,Male,0,Yes,Yes,50,Yes,Yes,No,No internet service,No internet service,No internet service,No internet service,No internet service,No internet service,One year,Yes,Electronic check,33.46,1641.52,No
MMQS-B0468,Female,0,No,Yes,18,No,No phone service,Fiber optic,No,No,Yes,Yes,Yes,No,One year,Yes,Electronic check,66.47,1185.43,No
CFML-91C48,Male,0,Yes,No,1,Yes,Yes,No,No internet service,No internet service,No internet service,No internet service,No internet service,No internet service,Month-to-month,Yes,Credit card (automatic),37.11,68.75,No
YJIG-AF83F,Female,0,Yes,No,61,Yes,Yes,No,No internet service,No internet service,No internet service,No internet service,No internet service,No internet service,One year,Yes,Credit card (automatic),29.31,1708.28,No
BKDA-F1E85,Female,0,Yes,No,4,Yes,No,DSL,No,No,Yes,Yes,No,No,One year,Yes,Bank transfer (automatic),47.34,277.38,No
WART-54000,Female,0,Yes,No,20,Yes,No,Fiber optic,No,Yes,Yes,No,No,No,One year,No,Electronic check,50.99,1009.28,No
LNLS-5CAEB,Male,0,Yes,No,5,Yes,Yes,No,No internet service,No internet service,No internet service,No internet service,No internet service,No internet service,Month-to-month,No,Credit card (automatic),34.37,234.75,Yes
DORA-002E3,Female,0,Yes,No,27,Yes,No,DSL,No,Yes,Yes,No,Yes,No,Month-to-month,No,Mailed check,54.65,1493.45,No
ELKZ-1D347,Female,0,Yes,No,59,Yes,Yes,DSL,No,Yes,No,Yes,Yes,No,Month-to-month,No,Credit card (automatic),62.74,3659.4,No
ZGIR-A52CE,Male,0,No,No,55,Yes,No,Fiber optic,No,No,Yes,No,Yes,No,Two year,Yes,Electronic check,63.43,3504.1,No
PWGW-CEE51,Male,0,No,No,27,Yes,No,DSL,No,Yes,No,No,No,Yes,Month-to-month,Yes,Credit card (automatic),44.27,1144.07,No
TRQQ-0A70D,Female,0,No,No,53,Yes,No,Fiber optic,Yes,No,No,Yes,No,No,Two year,Yes,Electronic check,49.12,2663.37,No
AGHU-1656D,Female,0,No,No,15,No,No phone service,DSL,No,Yes,No,Yes,No,No,Month-to-month,No,Credit card (automatic),37.44,529.45,Yes
IJKK-F4161,Male,0,No,Yes,45,Yes,Yes,Fiber optic,Yes,No,No,Yes,Yes,Yes,One year,Yes,Bank transfer (automatic),81.98,3660.38,No
UXVU-6B6D3,Male,0,No,No,31,Yes,Yes,No,No internet service,No internet service,No internet service,No internet service,No internet service,No internet service,Month-to-month,Yes,Mailed check,25.12,814.08,No
DZJI-A5B6C,Male,0,Yes,No,2,Yes,No,No,No internet service,No internet service,No internet service,No internet service,No internet service,No internet service,One year,Yes,Electronic check,26.4,43.89,Yes
CSIK-E7173,Female,0,No,No,2,Yes,No,DSL,No,No,No,No,No,Yes,One year,Yes,Electronic check,39.52,69.55,Yes
MFQG-7FABC,Male,0,No,Yes,28,Yes,No,Fiber optic,No,No,No,No,No,No,Month-to-month,No,Mailed check,42.44,1189.76,Yes
XXWI-9D828,Male,0,No,Yes,59,Yes,No,Fiber optic,Yes,No,Yes,No,No,Yes,Month-to-month,No,Electronic check,63.16,3820.32,No
FRWS-89873,Male,0,No,No,30,Yes,Yes,No,No internet service,No internet service,No internet service,No internet service,No internet service,No internet service,One year,Yes,Electronic check,33.6,913.92,No
RJEU-88818,Female,0,Yes,Yes,58,Yes,No,DSL,No,No,No,No,No,Yes,Month-to-month,No,Credit card (automatic),33.45,1900.42,No
ONAT-9C85D,Male,0,No,No,1,No,No phone service,Fiber optic,No,No,No,No,Yes,No,Two year,Yes,Credit card (automatic),59.42,49.36,No
JLAE-1645C,Male,0,Yes,No,71,Yes,Yes,Fiber optic,No,Yes,Yes,No,No,Yes,Month-to-month,Yes,Electronic check,71.75,5093.32,Yes
RUVG-9D468,Male,0,Yes,No,47,No,No phone service,Fiber optic,Yes,Yes,No,No,No,Yes,Two year,Yes,Electronic check,59.45,2777.5,No
UDMG-B3551,Male,0,Yes,Yes,24,Yes,No,DSL,Yes,No,Yes,No,Yes,Yes,Month-to-month,No,Electronic check,49.5,1154.73,No
RGMS-CE2A5,Male,0,Yes,No,33,Yes,No,No,No internet service,No internet service,No internet service,No internet service,No internet service,No internet service,Two year,Yes,Electronic check,18.84,643.18,No
TKAW-C5D66,Female,0,Yes,Yes,30,Yes,No,Fiber optic,Yes,No,No,Yes,No,No,Month-to-month,Yes,Electronic check,55.61,1650.93,No
HMZB-92104,Female,0,Yes,No,16,Yes,No,No,No internet service,No internet service,No internet service,No internet service,No internet service,No internet service,Two year,Yes,Mailed check,20.09,406.86,No
TTUD-1FEBD,Female,0,No,No,21,Yes,No,Fiber optic,No,Yes,Yes,No,No,No,Two year,No,Electronic check,54.0,1201.68,No
UOMZ-AE33A,Male,1,Yes,No,13,Yes,Yes,DSL,No,Yes,No,No,No,Yes,Month-to-month,Yes,Credit card (automatic),55.63,710.32,Yes
YQLA-233BA,Female,1,No,No,37,Yes,No,DSL,No,No,Yes,Yes,No,Yes,Two year,Yes,Electronic check,39.33,1446.37,No
JZKL-8934B,Female,0,No,No,42,Yes,No,Fiber optic,No,No,No,Yes,No,No,One year,No,Credit card (automatic),49.59,2018.22,No
VLCW-969D0,Female,1,No,No,5,Yes,No,No,No internet service,No internet service,No internet service,No internet service,No internet service,No internet service,Month-to-month,Yes,Credit card (automatic),24.24,132.82,No
JYHZ-471B3,Male,0,Yes,Yes,16,Yes,Yes,No,No internet service,No internet service,No internet service,No internet service,No internet service,No internet service,One year,No,Credit card (automatic),34.68,528.81,No
WDDM-15B88,Male,0,No,No,34,No,No phone service,No,No internet service,No internet service,No internet service,No internet service,No internet service,No internet service,One year,Yes,Credit card (automatic),18.8,660.97,No
CRCO-CB52D,Female,0,Yes,Yes,13,Yes,No,Fiber optic,No,No,Yes,No,No,Yes,Month-to-month,Yes,Mailed check,52.15,613.29,Yes
FMGA-68CBD,Female,0,Yes,No,58,No,No phone service,DSL,No,Yes,No,No,Yes,No,Month-to-month,Yes,Credit card (automatic),49.8,2933.95,No
VKIP-74077,Male,0,No,No,61,No,No phone service,DSL,Yes,No,Yes,No,Yes,No,Month-to-month,No,Credit card (automatic),49.94,3038.23,No
YVHC-C70C5,Male,1,No,Yes,68,Yes,Yes,No,No internet service,No internet service,No internet service,No internet service,No internet service,No internet service,One year,No,Mailed check,26.13,1845.97,No
ERUU-497D3,Female,0,No,No,72,Yes,No,DSL,No,Yes,Yes,No,No,No,Two year,No,Mailed check,28.47,2052.03,No
VJQN-53599,Male,0,Yes,Yes,23,Yes,No,DSL,No,Yes,No,No,No,Yes,Month-to-month,Yes,Bank transfer (automatic),37.7,841.87,No
QRBK-5662F,Female,0,Yes,Yes,42,Yes,Yes,Fiber optic,No,No,Yes,Yes,No,No,Month-to-month,Yes,Mailed check,62.74,2617.61,No
APLS-DAC4F,Male,0,Yes,No,69,Yes,No,DSL,No,No,No,No,Yes,No,Month-to-month,Yes,Credit card (automatic),50.28,3381.36,No
CRDG-DAAD4,Female,0,No,No,49,No,No phone service,Fiber optic,No,No,Yes,No,No,No,Month-to-month,Yes,Electronic check,53.01,2621.58,No
QFMK-91004,Female,0,Yes,Yes,41,Yes,Yes,DSL,Yes,Yes,Yes,No,Yes,No,Month-to-month,Yes,Credit card (automatic),55.9,2384.33,No
OEZK-4E236,Male,0,No,No,59,Yes,Yes,DSL,No,No,Yes,Yes,Yes,No,Month-to-month,Yes,Credit card (automatic),58.65,3400.93,No
BRUJ-D08B6,Female,0,Yes,No,35,Yes,No,DSL,Yes,Yes,Yes,No,No,Yes,Month-to-month,Yes,Credit card (automatic),45.15,1498.57,No
YLXR-3D03C,Female,0,Yes,No,66,Yes,No,Fiber optic,Yes,No,No,No,No,No,One year,No,Bank transfer (automatic),46.97,3203.03,No
XKRS-BE13E,Female,0,Yes,No,35,Yes,Yes,Fiber optic,Yes,No,Yes,No,Yes,No,One year,No,Electronic check,76.59,2622.07,No
ONKJ-3614F,Male,1,Yes,Yes,40,No,No phone service,DSL,No,No,Yes,No,Yes,No,Two year,Yes,Credit card (automatic),36.6,1480.09,Yes
ETAT-4B7CA,Male,0,No,Yes,28,Yes,No,DSL,No,No,Yes,Yes,Yes,Yes,Month-to-month,Yes,Bank transfer (automatic),58.41,1663.48,Yes
OTZP-21869,Male,0,No,Yes,14,Yes,No,No,No internet service,No internet service,No internet service,No internet service,No internet service,No internet service,Month-to-month,No,Electronic check,23.37,327.58,No
RETZ-5EE6C,Female,0,Yes,Yes,68,Yes,No,Fiber optic,No,No,No,No,Yes,Yes,Month-to-month,No,Electronic check,67.29,4498.08,No
YWKR-96AE0,Male,0,Yes,Yes,8,Yes,No,Fiber optic,No,No,No,No,Yes,No,Two year,No,Electronic check,58.61,540.68,Yes
XJVC-E7E6B,Female,1,No,No,27,Yes,No,Fiber optic,No,No,No,Yes,No,No,Month-to-month,Yes,Credit card (automatic),48.35,1289.4,Yes
PFGO-79CC0,Female,0,No,No,22,Yes,No,Fiber optic,Yes,Yes,No,No,No,Yes,Two year,Yes,Mailed check,57.43,1330.31,No
MDNN-F6782,Male,0,No,No,51,Yes,No,No,No internet service,No internet service,No internet service,No internet service,No internet service,No internet service,Month-to-month,Yes,Credit card (automatic),19.63,1062.07,No
BSHJ-F3EA4,Male,0,Yes,No,3,Yes,No,No,No internet service,No internet service,No internet service,No internet service,No internet service,No internet service,Two year,No,Mailed check,18.8,168.93,No
YQIL-5D70B,Female,1,Yes,Yes,6,Yes,No,DSL,No,Yes,Yes,Yes,No,No,Month-to-month,Yes,Mailed check,36.73,235.76,No
TKXL-4B2FA,Female,0,Yes,Yes,44,Yes,No,No,No internet service,No internet service,No internet service,No internet service,No internet service,No internet service,Month-to-month,No,Electronic check,23.55,1010.92,Yes
ICPP-C436D,Male,0,Yes,No,65,Yes,No,Fiber optic,Yes,Yes,Yes,No,Yes,No,Month-to-month,Yes,Credit card (automatic),52.22,3353.73,No
XJBC-80B06,Male,0,No,Yes,67,Yes,Yes,Fiber optic,No,No,Yes,Yes,Yes,No,One year,Yes,Electronic check,70.21,4610.2,No
UMRI-C6CF6,Male,0,Yes,No,15,Yes,Yes,Fiber optic,No,No,No,Yes,No,No,One year,Yes,Bank transfer (automatic),63.48,973.96,No
GYRW-651CD,Female,0,No,No,50,Yes,No,No,No internet service,No internet service,No internet service,No internet service,No internet service,No internet service,Month-to-month,Yes,Electronic check,19.43,974.88,No
VHMM-1058F,Female,0,Yes,No,9,Yes,Yes,No,No internet service,No internet service,No internet service,No internet service,No internet service,No internet service,Month-to-month,No,Credit card (automatic),25.81,155.61,No
WSZU-8EE34,Female,0,No,No,1,Yes,Yes,DSL,No,No,Yes,Yes,Yes,No,Two year,No,Mailed check,64.2,105.5,No
ZANJ-BF535,Female,0,Yes,Yes,53,Yes,No,Fiber optic,No,Yes,No,No,Yes,No,One year,No,Electronic check,60.85,3274.42,No
SJQJ-B1549,Female,0,Yes,No,8,Yes,No,No,No internet service,No internet service,No internet service,No internet service,No internet service,No internet service,Two year,No,Mailed check,18.8,276.79,No
QSXU-0A069,Male,0,No,No,3,Yes,No,Fiber optic,Yes,No,No,Yes,No,No,Month-to-month,No,Electronic check,55.24,150.31,Yes
ISUP-8FA3A,Male,0,Yes,No,2,Yes,No,No,No internet service,No internet service,No internet service,No internet service,No internet service,No internet service,One year,No,Bank transfer (automatic),21.87,33.04,No
MAXU-9A95E,Female,0,Yes,No,22,Yes,No,Fiber optic,No,No,No,No,Yes,No,Two year,No,Mailed check,56.5,1260.45,No
OIRE-521D6,Female,0,Yes,Yes,37,Yes,No,Fiber optic,No,No,Yes,Yes,No,Yes,Month-to-month,No,Electronic check,58.74,2260.42,No
WQGF-71972,Male,0,No,No,58,Yes,No,Fiber optic,No,Yes,Yes,No,No,Yes,One year,Yes,Bank transfer (automatic),56.87,3265.06,No
NWXK-1D8C0,Male,0,No,No,63,Yes,Yes,Fiber optic,No,Yes,Yes,No,Yes,Yes,One year,No,Electronic check,74.44,4719.24,No
HHSR-B6434,Male,0,No,No,38,No,No phone service,Fiber optic,Yes,No,Yes,No,No,Yes,Month-to-month,Yes,Credit card (automatic),59.22,2291.54,No
EVRR-EB552,Male,0,No,No,58,Yes,No,Fiber optic,No,No,Yes,Yes,Yes,No,Two year,Yes,Bank transfer (automatic),67.48,3923.11,No
SWSM-57426,Female,0,No,Yes,72,Yes,Yes,No,No internet service,No internet service,No internet service,No internet service,No internet service,No internet service,Two year,Yes,Mailed check,27.14,1949.78,No
GTXF-0D44D,Male,0,No,Yes,14,No,No phone service,DSL,No,No,No,Yes,No,Yes,Month-to-month,No,Electronic check,40.91,595.72,Yes
VPES-B788A,Female,0,No,No,12,Yes,No,No,No internet service,No internet service,No internet service,No internet service,No internet service,No internet service,Month-to-month,Yes,Bank transfer (automatic),18.8,243.93,No
NZAB-22713,Male,0,No,No,41,Yes,Yes,Fiber optic,No,No,No,Yes,Yes,Yes,One year,Yes,Mailed check,80.24,3285.78,No
NXUF-0BCE6,Male,0,Yes,No,52,Yes,Yes,No,No internet service,No internet service,No internet service,No internet service,No internet service,No internet service,Month-to-month,Yes,Bank transfer (automatic),29.97,1561.63,No
BYHJ-6F588,Male,1,No,No,9,Yes,No,Fiber optic,No,Yes,Yes,No,No,No,One year,No,Bank transfer (automatic),45.22,366.43,No
ZYQC-5ACC7,Female,0,No,No,41,Yes,Yes,No,No internet service,No internet service,No internet service,No internet service,No internet service,No internet service,Month-to-month,No,Bank transfer (automatic),27.2,1151.63,Yes
RIQM-ADDBC,Female,0,Yes,No,20,Yes,No,Fiber optic,No,No,No,Yes,No,Yes,Two year,Yes,Bank transfer (automatic),55.18,1117.65,No
EEVO-6A122,Male,0,Yes,No,63,Yes,Yes,DSL,No,Yes,Yes,No,No,No,One year,Yes,Mailed check,51.87,3185.16,No
OBBR-B4B16,Female,0,Yes,No,63,Yes,No,Fiber optic,Yes,Yes,No,No,No,Yes,One year,No,Credit card (automatic),53.41,3354.41,No
JJWC-A473B,Female,0,Yes,Yes,30,Yes,Yes,Fiber optic,Yes,Yes,No,Yes,Yes,Yes,Month-to-month,No,Credit card (automatic),87.2,2604.7,Yes
BBIW-02708,Male,1,Yes,No,72,Yes,Yes,Fiber optic,No,Yes,No,No,No,No,Month-to-month,Yes,Bank transfer (automatic),67.91,4858.36,No
JQBE-2BB16,Male,0,Yes,No,38,Yes,Yes,Fiber optic,No,No,No,Yes,No,No,Two year,No,Electronic check,69.47,2653.83,No
SACQ-9B7E2,Female,0,Yes,Yes,8,Yes,Yes,DSL,No,Yes,Yes,No,No,Yes,Month-to-month,Yes,Credit card (automatic),54.98,442.36,No
EQWA-BF9D4,Female,0,No,No,56,No,No phone service,No,No internet service,No internet service,No internet service,No internet service,No internet service,No internet service,Month-to-month,Yes,Electronic check,21.12,1194.94,Yes
ULHF-DBCB4,Female,0,Yes,No,26,Yes,Yes,DSL,No,No,Yes,No,No,Yes,One year,Yes,Electronic check,48.92,1200.6,No
EQGQ-EB7E8,Male,0,Yes,No,36,Yes,No,Fiber optic,Yes,No,No,No,Yes,Yes,Month-to-month,No,Bank transfer (automatic),62.39,2189.3,No
MYIF-2A8C2,Male,0,Yes,No,23,Yes,Yes,Fiber optic,No,No,No,No,Yes,Yes,Month-to-month,Yes,Bank transfer (automatic),74.99,1731.41,Yes
IDIY-E71F2,Female,0,No,No,70,Yes,No,No,No internet service,No internet service,No internet service,No internet service,No internet service,No internet service,Month-to-month,No,Credit card (automatic),30.92,2158.86,No
CKYU-5704A,Male,1,Yes,No,7,Yes,No,Fiber optic,Yes,No,No,No,No,No,Month-to-month,Yes,Electronic check,54.09,398.67,No
KZLW-B8DD5,Male,0,Yes,No,49,Yes,Yes,Fiber optic,No,No,Yes,No,No,No,Month-to-month,No,Electronic check,67.27,3325.06,No
HSAS-6C298,Female,0,No,Yes,64,Yes,No,DSL,No,No,No,No,No,Yes,Two year,No,Credit card (automatic),44.38,2812.26,No
ANRK-95934,Female,1,Yes,No,56,No,No phone service,DSL,No,Yes,No,No,No,No,Month-to-month,Yes,Electronic check,44.24,2485.31,Yes
BCDE-B3526,Male,0,Yes,No,58,Yes,No,Fiber optic,No,Yes,No,Yes,Yes,Yes,Two year,Yes,Bank transfer (automatic),71.71,4151.44,No
GIBN-4AF78,Male,0,Yes,No,3,Yes,No,DSL,Yes,Yes,No,Yes,Yes,No,Two year,Yes,Electronic check,49.83,102.57,No
VIDS-A7608,Female,0,No,Yes,4,Yes,No,Fiber optic,Yes,Yes,Yes,No,No,No,Two year,No,Electronic check,53.29,205.86,No
ONHD-99217,Male,0,No,No,7,Yes,Yes,DSL,No,No,Yes,No,Yes,No,Two year,Yes,Electronic check,54.77,454.48,Yes
BFQH-7A234,Male,0,No,No,1,Yes,No,No,No internet service,No internet service,No internet service,No internet service,No internet service,No internet service,Month-to-month,Yes,Electronic check,18.8,0.0,Yes
KOBM-AD8AD,Female,0,Yes,No,30,Yes,No,No,No internet service,No internet service,No internet service,No internet service,No internet service,No internet service,Two year,No,Electronic check,22.73,707.58,No
SNOZ-C37B8,Female,0,No,No,54,Yes,Yes,Fiber optic,No,No,No,Yes,No,Yes,Month-to-month,No,Electronic check,81.2,4325.43,No
LPJR-BEFBC,Male,0,Yes,Yes,17,Yes,Yes,Fiber optic,No,No,Yes,No,No,Yes,Two year,Yes,Electronic check,65.3,1253.25,Yes
UIXN-D3499,Male,1,Yes,No,32,Yes,No,DSL,No,Yes,No,No,No,Yes,Month-to-month,Yes,Electronic check,42.81,1404.9,Yes
KFFS-01EF1,Male,0,Yes,No,66,Yes,No,Fiber optic,No,Yes,Yes,No,Yes,No,Month-to-month,No,Electronic check,61.98,4124.56,No
DIPE-F7834,Female,0,No,No,68,Yes,No,No,No internet service,No internet service,No internet service,No internet service,No internet service,No internet service,Two year,Yes,Bank transfer (automatic),18.8,1266.01,No
TQFL-263F4,Male,0,Yes,No,11,Yes,No,No,No internet service,No internet service,No internet service,No internet service,No internet service,No internet service,Month-to-month,No,Credit card (automatic),18.8,186.68,Yes
MQBF-FB36D,Male,0,No,No,66,Yes,No,Fiber optic,Yes,No,No,Yes,No,Yes,Two year,Yes,Electronic check,71.12,4760.04,No
FHGR-88658,Female,0,No,Yes,8,Yes,No,DSL,No,No,No,No,Yes,Yes,Two year,No,Credit card (automatic),48.41,330.58,No
UVUB-76E63,Female,0,Yes,No,1,Yes,No,DSL,No,No,Yes,Yes,No,No,One year,No,Electronic check,43.58,94.08,Yes
GFLG-9399A,Male,0,Yes,No,57,Yes,No,DSL,Yes,No,No,No,No,Yes,One year,Yes,Mailed check,36.19,2067.34,No
WBBL-8C379,Female,0,Yes,Yes,59,Yes,Yes,DSL,Yes,Yes,No,No,No,No,One year,No,Electronic check,44.49,2671.4,No
ROPE-781FA,Female,0,Yes,No,51,No,No phone service,DSL,No,Yes,No,Yes,No,Yes,Two year,No,Mailed check,51.68,2622.52,No
SNYA-F3E05,Male,0,Yes,No,70,Yes,No,DSL,No,No,No,No,Yes,Yes,One year,Yes,Electronic check,47.98,3359.99,No
ORAJ-D2FBF,Female,0,No,No,25,Yes,No,Fiber optic,No,No,No,No,Yes,No,Two year,No,Electronic check,62.17,1542.7,No
XFYM-4E7A9,Female,0,Yes,Yes,45,Yes,No,DSL,No,No,Yes,Yes,No,Yes,Month-to-month,Yes,Credit card (automatic),59.88,2698.04,No
HZVN-91BEF,Male,0,No,No,72,No,No phone service,Fiber optic,Yes,Yes,No,No,No,Yes,Month-to-month,Yes,Credit card (automatic),66.3,4751.38,No
OZUN-C2A97,Female,0,Yes,No,45,Yes,No,Fiber optic,Yes,No,No,Yes,No,Yes,One year,No,Electronic check,65.04,3022.36,No
QWOJ-69958,Male,0,No,No,26,Yes,No,Fiber optic,No,No,No,No,No,No,Month-to-month,Yes,Electronic check,42.53,1141.15,No
HYNV-66499,Male,1,No,No,65,Yes,Yes,DSL,Yes,Yes,No,No,No,No,Month-to-month,No,Electronic check,53.85,3501.61,Yes
OVNV-05B6B,Female,0,No,Yes,18,Yes,No,DSL,No,No,No,No,No,Yes,Month-to-month,No,Electronic check,51.57,959.51,No
PMOX-AF1DE,Female,0,No,No,3,Yes,No,DSL,No,No,No,No,Yes,No,Two year,No,Bank transfer (automatic),51.46,66.06,No
YOMP-EDEF9,Female,0,Yes,No,36,Yes,Yes,No,No internet service,No internet service,No internet service,No internet service,No internet service,No internet service,One year,Yes,Bank transfer (automatic),23.84,902.49,No
GDXD-17BB4,Male,1,Yes,No,43,No,No phone service,Fiber optic,No,No,Yes,No,Yes,No,Two year,No,Mailed check,52.51,2285.73,No
NXUX-C1322,Female,0,No,No,52,Yes,No,Fiber optic,Yes,Yes,Yes,No,Yes,Yes,Month-to-month,Yes,Electronic check,57.93,2912.05,Yes
WSXI-FE1D1,Male,0,No,No,6,Yes,No,No,No internet service,No internet service,No internet service,No internet service,No internet service,No internet service,Month-to-month,Yes,Bank transfer (automatic),24.88,159.08,Yes
LEPA-D7D68,Female,0,No,No,2,Yes,No,Fiber optic,No,No,Yes,Yes,Yes,No,Month-to-month,No,Electronic check,67.44,91.74,No
TZJN-50D95,Female,0,Yes,No,6,Yes,No,DSL,No,No,No,No,No,No,One year,Yes,Credit card (automatic),38.47,235.09,No
UVZL-17739,Female,0,Yes,No,4,Yes,No,Fiber optic,No,Yes,Yes,No,Yes,No,One year,No,Credit card (automatic),62.56,265.47,Yes
KWBS-935D5,Male,0,Yes,No,48,Yes,No,No,No internet service,No internet service,No internet service,No internet service,No internet service,No internet service,Month-to-month,Yes,Credit card (automatic),19.08,874.16,No
RNXR-DE2DF,Female,0,No,No,17,Yes,Yes,Fiber optic,No,No,No,No,No,No,Month-to-month,Yes,Credit card (automatic),55.46,920.73,No
ALGZ-521C0,Female,0,No,No,7,Yes,No,DSL,No,Yes,No,No,No,Yes,Month-to-month,Yes,Electronic check,40.88,279.39,Yes
HOBE-F74D1,Male,0,No,Yes,5,Yes,Yes,No,No internet service,No internet service,No internet service,No internet service,No internet service,No internet service,One year,No,Electronic check,33.64,197.38,No
GWTL-F9BF8,Male,1,No,No,10,Yes,No,Fiber optic,Yes,Yes,No,No,Yes,No,Month-to-month,Yes,Mailed check,53.74,543.07,Yes
MRBL-B6B63,Female,0,No,Yes,4,Yes,Yes,No,No internet service,No internet service,No internet service,No internet service,No internet service,No internet service,One year,Yes,Credit card (automatic),34.55,169.82,No
DOFJ-80645,Female,0,No,No,40,Yes,No,Fiber optic,No,No,No,No,No,No,Month-to-month,Yes,Mailed check,54.98,2092.92,No
XYHW-35F16,Female,0,Yes,No,59,Yes,No,Fiber optic,No,No,Yes,Yes,No,Yes,Two year,No,Electronic check,62.5,3657.62,No
UYYW-F7561,Male,1,No,Yes,60,Yes,No,Fiber optic,No,No,Yes,No,Yes,No,Two year,Yes,Electronic check,53.07,3224.77,No
DZEQ-3A715,Male,1,Yes,No,11,No,No phone service,No,No internet service,No internet service,No internet service,No internet service,No internet service,No internet service,One year,No,Mailed check,21.4,220.33,No
SUHH-B6115,Male,0,No,No,67,Yes,No,Fiber optic,No,Yes,Yes,No,Yes,Yes,Two year,No,Mailed check,67.11,4513.81,No
HDUL-B0679,Male,0,Yes,Yes,28,Yes,No,DSL,Yes,Yes,No,No,No,No,One year,Yes,Bank transfer (automatic),45.63,1255.82,No
ZLMX-662B0,Female,0,No,No,70,No,No phone service,Fiber optic,No,Yes,No,No,No,No,One year,No,Electronic check,48.64,3352.14,No
FKLB-8F179,Male,1,No,No,67,Yes,Yes,DSL,Yes,No,No,No,Yes,No,Month-to-month,Yes,Bank transfer (automatic),57.5,3902.26,No
IOIE-DF612,Male,0,No,No,6,Yes,Yes,DSL,Yes,Yes,Yes,No,Yes,Yes,One year,Yes,Mailed check,62.62,378.8,Yes
XWMW-3618B,Male,0,No,No,1,No,No phone service,Fiber optic,No,Yes,No,No,Yes,Yes,Month-to-month,Yes,Credit card (automatic),68.55,29.61,Yes
ZTRR-A6820,Female,0,No,Yes,53,Yes,No,Fiber optic,No,Yes,Yes,No,No,No,Month-to-month,Yes,Electronic check,47.79,2639.38,Yes
UMWD-64D6A,Female,1,No,Yes,54,Yes,No,DSL,No,Yes,Yes,Yes,Yes,No,Two year,Yes,Bank transfer (automatic),40.73,2190.41,No
CNLP-91023,Male,0,Yes,No,27,Yes,Yes,DSL,No,No,No,No,No,Yes,Month-to-month,Yes,Credit card (automatic),55.23,1521.65,Yes
SGZC-8B081,Male,0,No,No,72,Yes,No,DSL,No,No,No,No,Yes,No,Month-to-month,Yes,Mailed check,46.86,3428.61,No
UMWR-52204,Female,0,Yes,No,14,Yes,Yes,Fiber optic,No,No,Yes,No,No,No,One year,No,Mailed check,48.39,695.58,No
SJDC-73B52,Female,0,No,No,58,Yes,Yes,DSL,No,Yes,Yes,Yes,No,No,Two year,No,Credit card (automatic),46.65,2618.5,No
HLAC-F5BE1,Female,0,No,No,56,Yes,No,Fiber optic,Yes,No,Yes,Yes,No,No,Month-to-month,No,Electronic check,47.84,2761.59,No
RVAI-2042E,Female,1,No,No,44,No,No phone service,Fiber optic,No,Yes,Yes,No,Yes,Yes,One year,No,Bank transfer (automatic),70.71,3044.77,No
GTBQ-B26E9,Female,1,No,No,54,Yes,Yes,Fiber optic,No,No,No,No,Yes,Yes,Month-to-month,No,Bank transfer (automatic),81.15,4384.23,No
VLGM-6F6A9,Female,1,No,Yes,24,Yes,Yes,DSL,No,No,No,Yes,No,Yes,Two year,No,Mailed check,57.09,1331.71,No
JJVF-6A0AD,Female,0,No,Yes,27,Yes,No,Fiber optic,No,Yes,Yes,No,Yes,No,One year,No,Electronic check,55.07,1530.23,Yes
LPMR-0970C,Female,0,No,No,34,Yes,Yes,Fiber optic,No,No,No,Yes,No,No,Month-to-month,No,Electronic check,64.62,2153.55,Yes
DPWX-AB9CF,Male,1,No,No,66,Yes,Yes,DSL,Yes,No,No,No,No,No,One year,No,Mailed check,45.48,3016.05,No
LKEZ-EBA3E,Male,0,No,Yes,4,Yes,No,Fiber optic,Yes,No,No,No,No,No,One year,Yes,Electronic check,48.88,87.29,Yes
BQGL-1266E,Male,0,Yes,No,28,Yes,No,Fiber optic,No,No,Yes,No,Yes,Yes,Two year,No,Electronic check,72.46,2105.42,Yes
PAYP-DE827,Male,1,No,No,56,Yes,No,Fiber optic,No,Yes,No,No,No,Yes,Month-to-month,Yes,Bank transfer (automatic),56.51,3171.25,No
RAYJ-AFDB4,Male,0,No,Yes,37,Yes,Yes,Fiber optic,Yes,No,No,Yes,No,Yes,One year,No,Electronic check,67.91,2570.63,No
NNWB-01F8B,Male,0,No,No,8,Yes,Yes,Fiber optic,No,No,No,Yes,No,Yes,Month-to-month,No,Bank transfer (automatic),69.01,611.78,No
CAQS-617A3,Female,0,No,Yes,7,Yes,Yes,No,No internet service,No internet service,No internet service,No internet service,No internet service,No internet service,One year,Yes,Electronic check,30.16,267.93,No
HTFC-A0691,Female,0,Yes,No,34,Yes,No,No,No internet service,No internet service,No internet service,No internet service,No internet service,No internet service,Two year,No,Electronic check,18.8,688.39,No
QVZG-59995,Male,0,Yes,Yes,11,Yes,No,DSL,No,No,No,Yes,No,No,Month-to-month,Yes,Mailed check,42.74,423.17,No
BAZK-7A366,Male,0,No,No,6,No,No phone service,Fiber optic,Yes,No,No,Yes,No,Yes,Month-to-month,Yes,Electronic check,55.86,342.17,Yes
CPFA-94B80,Female,0,No,Yes,23,Yes,No,DSL,No,Yes,No,No,Yes,No,Month-to-month,Yes,Mailed check,48.95,1065.9,No
SBIR-66374,Female,0,No,No,38,Yes,Yes,Fiber optic,Yes,Yes,Yes,Yes,No,Yes,Month-to-month,Yes,Electronic check,68.39,2592.77,No
YRXI-F4449,Female,0,Yes,No,14,Yes,No,Fiber optic,No,No,No,No,No,No,Month-to-month,Yes,Electronic check,52.61,793.41,No
PBOY-6BAFA,Male,0,No,No,59,Yes,Yes,DSL,No,No,Yes,No,Yes,No,Two year,No,Electronic check,53.87,3128.97,No
MAUI-E36D2,Female,1,No,No,12,Yes,Yes,DSL,Yes,Yes,No,No,No,No,Month-to-month,No,Credit card (automatic),36.51,497.43,Yes
HUIY-8D80C,Male,0,Yes,No,11,Yes,No,DSL,No,No,Yes,No,No,No,Month-to-month,Yes,Electronic check,34.37,414.73,Yes
KKTH-699B1,Male,0,Yes,Yes,43,Yes,Yes,Fiber optic,Yes,Yes,Yes,Yes,No,Yes,One year,No,Credit card (automatic),75.96,3237.29,No
ZPQW-702FF,Female,0,Yes,No,5,Yes,Yes,Fiber optic,No,No,No,No,No,No,Two year,Yes,Electronic check,59.58,269.09,Yes
CRRE-C738E,Female,1,Yes,No,51,Yes,No,Fiber optic,No,No,Yes,No,No,No,One year,No,Electronic check,58.2,2887.42,No
FQTQ-AB31F,Male,0,Yes,No,11,Yes,No,Fiber optic,No,No,No,No,Yes,Yes,Month-to-month,No,Credit card (automatic),73.07,819.99,No
IYGG-07FE4,Female,0,Yes,No,58,Yes,No,Fiber optic,No,No,No,Yes,No,No,One year,No,Bank transfer (automatic),55.16,3255.13,No
KRYP-35B09,Female,1,No,No,3,No,No phone service,DSL,No,No,No,Yes,No,Yes,Month-to-month,No,Credit card (automatic),51.58,113.55,No
TJOS-9093B,Male,0,Yes,No,15,Yes,No,DSL,Yes,Yes,No,No,Yes,No,One year,No,Mailed check,38.76,591.55,No
GZDX-0A533,Female,1,Yes,No,41,Yes,Yes,No,No internet service,No internet service,No internet service,No internet service,No internet service,No internet service,One year,Yes,Electronic check,37.08,1482.62,No
BDKE-FD71F,Male,1,Yes,No,1,Yes,Yes,Fiber optic,No,No,No,Yes,No,Yes,Month-to-month,Yes,Electronic check,69.0,1.61,Yes
SEBQ-097E6,Male,1,Yes,No,13,Yes,Yes,Fiber optic,No,Yes,Yes,No,Yes,No,Two year,Yes,Mailed check,70.26,1038.98,Yes
LOZS-A4736,Female,0,No,No,3,Yes,No,Fiber optic,No,No,Yes,No,Yes,Yes,Month-to-month,Yes,Bank transfer (automatic),68.87,189.1,No
VCEP-CF9A4,Male,0,Yes,No,24,Yes,No,DSL,Yes,No,No,No,No,No,Month-to-month,Yes,Mailed check,34.06,915.67,No
KICJ-39CFE,Male,1,No,No,68,Yes,No,No,No internet service,No internet service,No internet service,No internet service,No internet service,No internet service,Month-to-month,No,Electronic check,18.8,1322.97,No
IYYN-3C158,Female,0,No,No,35,Yes,No,Fiber optic,Yes,Yes,No,No,No,No,Two year,No,Credit card (automatic),51.16,1755.26,No
WZVM-1CD78,Female,0,Yes,No,37,Yes,Yes,DSL,Yes,Yes,Yes,No,No,No,Month-to-month,Yes,Bank transfer (automatic),44.89,1688.71,No
WDVN-A3948,Female,0,No,No,31,Yes,No,DSL,Yes,No,No,No,Yes,No,Two year,No,Electronic check,41.28,1285.59,Yes
NYRO-65AE9,Male,0,No,No,43,Yes,No,DSL,No,No,Yes,No,No,No,Month-to-month,Yes,Credit card (automatic),32.14,1334.78,No
RIOO-A5556,Male,0,Yes,Yes,62,No,No phone service,DSL,No,No,No,Yes,No,Yes,Month-to-month,Yes,Electronic check,46.47,2844.06,No
HFNW-0ADDD,Female,0,No,Yes,4,Yes,Yes,DSL,No,No,Yes,Yes,Yes,No,Month-to-month,Yes,Credit card (automatic),58.3,194.3,No
ICZS-5D5BF,Male,0,No,No,55,No,No phone service,DSL,No,No,Yes,No,No,No,Two year,Yes,Electronic check,39.5,2143.42,No
TREY-69939,Female,0,No,No,11,Yes,No,DSL,No,No,No,Yes,Yes,Yes,Two year,Yes,Credit card (automatic),62.91,775.53,No
KJWS-70BB2,Female,0,Yes,No,7,Yes,Yes,Fiber optic,Yes,No,No,No,Yes,No,One year,Yes,Mailed check,63.99,422.0,No
TKTV-BF150,Male,0,No,No,37,Yes,Yes,DSL,No,No,No,No,No,Yes,Month-to-month,Yes,Electronic check,55.66,2059.16,Yes
EJAK-21DB7,Female,0,Yes,No,12,Yes,Yes,DSL,Yes,Yes,No,Yes,No,Yes,One year,No,Electronic check,59.69,707.92,No
OHMU-8C75E,Male,0,Yes,No,18,Yes,No,Fiber optic,Yes,No,Yes,No,Yes,Yes,Month-to-month,No,Mailed check,62.58,1099.59,No
XFMU-4BE32,Male,0,Yes,No,31,Yes,Yes,Fiber optic,No,Yes,Yes,No,No,Yes,Month-to-month,Yes,Mailed check,73.95,2225.28,No
YZWP-1E32B,Female,0,No,Yes,11,No,No phone service,No,No internet service,No internet service,No internet service,No internet service,No internet service,No internet service,Month-to-month,No,Bank transfer (automatic),18.8,166.71,Yes
KWWU-D8DE4,Male,0,No,No,0,Yes,No,Fiber optic,Yes,No,No,No,Yes,No,Month-to-month,No,Mailed check,60.87,60.87,No
LQWK-45C84,Female,0,Yes,No,8,Yes,No,DSL,No,Yes,No,No,No,No,One year,Yes,Mailed check,35.67,305.01,No
SRNQ-32CAF,Male,0,Yes,No,56,Yes,No,Fiber optic,Yes,Yes,Yes,No,No,No,Two year,Yes,Bank transfer (automatic),54.57,3091.22,No
YJMW-0D247,Male,0,No,No,0,Yes,No,No,No internet service,No internet service,No internet service,No internet service,No internet service,No internet service,Two year,Yes,Credit card (automatic),21.27,21.27,No
SJYU-BC0D9,Male,0,No,No,51,Yes,No,No,No internet service,No internet service,No internet service,No internet service,No internet service,No internet service,Two year,Yes,Credit card (automatic),18.8,867.44,No
EUCQ-9051F,Female,0,Yes,Yes,5,Yes,No,No,No internet service,No internet service,No internet service,No internet service,No internet service,No internet service,Month-to-month,No,Credit card (automatic),29.69,181.94,No
UZMI-F462D,Male,1,No,Yes,56,No,No phone service,Fiber optic,Yes,Yes,No,No,No,Yes,Month-to-month,No,Electronic check,65.87,3714.36,No
DAVV-DD25C,Female,0,Yes,Yes,21,Yes,No,Fiber optic,No,No,No,No,Yes,Yes,Month-to-month,Yes,Electronic check,56.07,1136.84,No
IUXY-CC916,Male,1,No,No,33,No,No phone service,DSL,No,No,Yes,No,Yes,No,Month-to-month,Yes,Electronic check,45.46,1572.15,No
YXGT-46A79,Male,0,No,Yes,33,Yes,Yes,Fiber optic,Yes,No,No,No,Yes,No,Month-to-month,No,Bank transfer (automatic),66.23,2199.57,No
CHVQ-DF544,Female,0,Yes,Yes,6,Yes,No,Fiber optic,No,No,No,No,Yes,No,Month-to-month,No,Bank transfer (automatic),54.85,393.09,Yes
OGKE-6F6C6,Female,0,No,No,6,Yes,No,DSL,Yes,Yes,No,No,Yes,No,Two year,No,Bank transfer (automatic),36.57,239.84,No
LRCJ-23B23,Female,0,No,No,19,Yes,No,No,No internet service,No internet service,No internet service,No internet service,No internet service,No internet service,Month-to-month,No,Mailed check,25.61,447.87,No
OJDY-E98CF,Female,0,Yes,No,58,Yes,No,DSL,Yes,No,No,Yes,Yes,No,Two year,Yes,Bank transfer (automatic),49.29,2829.6,No
CCIH-E8CAB,Female,0,Yes,No,62,Yes,Yes,DSL,Yes,Yes,No,No,Yes,No,Month-to-month,Yes,Electronic check,42.97,2738.32,No
YPUG-49E08,Male,0,Yes,No,10,Yes,Yes,DSL,No,No,No,Yes,Yes,Yes,Two year,Yes,Bank transfer (automatic),71.78,753.76,No
FWNB-0A302,Male,0,Yes,Yes,18,Yes,No,Fiber optic,No,Yes,No,No,Yes,No,Month-to-month,Yes,Electronic check,56.16,1014.96,No
EISW-8FC2B,Female,0,No,No,39,Yes,No,Fiber optic,No,No,No,No,Yes,No,Month-to-month,Yes,Electronic check,59.16,2323.22,No
GZWB-27B81,Male,0,Yes,No,35,Yes,No,DSL,No,Yes,No,Yes,No,Yes,Month-to-month,No,Mailed check,49.44,1691.53,No
QQYG-0BB8B,Male,1,No,No,7,Yes,Yes,No,No internet service,No internet service,No internet service,No internet service,No internet service,No internet service,Month-to-month,No,Bank transfer (automatic),30.23,281.33,No
EDKX-8AF47,Male,0,Yes,No,51,Yes,Yes,DSL,No,No,Yes,No,Yes,No,Month-to-month,Yes,Electronic check,57.26,2970.54,No
RDKO-437E6,Female,0,No,No,36,No,No phone service,Fiber optic,Yes,Yes,No,No,No,No,Month-to-month,Yes,Electronic check,43.87,1616.21,Yes
VRDX-99B04,Male,0,Yes,No,35,Yes,Yes,Fiber optic,Yes,No,No,Yes,Yes,No,Two year,Yes,Credit card (automatic),68.95,2460.45,No
UQKM-97784,Male,0,Yes,No,37,Yes,Yes,No,No internet service,No internet service,No internet service,No internet service,No internet service,No internet service,Two year,No,Mailed check,27.22,991.96,Yes
ORSQ-7AB47,Male,0,Yes,No,10,Yes,No,No,No internet service,No internet service,No internet service,No internet service,No internet service,No internet service,One year,Yes,Electronic check,23.95,221.45,No
RRMG-E887C,Female,0,No,No,30,No,No phone service,DSL,No,Yes,No,No,No,Yes,Two year,No,Electronic check,37.87,1140.53,No
HYBA-8D0A6,Male,0,Yes,No,49,Yes,No,Fiber optic,Yes,No,Yes,No,Yes,Yes,One year,No,Electronic check,72.66,3601.97,No
AJQQ-DF0D0,Male,1,Yes,No,62,Yes,No,No,No internet service,No internet service,No internet service,No internet service,No internet service,No internet service,Month-to-month,No,Electronic check,25.91,1558.96,No
ZUYB-1F464,Female,0,No,Yes,25,Yes,No,DSL,Yes,Yes,Yes,Yes,No,No,Month-to-month,Yes,Credit card (automatic),40.49,869.36,Yes
EBDW-0E394,Female,1,No,No,42,Yes,No,DSL,No,Yes,Yes,No,No,Yes,Two year,Yes,Credit card (automatic),40.48,1728.19,No
XBSY-772EF,Male,1,No,Yes,45,Yes,No,Fiber optic,No,No,No,No,No,No,One year,Yes,Credit card (automatic),45.63,2049.14,No
MRTJ-02EC1,Male,1,Yes,No,70,Yes,No,Fiber optic,No,Yes,No,No,No,Yes,One year,No,Electronic check,56.96,4007.1,No
UWOL-FD67F,Female,0,Yes,No,8,Yes,No,No,No internet service,No internet service,No internet service,No internet service,No internet service,No internet service,Month-to-month,No,Bank transfer (automatic),18.8,134.8,Yes
XQQT-4E4DD,Female,0,No,No,9,Yes,No,Fiber optic,No,No,No,No,Yes,No,Month-to-month,No,Mailed check,60.59,501.51,No
HUWM-8808A,Female,0,No,No,59,Yes,No,Fiber optic,No,Yes,Yes,No,No,No,Two year,Yes,Electronic check,59.06,3506.82,Yes
OMNN-E631D,Female,0,Yes,No,59,Yes,No,No,No internet service,No internet service,No internet service,No internet service,No internet service,No internet service,Month-to-month,No,Mailed check,18.8,1136.41,No
EKTE-3AA38,Female,0,Yes,No,32,Yes,Yes,Fiber optic,Yes,No,Yes,No,Yes,No,Two year,No,Electronic check,58.33,1759.83,No
SFLH-F6DE2,Female,0,No,No,6,Yes,No,Fiber optic,No,Yes,No,No,Yes,No,One year,No,Electronic check,61.18,389.72,Yes
YBKE-08996,Female,0,Yes,No,48,Yes,Yes,No,No internet service,No internet service,No internet service,No internet service,No internet service,No internet service,Month-to-month,No,Credit card (automatic),23.68,1103.46,No
UMNL-3AD47,Male,0,No,Yes,21,Yes,No,Fiber optic,No,Yes,Yes,No,Yes,Yes,Two year,Yes,Electronic check,63.45,1365.97,No
XFKH-57E05,Female,0,Yes,No,21,Yes,No,DSL,Yes,No,No,No,No,No,Month-to-month,Yes,Bank transfer (automatic),31.13,713.1,No
WCNE-8BA8B,Female,0,No,No,2,Yes,No,Fiber optic,No,No,Yes,Yes,No,No,Two year,No,Electronic check,50.13,90.5,Yes
NPCA-28657,Male,0,No,Yes,63,Yes,No,Fiber optic,No,No,Yes,No,Yes,No,Two year,Yes,Mailed check,63.7,4081.01,No
ZJLN-CBFAF,Female,0,Yes,No,0,Yes,No,No,No internet service,No internet service,No internet service,No internet service,No internet service,No internet service,Two year,No,Bank transfer (automatic),18.8,18.8,No
PNOM-35992,Female,0,Yes,Yes,66,Yes,No,DSL,No,Yes,Yes,Yes,No,Yes,Month-to-month,Yes,Bank transfer (automatic),49.99,3243.44,No
USNL-896D2,Male,0,No,No,33,Yes,No,Fiber optic,No,Yes,No,No,No,Yes,Month-to-month,Yes,Bank transfer (automatic),56.78,1865.62,Yes
JKCC-EC546,Female,0,Yes,Yes,2,Yes,No,DSL,No,No,No,No,No,Yes,One year,Yes,Electronic check,52.27,68.0,No
SHBK-982DA,Male,0,No,No,55,Yes,Yes,Fiber optic,No,No,No,Yes,Yes,No,Month-to-month,No,Bank transfer (automatic),57.65,3204.96,No
SYNP-CCDB0,Male,0,No,No,6,Yes,Yes,Fiber optic,Yes,Yes,Yes,No,No,No,Month-to-month,Yes,Electronic check,65.52,319.99,Yes
JPLB-440C6,Male,0,No,No,33,Yes,No,No,No internet service,No internet service,No internet service,No internet service,No internet service,No internet service,Month-to-month,Yes,Electronic check,23.93,727.2,No
UWWX-73192,Male,0,Yes,No,24,Yes,No,Fiber optic,No,No,No,No,No,No,One year,Yes,Electronic check,43.43,1126.69,No
GGHJ-58FAA,Female,0,Yes,No,6,Yes,Yes,No,No internet service,No internet service,No internet service,No internet service,No internet service,No internet service,Month-to-month,No,Electronic check,27.26,162.24,No
ECEW-2FCD4,Male,0,No,No,51,Yes,Yes,Fiber optic,No,Yes,Yes,No,No,Yes,Month-to-month,No,Electronic check,58.59,3051.18,No
EEWL-6355B,Male,0,Yes,No,10,Yes,Yes,Fiber optic,No,Yes,Yes,No,Yes,No,Month-to-month,No,Electronic check,63.99,707.74,Yes
VMIL-21300,Female,0,No,No,26,Yes,No,DSL,No,No,Yes,Yes,No,No,One year,No,Bank transfer (automatic),32.69,810.8,No
GXES-2798C,Male,1,No,Yes,7,Yes,No,DSL,No,No,No,No,Yes,Yes,Two year,No,Bank transfer (automatic),51.0,332.49,No
GTKL-5FD7B,Male,0,Yes,Yes,51,Yes,No,DSL,No,No,Yes,No,Yes,No,Month-to-month,Yes,Mailed check,42.25,2195.43,No
XHIT-41939,Male,0,Yes,No,30,Yes,No,DSL,No,Yes,No,Yes,Yes,Yes,Month-to-month,Yes,Bank transfer (automatic),71.78,2059.23,No
CMGN-34EF5,Male,0,Yes,No,27,Yes,No,DSL,No,No,No,Yes,No,Yes,One year,No,Bank transfer (automatic),54.65,1406.06,No
QJEC-E173C,Female,0,No,Yes,2,Yes,Yes,Fiber optic,No,No,No,No,Yes,Yes,Month-to-month,Yes,Mailed check,62.64,156.34,No
DOIN-2129A,Male,0,Yes,Yes,64,Yes,Yes,No,No internet service,No internet service,No internet service,No internet service,No internet service,No internet service,One year,No,Credit card (automatic),26.87,1673.15,Yes
XYTA-BBBAB,Female,0,Yes,No,58,Yes,No,Fiber optic,No,No,No,No,Yes,No,Two year,Yes,Mailed check,52.59,2999.23,No
PQRB-82EF2,Female,0,No,No,26,Yes,No,DSL,Yes,No,No,Yes,No,No,Month-to-month,Yes,Bank transfer (automatic),42.99,1144.2,No
XMRQ-1EA79,Male,0,Yes,No,61,Yes,No,Fiber optic,Yes,Yes,Yes,No,Yes,No,Two year,Yes,Electronic check,62.46,3738.63,No
ZQRW-B2DEB,Male,0,Yes,No,61,Yes,Yes,Fiber optic,No,No,No,No,No,No,Month-to-month,No,Mailed check,60.83,3689.8,Yes
DNBU-F01EC,Male,0,Yes,Yes,60,Yes,Yes,Fiber optic,Yes,No,No,No,No,Yes,Month-to-month,No,Bank transfer (automatic),65.56,3899.7,No
VFQV-14484,Male,0,No,No,55,No,No phone service,Fiber optic,No,No,No,No,No,No,One year,Yes,Mailed check,41.71,2291.68,No
IGBR-AE9A5,Female,0,Yes,No,6,Yes,No,DSL,No,No,No,No,No,No,One year,Yes,Credit card (automatic),33.69,212.52,No
KKZM-D5A46,Female,0,No,No,56,Yes,No,No,No internet service,No internet service,No internet service,No internet service,No internet service,No internet service,Month-to-month,Yes,Electronic check,25.41,1332.14,No
WRMK-C2D95,Female,0,No,No,14,Yes,Yes,Fiber optic,No,No,No,No,No,Yes,Two year,Yes,Credit card (automatic),65.38,922.28,No
SZJK-E5DE9,Male,0,No,No,50,Yes,No,Fiber optic,Yes,No,No,No,No,No,One year,No,Bank transfer (automatic),48.85,2453.57,No
CBHA-CA7D2,Female,0,No,No,5,No,No phone service,Fiber optic,Yes,No,No,No,Yes,No,Month-to-month,No,Electronic check,53.98,354.11,Yes
NIAM-2033A,Male,1,Yes,Yes,17,Yes,Yes,DSL,Yes,Yes,Yes,No,Yes,No,One year,Yes,Electronic check,57.52,993.4,No
UMQC-C86D5,Male,1,Yes,Yes,2,Yes,No,Fiber optic,Yes,Yes,No,No,Yes,No,Month-to-month,No,Electronic check,57.91,112.76,Yes
LYDN-9BE51,Male,0,Yes,Yes,67,No,No phone service,No,No internet service,No internet service,No internet service,No internet service,No internet service,No internet service,One year,Yes,Mailed check,18.8,1304.48,No
KESO-C5FEE,Male,0,No,No,16,Yes,No,Fiber optic,No,Yes,Yes,Yes,Yes,No,One year,Yes,Electronic check,52.9,850.03,No
SEDY-DEAD7,Male,0,Yes,No,9,Yes,Yes,DSL,Yes,Yes,Yes,No,No,No,Month-to-month,Yes,Electronic check,51.66,474.87,No
EGWQ-FEC02,Female,0,Yes,No,48,Yes,No,Fiber optic,No,Yes,No,No,No,No,One year,No,Credit card (automatic),45.27,2177.27,No
JAYF-6A0A1,Female,1,Yes,No,67,Yes,Yes,Fiber optic,No,Yes,No,No,Yes,No,Month-to-month,Yes,Electronic check,81.56,5548.65,Yes
XRIS-5103B,Male,0,Yes,No,1,Yes,No,Fiber optic,No,No,No,Yes,Yes,No,Month-to-month,Yes,Bank transfer (automatic),65.67,0.0,No
OHRK-2A7A8,Female,0,No,Yes,14,Yes,No,No,No internet service,No internet service,No internet service,No internet service,No internet service,No internet service,One year,Yes,Bank transfer (automatic),31.64,426.99,No
CBCF-3ECE7,Male,0,No,Yes,48,Yes,No,Fiber optic,No,Yes,No,No,Yes,No,Month-to-month,No,Credit card (automatic),58.74,2836.15,No
IKWJ-A2FAF,Male,0,Yes,Yes,14,Yes,No,Fiber optic,No,Yes,Yes,No,No,No,Month-to-month,Yes,Mailed check,42.52,581.48,No
HQHM-52782,Male,1,No,No,9,Yes,Yes,Fiber optic,No,No,Yes,Yes,Yes,No,Two year,No,Credit card (automatic),69.38,567.27,Yes
KCQI-18DFF,Female,0,No,Yes,0,Yes,No,DSL,Yes,No,Yes,No,No,No,Two year,No,Mailed check,35.24,35.24,No
EFXQ-8C189,Male,0,No,No,27,No,No phone service,Fiber optic,No,No,No,No,No,No,Month-to-month,Yes,Bank transfer (automatic),53.13,1406.41,No
YMNU-41797,Male,0,No,No,54,Yes,Yes,Fiber optic,No,No,No,No,No,No,Two year,No,Credit card (automatic),52.51,2787.12,No
SGAU-D9557,Female,0,Yes,Yes,36,Yes,No,DSL,No,No,No,No,No,No,One year,Yes,Bank transfer (automatic),41.62,1522.89,No
KFJH-768C5,Female,0,Yes,Yes,16,No,No phone service,Fiber optic,Yes,No,Yes,No,Yes,No,Month-to-month,No,Bank transfer (automatic),56.24,857.46,No
BVEY-886BA,Female,0,No,No,36,Yes,No,Fiber optic,No,No,Yes,Yes,No,Yes,Month-to-month,No,Electronic check,63.1,2358.78,No
YAEH-3F117,Male,0,No,Yes,67,Yes,Yes,Fiber optic,No,No,No,No,No,No,Month-to-month,Yes,Electronic check,60.38,4012.75,Yes
GIPO-D7E33,Male,0,No,Yes,7,Yes,No,Fiber optic,No,No,Yes,No,Yes,No,Month-to-month,Yes,Electronic check,64.92,501.97,No
KDAJ-84411,Female,0,No,No,8,Yes,Yes,DSL,No,No,No,No,No,No,Month-to-month,Yes,Mailed check,47.75,359.3,No
WBSS-335A0,Male,0,No,No,6,Yes,Yes,DSL,Yes,No,Yes,No,No,No,Month-to-month,No,Credit card (automatic),50.74,370.3,Yes
VIMX-2F961,Female,0,No,Yes,3,No,No phone service,DSL,Yes,No,No,Yes,Yes,Yes,One year,No,Electronic check,49.53,86.46,No
BVKT-D654A,Female,0,No,No,1,Yes,No,Fiber optic,No,Yes,No,No,No,No,Two year,Yes,Electronic check,39.44,158.86,Yes
SJOO-28CF5,Male,0,Yes,Yes,50,Yes,Yes,Fiber optic,No,No,Yes,No,Yes,No,Month-to-month,Yes,Mailed check,64.54,3239.89,No
GXXV-5494C,Male,0,No,No,59,Yes,No,DSL,Yes,Yes,Yes,No,Yes,No,Month-to-month,No,Electronic check,37.8,2306.46,Yes
KIUJ-2C5AA,Female,0,No,No,25,Yes,Yes,Fiber optic,Yes,No,No,No,Yes,Yes,Two year,Yes,Mailed check,77.88,1994.26,No
CAVB-5C281,Female,0,No,No,34,Yes,No,Fiber optic,No,No,No,Yes,No,No,One year,Yes,Credit card (automatic),49.23,1776.31,Yes
OSGH-8C8B6,Female,0,Yes,No,10,Yes,Yes,No,No internet service,No internet service,No internet service,No internet service,No internet service,No internet service,Month-to-month,No,Bank transfer (automatic),29.2,306.7,Yes
DZUB-461D2,Female,0,Yes,No,11,Yes,Yes,DSL,No,No,Yes,No,No,No,Month-to-month,Yes,Bank transfer (automatic),49.61,406.55,No
FIYF-6A211,Male,0,No,No,54,Yes,No,Fiber optic,No,No,No,No,No,Yes,Two year,Yes,Mailed check,56.27,3012.08,No
EIYX-9F097,Female,0,No,Yes,71,Yes,Yes,Fiber optic,No,No,No,No,No,No,One year,Yes,Bank transfer (automatic),65.54,4607.4,No
DOLT-66371,Female,1,No,No,56,Yes,Yes,DSL,Yes,No,No,No,Yes,No,Month-to-month,Yes,Bank transfer (automatic),57.37,3247.98,No
OJHJ-EBD66,Female,0,Yes,No,6,Yes,No,No,No internet service,No internet service,No internet service,No internet service,No internet service,No internet service,Month-to-month,No,Electronic check,24.37,209.49,Yes
ARAZ-B7AF2,Male,0,Yes,No,20,Yes,No,No,No internet service,No internet service,No internet service,No internet service,No internet service,No internet service,Two year,No,Credit card (automatic),19.75,355.66,No
TWPR-82F46,Male,0,Yes,No,10,Yes,Yes,DSL,Yes,No,No,Yes,No,No,One year,Yes,Credit card (automatic),46.77,582.84,No
ZBKO-3A843,Female,0,No,No,10,Yes,Yes,Fiber optic,No,No,No,Yes,Yes,No,Month-to-month,Yes,Electronic check,71.53,644.22,Yes
HUNU-BCD95,Male,0,Yes,Yes,62,Yes,No,DSL,No,Yes,No,No,No,Yes,One year,Yes,Credit card (automatic),45.98,2825.38,No
SYIM-E9254,Male,0,No,No,6,Yes,No,No,No internet service,No internet service,No internet service,No internet service,No internet service,No internet service,One year,Yes,Mailed check,18.8,91.66,Yes
MZVY-B8A70,Male,0,Yes,Yes,11,Yes,No,DSL,No,No,Yes,No,No,Yes,One year,Yes,Electronic check,36.32,331.03,No
DORG-015D6,Female,0,No,Yes,14,Yes,No,No,No internet service,No internet service,No internet service,No internet service,No internet service,No internet service,One year,No,Bank transfer (automatic),18.8,290.18,Yes
ZXWZ-3FEC3,Female,0,No,Yes,72,Yes,No,No,No internet service,No internet service,No internet service,No internet service,No internet service,No internet service,Month-to-month,No,Credit card (automatic),19.02,1327.27,No
HQBV-6046A,Male,0,No,No,2,Yes,Yes,Fiber optic,No,No,Yes,No,No,Yes,Month-to-month,Yes,Mailed check,61.93,68.34,Yes
PJQX-55164,Female,0,Yes,Yes,64,Yes,No,Fiber optic,Yes,Yes,Yes,Yes,Yes,No,Month-to-month,Yes,Bank transfer (automatic),68.29,4311.05,No
TCPU-41A99,Female,0,No,No,63,Yes,Yes,DSL,Yes,No,No,Yes,No,No,Month-to-month,Yes,Credit card (automatic),57.17,3560.29,No
WCFM-8E93D,Male,0,Yes,No,47,Yes,Yes,Fiber optic,No,No,No,No,No,No,Two year,Yes,Bank transfer (automatic),62.12,2947.27,No
KWHU-88F24,Male,0,Yes,Yes,3,Yes,Yes,DSL,No,Yes,Yes,Yes,No,Yes,Month-to-month,Yes,Electronic check,64.28,148.47,No
EVWV-346CC,Female,1,Yes,Yes,1,Yes,Yes,Fiber optic,Yes,No,No,No,No,No,Month-to-month,Yes,Bank transfer (automatic),66.54,90.58,Yes
ZUYG-982F1,Male,1,No,Yes,15,Yes,Yes,DSL,No,No,No,Yes,Yes,No,Month-to-month,No,Bank transfer (automatic),55.7,866.63,No
WGFP-76EB9,Female,0,Yes,No,40,Yes,No,Fiber optic,Yes,No,No,No,Yes,No,Month-to-month,No,Bank transfer (automatic),51.47,2092.09,Yes
UUEL-ED034,Female,0,No,Yes,8,Yes,No,Fiber optic,Yes,No,No,No,No,No,Month-to-month,Yes,Mailed check,46.29,358.96,No
NVME-83AFA,Male,0,Yes,No,26,Yes,No,No,No internet service,No internet service,No internet service,No internet service,No internet service,No internet service,Two year,No,Electronic check,23.31,511.93,No
XOVY-2A413,Female,0,Yes,No,54,Yes,No,Fiber optic,No,No,Yes,Yes,Yes,Yes,Month-to-month,Yes,Mailed check,71.31,3806.5,No
DEAZ-725BA,Female,1,Yes,No,11,Yes,Yes,No,No internet service,No internet service,No internet service,No internet service,No internet service,No internet service,One year,Yes,Bank transfer (automatic),30.74,284.13,Yes
BDOZ-1D073,Male,0,No,No,56,No,No phone service,No,No internet service,No internet service,No internet service,No internet service,No internet service,No internet service,One year,Yes,Bank transfer (automatic),20.07,1117.68,No
LYFQ-5A04F,Male,0,Yes,No,10,Yes,Yes,DSL,No,Yes,Yes,Yes,No,No,One year,Yes,Credit card (automatic),51.81,575.73,No
SYRE-7EA8D,Male,0,No,No,11,Yes,Yes,Fiber optic,No,Yes,Yes,No,No,Yes,Two year,Yes,Electronic check,69.53,773.37,No
CYDZ-C7705,Female,0,No,No,5,Yes,No,Fiber optic,No,Yes,No,No,No,Yes,Two year,Yes,Bank transfer (automatic),53.54,291.64,No
FSFU-4D5CA,Male,0,No,Yes,16,Yes,No,Fiber optic,Yes,Yes,No,Yes,No,No,Month-to-month,Yes,Electronic check,61.73,912.85,No
ZNJQ-0FA02,Male,0,Yes,No,43,Yes,No,DSL,No,No,No,No,No,No,Two year,Yes,Electronic check,44.22,1954.06,Yes
ARRE-8779D,Male,0,Yes,No,39,Yes,No,Fiber optic,No,No,No,Yes,Yes,No,Month-to-month,Yes,Bank transfer (automatic),62.3,2418.86,No
XEYO-2E57F,Male,0,No,Yes,38,Yes,Yes,DSL,No,No,No,No,Yes,No,Two year,Yes,Electronic check,56.91,2085.04,No
PDBV-510F9,Female,0,No,No,68,Yes,No,No,No internet service,No internet service,No internet service,No internet service,No internet service,No internet service,Month-to-month,Yes,Electronic check,18.8,1242.68,No
NPKY-9AE05,Female,0,Yes,No,15,Yes,No,No,No internet service,No internet service,No internet service,No internet service,No internet service,No internet service,One year,Yes,Bank transfer (automatic),30.11,518.46,No
VCIE-BD4BC,Male,0,No,No,11,Yes,No,Fiber optic,Yes,Yes,Yes,Yes,No,No,Two year,Yes,Electronic check,54.34,622.88,No
XYLC-B878A,Female,0,Yes,No,38,Yes,Yes,Fiber optic,No,Yes,Yes,No,No,No,Month-to-month,Yes,Mailed check,62.67,2423.6,No
HIIM-A04B0,Male,1,No,No,2,Yes,No,Fiber optic,No,No,Yes,Yes,No,Yes,Month-to-month,No,Credit card (automatic),62.98,103.75,No
UTIQ-742FD,Male,0,Yes,Yes,53,Yes,Yes,DSL,No,Yes,No,No,Yes,No,Month-to-month,No,Electronic check,43.06,2234.11,No
XDZQ-85352,Female,0,Yes,No,62,Yes,No,DSL,No,Yes,No,Yes,No,Yes,Two year,No,Bank transfer (automatic),40.12,2481.15,No
UYZX-2BD88,Female,0,Yes,Yes,49,Yes,Yes,No,No internet service,No internet service,No internet service,No internet service,No internet service,No internet service,Month-to-month,No,Electronic check,25.62,1229.83,No
JVSQ-0F8FA,Male,0,No,No,7,Yes,No,Fiber optic,Yes,Yes,Yes,No,No,No,One year,No,Bank transfer (automatic),51.52,424.69,No
NTGL-0B51C,Male,0,No,No,16,Yes,No,Fiber optic,No,No,No,Yes,Yes,Yes,Month-to-month,Yes,Credit card (automatic),70.71,1128.1,Yes
GFDP-595C5,Female,0,Yes,Yes,22,Yes,No,Fiber optic,No,Yes,No,Yes,No,Yes,Two year,No,Mailed check,63.14,1476.76,No
UMAL-371C9,Male,1,No,No,4,Yes,No,No,No internet service,No internet service,No internet service,No internet service,No internet service,No internet service,Month-to-month,No,Mailed check,20.31,15.16,No
DZJF-03079,Female,0,No,Yes,11,Yes,Yes,DSL,Yes,No,No,No,No,No,Month-to-month,No,Credit card (automatic),48.91,607.54,No
JWZH-A6438,Male,1,No,Yes,36,Yes,Yes,No,No internet service,No internet service,No internet service,No internet service,No internet service,No internet service,Month-to-month,Yes,Bank transfer (automatic),24.89,843.51,No
DRWJ-9FB6E,Male,1,Yes,No,0,No,No phone service,Fiber optic,Yes,Yes,No,No,No,Yes,Two year,No,Mailed check,53.63,53.63,No
BPGE-8BBB4,Female,1,No,Yes,8,Yes,Yes,No,No internet service,No internet service,No internet service,No internet service,No internet service,No internet service,Two year,Yes,Bank transfer (automatic),28.01,194.99,No
KCQU-755AA,Female,0,Yes,No,10,Yes,No,Fiber optic,Yes,No,Yes,No,Yes,Yes,Two year,Yes,Electronic check,67.11,652.29,No
MGKI-16D92,Female,0,Yes,Yes,41,Yes,No,DSL,No,No,No,No,No,Yes,Month-to-month,No,Credit card (automatic),43.06,1812.45,No
WFPO-BC4C9,Female,0,No,Yes,72,Yes,Yes,DSL,Yes,Yes,Yes,No,Yes,Yes,Two year,Yes,Electronic check,64.97,4664.63,No
JCOM-7BB24,Female,0,No,Yes,2,Yes,No,No,No internet service,No internet service,No internet service,No internet service,No internet service,No internet service,Month-to-month,No,Electronic check,18.8,127.31,No
XPKZ-AD72B,Female,0,No,No,1,Yes,No,DSL,No,No,No,Yes,No,No,Two year,No,Credit card (automatic),41.1,46.75,No
VPLD-3E2AA,Female,0,No,Yes,65,Yes,No,Fiber optic,No,No,No,Yes,Yes,No,Two year,Yes,Electronic check,64.13,4163.53,No
MZRZ-4BCE6,Male,0,No,No,68,Yes,No,Fiber optic,No,No,No,No,Yes,No,Month-to-month,No,Electronic check,51.39,3462.05,No
IUSH-4C9EA,Male,1,Yes,No,11,Yes,No,Fiber optic,No,No,Yes,No,No,Yes,Two year,Yes,Mailed check,65.61,765.17,Yes
ZIUE-B68C1,Male,0,Yes,Yes,24,Yes,No,Fiber optic,No,No,Yes,No,Yes,Yes,One year,No,Bank transfer (automatic),65.97,1562.08,No
FOKO-61EB9,Female,0,No,Yes,70,Yes,No,Fiber optic,Yes,No,Yes,Yes,No,Yes,Month-to-month,Yes,Electronic check,69.75,4811.72,No
DFPB-7EE83,Female,0,No,No,11,No,No phone service,DSL,No,No,Yes,No,No,Yes,Month-to-month,No,Credit card (automatic),47.35,469.47,No
BEHO-B7D26,Female,0,No,No,12,Yes,No,No,No internet service,No internet service,No internet service,No internet service,No internet service,No internet service,Month-to-month,No,Mailed check,20.36,224.08,No
PBXZ-BB323,Male,0,No,No,21,Yes,No,Fiber optic,No,Yes,No,No,Yes,Yes,Two year,No,Electronic check,57.79,1297.48,No
DOYR-EFA1E,Female,1,No,No,0,Yes,Yes,DSL,No,No,No,Yes,No,No,One year,No,Mailed check,49.9,49.9,No
OOZR-1CF37,Female,0,No,No,19,Yes,No,DSL,No,No,No,Yes,Yes,No,Month-to-month,Yes,Electronic check,52.25,1008.1,Yes
CSDL-AD5E0,Male,0,Yes,No,50,Yes,Yes,Fiber optic,No,No,Yes,No,No,No,Month-to-month,Yes,Electronic check,62.2,3058.31,No
EDTJ-0C4A8,Female,0,Yes,No,64,Yes,No,Fiber optic,No,Yes,No,No,No,Yes,Two year,Yes,Mailed check,51.06,3309.73,No
CPWJ-D4423,Male,0,No,Yes,23,Yes,No,DSL,Yes,No,No,Yes,No,Yes,Month-to-month,Yes,Bank transfer (automatic),50.18,1093.69,No
GQDO-42D84,Male,0,No,Yes,40,Yes,No,Fiber optic,No,Yes,No,No,Yes,No,Month-to-month,Yes,Electronic check,53.52,2154.0,Yes
QXHG-A7A2E,Female,0,No,No,1,Yes,No,Fiber optic,No,No,Yes,No,No,No,Month-to-month,Yes,Credit card (automatic),40.25,0.0,Yes
AHQN-5F5A6,Female,0,Yes,No,7,Yes,No,No,No internet service,No internet service,No internet service,No internet service,No internet service,No internet service,One year,Yes,Mailed check,18.8,177.5,No
LUJK-C1647,Female,0,No,Yes,6,Yes,Yes,No,No internet service,No internet service,No internet service,No internet service,No internet service,No internet service,Month-to-month,Yes,Mailed check,33.28,247.74,No
OLZX-2A5B7,Male,0,No,No,1,Yes,Yes,Fiber optic,No,No,No,No,No,No,One year,Yes,Bank transfer (automatic),53.43,96.12,No
YYBC-0C3B5,Male,0,No,No,67,Yes,No,Fiber optic,No,No,Yes,No,No,No,One year,Yes,Bank transfer (automatic),55.7,3797.16,No
HPUO-9B294,Male,1,Yes,No,6,Yes,No,No,No internet service,No internet service,No internet service,No internet service,No internet service,No internet service,Two year,Yes,Electronic check,18.8,100.49,No
EIFI-0B5AB,Female,0,No,Yes,44,Yes,No,Fiber optic,Yes,No,No,No,Yes,Yes,One year,Yes,Credit card (automatic),65.2,2830.3,No
VCNK-5C14C,Female,0,No,No,5,Yes,No,DSL,No,No,No,No,No,No,Month-to-month,Yes,Mailed check,32.18,151.72,Yes
KBEH-3A2C4,Female,0,No,Yes,56,Yes,No,Fiber optic,Yes,No,Yes,Yes,Yes,No,Month-to-month,Yes,Mailed check,67.37,3840.6,No
BAPT-24CDB,Female,1,No,Yes,59,Yes,Yes,Fiber optic,Yes,No,No,No,No,No,Month-to-month,Yes,Credit card (automatic),51.21,3053.41,Yes
QTHB-98C3E,Male,1,No,Yes,47,Yes,Yes,DSL,No,Yes,No,No,Yes,No,One year,Yes,Mailed check,58.87,2750.09,No
MLZO-14932,Male,0,Yes,No,10,Yes,No,DSL,Yes,No,No,Yes,Yes,Yes,Month-to-month,No,Mailed check,58.05,564.41,No
HNCN-B7BA7,Male,0,Yes,No,10,Yes,Yes,DSL,No,No,No,No,No,Yes,Month-to-month,Yes,Credit card (automatic),63.83,634.5,Yes
ZPUQ-F632F,Male,0,No,No,3,Yes,Yes,Fiber optic,No,Yes,No,Yes,No,Yes,Month-to-month,Yes,Credit card (automatic),63.2,74.73,Yes
UHLA-F6631,Female,0,Yes,No,8,Yes,Yes,Fiber optic,No,Yes,Yes,No,No,Yes,One year,Yes,Bank transfer (automatic),64.98,470.89,Yes
TFCZ-81483,Female,0,No,No,43,No,No phone service,DSL,Yes,No,No,No,No,No,One year,Yes,Credit card (automatic),32.53,1368.19,No
ZWXN-F58B8,Female,0,Yes,Yes,72,Yes,No,No,No internet service,No internet service,No internet service,No internet service,No internet service,No internet service,Month-to-month,No,Bank transfer (automatic),24.03,1669.13,No
WCLV-26F95,Male,0,Yes,Yes,23,Yes,Yes,Fiber optic,No,Yes,Yes,No,Yes,Yes,Month-to-month,Yes,Credit card (automatic),80.74,1866.82,Yes
JFTC-31CF1,Male,1,No,No,43,Yes,Yes,Fiber optic,Yes,No,Yes,Yes,No,No,Two year,Yes,Electronic check,64.87,2738.93,No
YXNA-B8D48,Female,0,Yes,No,64,No,No phone service,No,No internet service,No internet service,No internet service,No internet service,No internet service,No internet service,One year,Yes,Credit card (automatic),18.8,1157.33,No
XRQZ-72F28,Female,0,No,No,67,Yes,No,DSL,Yes,No,Yes,No,No,Yes,Month-to-month,No,Electronic check,41.25,2754.4,Yes
TUSL-204FA,Male,0,No,No,69,Yes,No,Fiber optic,No,No,No,No,No,No,Month-to-month,No,Mailed check,47.8,3276.83,Yes
KMIX-7D079,Female,0,Yes,No,61,Yes,No,Fiber optic,No,Yes,Yes,No,Yes,Yes,Month-to-month,No,Electronic check,67.24,4131.88,Yes
RAQV-15647,Male,0,No,No,0,Yes,Yes,Fiber optic,No,No,Yes,Yes,No,Yes,Month-to-month,No,Mailed check,76.11,76.11,Yes
XXPX-D06D7,Male,0,Yes,No,19,No,No phone service,Fiber optic,No,Yes,Yes,No,Yes,No,Month-to-month,Yes,Bank transfer (automatic),60.11,1101.55,Yes
PKAO-6CE15,Male,0,No,No,24,Yes,No,No,No internet service,No internet service,No internet service,No internet service,No internet service,No internet service,Two year,No,Electronic check,19.26,485.21,No
KRKO-E917E,Female,0,Yes,No,36,Yes,Yes,DSL,No,No,No,No,No,No,Two year,No,Electronic check,44.26,1610.31,No
MZXG-62356,Female,0,Yes,No,5,Yes,No,Fiber optic,No,No,No,No,No,Yes,One year,Yes,Mailed check,61.37,235.4,No
JTDM-EB33E,Male,0,No,No,13,Yes,No,No,No internet service,No internet service,No internet service,No internet service,No internet service,No internet service,One year,No,Electronic check,18.8,156.72,No
PWWL-85AAA,Female,0,No,No,49,Yes,Yes,DSL,No,No,Yes,No,No,No,One year,Yes,Electronic check,50.64,2492.44,No
WTCJ-9AD6D,Male,0,Yes,No,26,Yes,Yes,Fiber optic,No,No,No,No,No,No,Two year,Yes,Bank transfer (automatic),66.92,1665.94,No
KDMD-630AB,Male,0,No,No,20,Yes,Yes,No,No internet service,No internet service,No internet service,No internet service,No internet service,No internet service,Two year,No,Electronic check,23.36,464.17,No
DPND-94D91,Male,0,No,No,42,Yes,Yes,DSL,No,No,No,No,No,No,Month-to-month,No,Mailed check,36.3,1457.88,Yes
NDSH-7BD81,Male,0,No,No,41,Yes,Yes,Fiber optic,Yes,No,Yes,Yes,No,No,Month-to-month,Yes,Bank transfer (automatic),69.69,2845.93,No
GPBJ-54FFE,Female,0,Yes,No,19,Yes,Yes,Fiber optic,Yes,No,No,No,No,No,One year,No,Electronic check,65.07,1253.25,No
WXEK-0CD02,Male,0,No,No,10,Yes,No,Fiber optic,No,Yes,No,No,No,No,Two year,Yes,Credit card (automatic),40.94,478.36,Yes
EYUH-06907,Male,0,No,No,6,No,No phone service,DSL,No,No,No,No,No,Yes,Month-to-month,No,Electronic check,43.73,220.72,Yes
NZEE-65EC4,Female,1,No,Yes,17,Yes,Yes,Fiber optic,Yes,No,Yes,No,No,Yes,One year,Yes,Electronic check,70.84,1138.41,No
IQWF-49D47,Male,0,No,No,1,Yes,No,Fiber optic,No,No,Yes,No,Yes,No,Month-to-month,Yes,Mailed check,68.51,79.37,No
RLUN-E9ED3,Male,0,Yes,No,16,Yes,No,Fiber optic,No,No,Yes,No,Yes,Yes,Month-to-month,Yes,Electronic check,66.2,1106.04,Yes
XDHB-1B126,Female,0,Yes,No,62,Yes,No,DSL,No,No,No,No,No,No,Two year,Yes,Credit card (automatic),37.34,2276.48,No
UVZB-26418,Female,0,Yes,No,11,Yes,No,Fiber optic,No,Yes,No,No,Yes,No,Two year,No,Credit card (automatic),51.22,591.73,No
MLAL-73CEE,Female,0,Yes,No,60,No,No phone service,No,No internet service,No internet service,No internet service,No internet service,No internet service,No internet service,One year,No,Electronic check,20.03,1120.9,No
RREK-08CA0,Male,0,Yes,No,19,Yes,No,Fiber optic,No,No,No,Yes,Yes,No,Month-to-month,No,Electronic check,55.56,1045.66,No
OWCN-4E8C8,Female,0,No,Yes,2,Yes,No,No,No internet service,No internet service,No internet service,No internet service,No internet service,No internet service,Month-to-month,Yes,Credit card (automatic),18.8,74.8,No
XHTL-9A2DB,Female,0,Yes,No,10,No,No phone service,DSL,No,No,Yes,Yes,No,No,Month-to-month,No,Credit card (automatic),49.23,479.97,No
KPRL-A8C30,Male,1,Yes,No,2,Yes,No,Fiber optic,Yes,No,No,No,Yes,Yes,Two year,Yes,Bank transfer (automatic),70.44,125.02,No
KVDW-637CD,Male,0,Yes,Yes,61,Yes,Yes,Fiber optic,Yes,Yes,No,No,No,No,Month-to-month,No,Credit card (automatic),61.49,3786.47,No
PNUX-CFD00,Male,0,Yes,No,60,No,No phone service,DSL,No,No,Yes,Yes,No,Yes,Month-to-month,Yes,Electronic check,56.64,3324.55,No
PYHZ-D2731,Male,0,Yes,No,28,Yes,Yes,Fiber optic,No,No,No,Yes,No,Yes,Month-to-month,Yes,Bank transfer (automatic),75.51,2136.78,No
RFOR-61160,Male,1,No,No,40,No,No phone service,DSL,No,No,Yes,No,No,No,Two year,Yes,Mailed check,32.71,1337.46,No
WEAD-B9A55,Female,0,Yes,Yes,63,Yes,No,No,No internet service,No internet service,No internet service,No internet service,No internet service,No internet service,One year,No,Mailed check,21.95,1439.51,No
RCKC-6FDAA,Female,0,No,Yes,1,Yes,Yes,Fiber optic,No,No,No,No,Yes,No,Month-to-month,No,Bank transfer (automatic),68.25,0.0,Yes
JSVO-1B253,Female,1,Yes,No,15,Yes,No,DSL,No,No,No,No,No,No,Month-to-month,Yes,Electronic check,31.71,412.78,No
BTQK-6A837,Male,0,No,Yes,3,Yes,No,Fiber optic,No,No,No,No,No,Yes,Month-to-month,Yes,Mailed check,66.63,163.99,No
UOUN-6B3AA,Male,0,Yes,No,56,Yes,Yes,No,No internet service,No internet service,No internet service,No internet service,No internet service,No internet service,Month-to-month,Yes,Mailed check,20.53,1168.52,No
HGCD-19181,Male,0,No,No,7,No,No phone service,Fiber optic,No,No,No,No,No,Yes,Month-to-month,Yes,Bank transfer (automatic),56.05,349.08,Yes
URHT-3AA6B,Female,0,No,No,8,Yes,Yes,DSL,No,No,No,No,Yes,No,Month-to-month,Yes,Mailed check,59.41,487.84,Yes
YKHL-91F7F,Female,1,No,Yes,45,Yes,Yes,Fiber optic,Yes,No,Yes,No,Yes,No,Month-to-month,No,Mailed check,64.32,2883.49,Yes
YBCE-95095,Male,0,No,No,24,Yes,Yes,Fiber optic,No,No,Yes,No,Yes,No,Two year,Yes,Electronic check,76.85,1927.2,Yes
VTVO-B1C70,Female,1,No,No,5,Yes,No,No,No internet service,No internet service,No internet service,No internet service,No internet service,No internet service,Month-to-month,No,Credit card (automatic),18.8,137.54,Yes
CIJF-C74A7,Male,1,No,No,36,Yes,No,DSL,Yes,No,No,No,Yes,No,Two year,Yes,Mailed check,39.35,1493.78,No
UNTW-11B83,Female,0,No,Yes,29,Yes,No,DSL,No,Yes,Yes,No,Yes,No,Month-to-month,No,Credit card (automatic),46.75,1418.88,No
AYCM-36B80,Female,0,No,Yes,58,No,No phone service,No,No internet service,No internet service,No internet service,No internet service,No internet service,No internet service,One year,Yes,Credit card (automatic),18.8,1074.91,No
CYGL-CD436,Female,0,No,No,67,No,No phone service,DSL,No,No,No,No,No,Yes,Month-to-month,Yes,Bank transfer (automatic),43.81,2969.96,No
ISSG-6B88C,Male,0,No,No,65,Yes,No,Fiber optic,No,No,No,No,Yes,Yes,Two year,No,Electronic check,62.96,4051.55,No
QQMV-01A94,Female,0,Yes,No,3,Yes,No,Fiber optic,Yes,No,No,Yes,Yes,No,Two year,No,Mailed check,71.42,240.15,No
PCPJ-95B1D,Female,0,No,Yes,69,Yes,Yes,No,No internet service,No internet service,No internet service,No internet service,No internet service,No internet service,Month-to-month,Yes,Electronic check,39.8,2688.85,No
MFZC-81E24,Male,0,No,No,0,Yes,No,Fiber optic,No,Yes,Yes,Yes,No,Yes,Two year,No,Electronic check,66.67,66.67,No
RXKG-5EE1E,Female,0,No,No,7,No,No phone service,Fiber optic,No,No,Yes,No,Yes,No,Month-to-month,Yes,Mailed check,62.12,413.33,Yes
VOGL-C4571,Male,0,Yes,Yes,67,Yes,Yes,Fiber optic,No,No,Yes,No,No,No,Two year,No,Mailed check,65.95,4466.94,No
KDAK-CF7C3,Male,1,No,No,54,Yes,No,DSL,No,No,Yes,Yes,No,No,Month-to-month,Yes,Bank transfer (automatic),41.35,2225.97,No
QRIL-A5938,Male,0,No,No,9,Yes,No,Fiber optic,Yes,Yes,No,Yes,No,Yes,Month-to-month,Yes,Electronic check,62.4,619.03,Yes
BLNV-6008C,Male,1,No,No,67,Yes,Yes,Fiber optic,Yes,No,No,No,Yes,No,One year,No,Mailed check,67.28,4505.53,No
XVIM-ED771,Male,0,Yes,No,9,Yes,Yes,DSL,Yes,Yes,No,No,Yes,Yes,Month-to-month,Yes,Mailed check,56.24,523.97,No
ENNO-537EF,Female,0,Yes,No,69,Yes,No,DSL,No,No,No,No,Yes,No,Month-to-month,Yes,Mailed check,33.72,2313.53,Yes
BJNF-527EE,Male,0,Yes,No,38,Yes,No,DSL,Yes,No,No,No,Yes,No,Two year,Yes,Credit card (automatic),39.15,1514.88,No
AQXT-06CF4,Male,0,No,No,10,Yes,Yes,Fiber optic,No,No,Yes,No,No,Yes,Month-to-month,No,Bank transfer (automatic),74.93,689.93,No
HGXE-52F18,Male,0,Yes,No,48,No,No phone service,No,No internet service,No internet service,No internet service,No internet service,No internet service,No internet service,One year,Yes,Bank transfer (automatic),19.7,1061.97,No
EKPS-964CA,Male,0,No,No,46,Yes,No,No,No internet service,No internet service,No internet service,No internet service,No internet service,No internet service,Month-to-month,No,Credit card (automatic),26.44,1212.75,No
RUFZ-E7356,Female,0,No,No,45,Yes,No,Fiber optic,No,Yes,No,Yes,Yes,Yes,One year,No,Electronic check,76.43,3444.89,No
ZHYG-EE919,Male,0,No,Yes,1,Yes,No,No,No internet service,No internet service,No internet service,No internet service,No internet service,No internet service,Two year,Yes,Electronic check,18.8,0.0,No
XYLM-63AF4,Female,0,Yes,No,52,Yes,Yes,No,No internet service,No internet service,No internet service,No internet service,No internet service,No internet service,Month-to-month,Yes,Electronic check,31.4,1626.93,No
VCBX-16E54,Male,0,Yes,No,56,Yes,Yes,No,No internet service,No internet service,No internet service,No internet service,No internet service,No internet service,Month-to-month,Yes,Mailed check,24.57,1418.85,No
BSID-72DBF,Female,0,No,Yes,59,Yes,Yes,Fiber optic,No,Yes,No,Yes,No,No,Month-to-month,No,Mailed check,70.89,4196.92,No
ZVNE-013E3,Male,0,No,No,5,Yes,No,Fiber optic,No,Yes,No,No,No,Yes,Two year,Yes,Credit card (automatic),60.02,349.51,Yes
CYLK-4F5DF,Male,1,Yes,Yes,2,Yes,Yes,DSL,No,Yes,Yes,Yes,No,Yes,Month-to-month,Yes,Mailed check,62.31,91.88,Yes
LSAU-F300D,Female,1,No,Yes,64,Yes,No,Fiber optic,No,No,No,Yes,Yes,Yes,One year,Yes,Electronic check,67.46,4312.41,No
GKIH-26E5C,Male,1,No,Yes,44,Yes,No,Fiber optic,No,Yes,No,No,No,Yes,Month-to-month,Yes,Electronic check,53.16,2283.52,No
RUOJ-44866,Female,0,Yes,No,4,Yes,Yes,Fiber optic,No,No,No,No,No,No,Month-to-month,No,Electronic check,53.15,258.68,Yes
JXQX-E91F7,Male,0,Yes,No,39,Yes,No,Fiber optic,Yes,No,Yes,Yes,Yes,Yes,One year,Yes,Credit card (automatic),70.67,2695.23,No
JKCR-0BD66,Female,0,No,No,31,Yes,No,DSL,No,Yes,No,No,Yes,No,Month-to-month,No,Bank transfer (automatic),46.43,1398.54,No
RWCL-5008C,Male,0,Yes,No,64,Yes,Yes,No,No internet service,No internet service,No internet service,No internet service,No internet service,No internet service,Month-to-month,Yes,Bank transfer (automatic),33.67,2238.52,No
PGLZ-D1A95,Male,0,Yes,No,3,Yes,No,DSL,No,No,No,No,No,Yes,Two year,Yes,Electronic check,43.19,186.41,No
JSYI-ED047,Female,0,Yes,No,3,Yes,Yes,DSL,Yes,No,Yes,No,No,No,Two year,Yes,Mailed check,44.25,98.66,No
RFKC-16A76,Male,0,No,Yes,9,Yes,No,Fiber optic,Yes,No,Yes,No,No,No,Two year,No,Credit card (automatic),52.14,574.51,Yes
MQSO-10538,Male,0,No,No,50,Yes,No,DSL,No,No,No,Yes,No,No,Month-to-month,Yes,Bank transfer (automatic),49.29,2563.07,No
SGMF-760A4,Male,0,Yes,No,32,Yes,No,No,No internet service,No internet service,No internet service,No internet service,No internet service,No internet service,Two year,Yes,Bank transfer (automatic),18.8,627.99,No
TRFX-09C88,Male,0,Yes,Yes,2,Yes,Yes,DSL,No,Yes,No,No,No,No,Month-to-month,Yes,Electronic check,50.49,163.98,No
MBRY-C03DB,Male,0,Yes,Yes,1,Yes,Yes,DSL,No,No,No,Yes,No,No,One year,No,Bank transfer (automatic),44.16,7.2,No
JGMA-11D08,Male,0,No,No,10,Yes,No,DSL,No,No,Yes,Yes,No,Yes,Month-to-month,No,Bank transfer (automatic),44.56,378.03,Yes
HTDX-1D200,Female,0,Yes,No,8,Yes,No,DSL,No,No,Yes,Yes,No,No,Month-to-month,No,Bank transfer (automatic),37.57,255.54,No
UIKV-4841F,Female,1,No,Yes,10,No,No phone service,DSL,No,Yes,No,Yes,No,Yes,One year,No,Bank transfer (automatic),55.64,516.9,No
JWLW-285F5,Female,0,Yes,Yes,52,Yes,No,Fiber optic,No,No,Yes,Yes,No,No,One year,Yes,Bank transfer (automatic),59.58,3099.46,No
UMKS-A7019,Male,0,Yes,Yes,51,Yes,No,DSL,No,No,No,Yes,No,No,Month-to-month,No,Credit card (automatic),40.46,2027.57,No
BPXU-B4A2E,Female,1,Yes,No,9,No,No phone service,Fiber optic,No,No,No,No,Yes,Yes,Month-to-month,Yes,Bank transfer (automatic),74.37,670.04,No
COMB-2B922,Male,0,No,No,11,Yes,No,Fiber optic,No,Yes,Yes,No,No,No,Month-to-month,No,Bank transfer (automatic),53.76,571.0,Yes
RRKA-02086,Male,0,No,Yes,4,Yes,Yes,Fiber optic,No,No,No,No,No,No,Two year,Yes,Mailed check,56.89,295.5,Yes
FPSE-A1961,Male,0,No,Yes,2,Yes,No,No,No internet service,No internet service,No internet service,No internet service,No internet service,No internet service,Two year,No,Electronic check,18.8,11.07,No
UEUJ-AB6A7,Male,0,Yes,No,11,No,No phone service,No,No internet service,No internet service,No internet service,No internet service,No internet service,No internet service,Month-to-month,Yes,Electronic check,18.95,303.73,No
PFLD-606D5,Female,0,Yes,Yes,10,Yes,No,DSL,No,No,No,No,Yes,No,Month-to-month,Yes,Bank transfer (automatic),50.73,484.32,No
MWAR-85496,Male,0,No,No,65,No,No phone service,No,No internet service,No internet service,No internet service,No internet service,No internet service,No internet service,Two year,No,Credit card (automatic),27.59,1779.75,No
KRKV-4B9E6,Female,0,No,Yes,40,Yes,Yes,No,No internet service,No internet service,No internet service,No internet service,No internet service,No internet service,Two year,No,Electronic check,29.81,1219.25,No
GKRL-E24FC,Male,0,No,Yes,31,Yes,No,Fiber optic,No,Yes,No,No,No,No,One year,Yes,Electronic check,56.59,1837.89,No
BYLQ-02B41,Female,1,Yes,No,51,Yes,No,Fiber optic,Yes,No,No,No,No,No,Month-to-month,Yes,Mailed check,46.82,2333.25,No
RFWE-065A3,Female,0,Yes,No,58,Yes,Yes,Fiber optic,Yes,No,No,No,No,Yes,Month-to-month,Yes,Credit card (automatic),65.74,3837.56,Yes
ZKST-E8386,Female,0,Yes,No,50,Yes,No,No,No internet service,No internet service,No internet service,No internet service,No internet service,No internet service,One year,No,Electronic check,21.45,1030.88,No
PGNY-BF1A0,Female,1,No,No,38,Yes,No,Fiber optic,No,No,No,Yes,Yes,Yes,Two year,Yes,Credit card (automatic),69.17,2648.16,No
FVCM-1417A,Female,0,No,No,71,Yes,Yes,DSL,No,No,Yes,No,Yes,No,Month-to-month,No,Electronic check,47.15,3408.91,No
QYDK-8114D,Female,0,No,No,63,Yes,No,DSL,No,No,No,Yes,No,No,Month-to-month,No,Mailed check,38.46,2474.25,No
POOV-8B4D0,Male,0,Yes,No,30,Yes,No,Fiber optic,No,Yes,No,No,No,No,Two year,Yes,Bank transfer (automatic),50.19,1429.99,No
IGDN-E2EDE,Female,0,No,No,42,Yes,Yes,DSL,Yes,Yes,Yes,Yes,No,Yes,Month-to-month,No,Mailed check,65.48,2734.61,No
AZLP-488C5,Male,0,Yes,Yes,38,Yes,No,DSL,Yes,No,Yes,No,Yes,No,One year,Yes,Mailed check,42.72,1647.79,No
CPUA-CC9F6,Female,0,Yes,Yes,6,Yes,Yes,DSL,No,No,Yes,No,No,No,One year,Yes,Mailed check,44.91,288.85,Yes
DRPX-32A42,Male,0,No,Yes,5,Yes,Yes,DSL,No,No,No,No,No,No,Month-to-month,Yes,Credit card (automatic),46.65,264.0,Yes
REVI-A9941,Female,0,No,No,4,Yes,Yes,Fiber optic,Yes,No,No,Yes,No,No,Two year,No,Electronic check,66.3,255.16,Yes
QLZX-1566B,Female,0,No,No,69,Yes,Yes,Fiber optic,Yes,No,Yes,Yes,Yes,Yes,Month-to-month,Yes,Credit card (automatic),83.87,5732.12,No
JDJU-64C17,Male,1,No,Yes,7,Yes,No,DSL,No,Yes,Yes,No,No,Yes,Month-to-month,No,Electronic check,43.43,289.24,Yes
CPXL-FDB20,Female,0,Yes,No,20,Yes,No,DSL,No,No,Yes,No,Yes,No,Month-to-month,No,Mailed check,41.45,867.69,No
DJKF-FBBA9,Female,1,No,Yes,46,No,No phone service,DSL,Yes,Yes,Yes,Yes,Yes,Yes,Month-to-month,No,Credit card (automatic),51.62,2342.69,Yes
WKDH-3F960,Female,0,No,No,19,Yes,Yes,Fiber optic,Yes,No,No,Yes,No,No,One year,Yes,Electronic check,71.21,1303.52,No
SQVD-A5334,Male,0,Yes,No,1,Yes,No,Fiber optic,No,No,Yes,No,No,No,Month-to-month,No,Mailed check,42.32,2.92,Yes
TAYZ-FD562,Female,0,No,No,12,Yes,Yes,No,No internet service,No internet service,No internet service,No internet service,No internet service,No internet service,Month-to-month,No,Mailed check,26.16,335.65,Yes
XUDZ-0C2BE,Male,0,No,Yes,46,Yes,No,No,No internet service,No internet service,No internet service,No internet service,No internet service,No internet service,Month-to-month,No,Bank transfer (automatic),20.16,812.99,Yes
YEEB-D2665,Female,0,Yes,No,39,Yes,Yes,DSL,No,No,No,No,Yes,Yes,One year,No,Electronic check,62.63,2448.55,No
MJGK-C1F64,Female,0,Yes,No,16,Yes,Yes,DSL,Yes,No,No,No,No,Yes,One year,Yes,Credit card (automatic),50.69,912.61,No
LYVV-3EB06,Male,0,Yes,No,51,Yes,No,No,No internet service,No internet service,No internet service,No internet service,No internet service,No internet service,Two year,Yes,Electronic check,18.8,944.22,No
VNPJ-0EC43,Female,0,No,Yes,67,Yes,Yes,Fiber optic,Yes,Yes,Yes,Yes,No,No,Month-to-month,Yes,Credit card (automatic),67.24,4483.08,No
NUCQ-D7002,Female,1,No,Yes,68,Yes,No,DSL,No,Yes,No,No,No,Yes,One year,No,Credit card (automatic),43.54,2941.15,No
XLDX-D2B51,Male,0,No,No,60,Yes,Yes,DSL,No,Yes,Yes,No,Yes,No,Month-to-month,No,Electronic check,43.06,2711.46,No
BOVZ-BE321,Female,0,Yes,No,4,Yes,Yes,Fiber optic,Yes,Yes,Yes,No,No,No,One year,No,Bank transfer (automatic),55.9,325.65,No
ETDL-CE221,Male,0,No,No,3,Yes,Yes,DSL,No,No,No,No,Yes,Yes,One year,Yes,Electronic check,60.29,177.76,No
CKIZ-747B5,Male,0,No,No,2,No,No phone service,DSL,Yes,Yes,Yes,No,No,Yes,Month-to-month,No,Credit card (automatic),47.96,80.31,Yes
DKQI-95EEB,Male,0,Yes,No,15,Yes,No,Fiber optic,Yes,No,No,No,Yes,No,One year,Yes,Mailed check,48.4,771.59,No
VDQK-C0338,Female,0,No,No,3,Yes,Yes,Fiber optic,Yes,No,Yes,Yes,Yes,Yes,Two year,No,Electronic check,78.77,229.59,No
ZXLA-D90AE,Male,0,No,Yes,29,Yes,No,DSL,No,Yes,No,No,No,Yes,Month-to-month,Yes,Electronic check,47.29,1381.87,Yes
WXZQ-91AED,Male,1,Yes,Yes,1,Yes,No,Fiber optic,No,No,No,Yes,Yes,Yes,One year,No,Electronic check,67.29,49.73,Yes
XEFW-F8EA3,Female,0,Yes,No,7,Yes,Yes,DSL,No,No,Yes,No,Yes,Yes,Two year,Yes,Electronic check,55.69,442.34,No
NKUI-277E0,Male,1,No,Yes,54,Yes,Yes,DSL,No,No,No,Yes,No,No,Two year,Yes,Credit card (automatic),58.94,3194.08,Yes
WFEK-8E827,Female,0,No,No,11,Yes,No,DSL,No,Yes,No,No,No,Yes,Month-to-month,Yes,Electronic check,35.12,381.43,No
XSFQ-B4852,Female,0,No,No,28,Yes,No,Fiber optic,No,No,No,Yes,No,No,Two year,Yes,Electronic check,54.04,1485.51,No
XIIC-7AFCD,Female,0,No,No,10,Yes,Yes,Fiber optic,No,No,Yes,Yes,No,No,Month-to-month,Yes,Mailed check,65.95,602.35,Yes
ZSWH-BA7AB,Female,0,Yes,No,29,Yes,No,No,No internet service,No internet service,No internet service,No internet service,No internet service,No internet service,Two year,Yes,Mailed check,24.57,721.64,No
KVAI-5D8EF,Male,0,Yes,No,42,Yes,No,DSL,No,Yes,No,No,Yes,No,Month-to-month,No,Electronic check,46.67,1973.77,No
LSGC-74B82,Male,0,No,Yes,29,Yes,Yes,No,No internet service,No internet service,No internet service,No internet service,No internet service,No internet service,Two year,No,Bank transfer (automatic),33.46,904.6,No
LKAO-EEEEE,Male,0,Yes,No,13,Yes,Yes,Fiber optic,Yes,No,No,Yes,Yes,Yes,Two year,No,Bank transfer (automatic),82.44,1019.98,No
CLOV-5BC83,Male,0,No,No,0,Yes,No,DSL,Yes,Yes,Yes,No,No,No,Month-to-month,Yes,Electronic check,36.61,36.61,Yes
CLEQ-3EEDA,Male,1,Yes,No,72,Yes,Yes,Fiber optic,No,No,No,No,Yes,Yes,Month-to-month,Yes,Mailed check,81.05,5777.2,No
DZBO-C1773,Female,0,Yes,Yes,64,Yes,No,DSL,No,Yes,No,No,No,Yes,Month-to-month,Yes,Credit card (automatic),51.95,3320.91,No
CXXC-46318,Male,1,Yes,No,15,Yes,No,DSL,No,No,No,No,No,Yes,One year,Yes,Electronic check,40.66,531.85,No
LUHN-50BBA,Male,0,Yes,No,71,Yes,Yes,No,No internet service,No internet service,No internet service,No internet service,No internet service,No internet service,Month-to-month,Yes,Electronic check,21.6,1564.36,No
ASPL-91327,Male,1,No,No,37,Yes,Yes,DSL,No,No,No,No,Yes,Yes,One year,Yes,Bank transfer (automatic),64.32,2348.92,Yes
XALH-F9349,Female,0,Yes,Yes,64,Yes,No,DSL,No,No,No,No,No,No,Month-to-month,Yes,Bank transfer (automatic),33.57,2150.27,No
BBRU-B2D3E,Female,0,No,No,61,Yes,Yes,Fiber optic,No,No,No,Yes,Yes,Yes,Month-to-month,Yes,Electronic check,83.41,5123.27,Yes
HMYK-A91C5,Male,0,No,No,11,Yes,No,Fiber optic,No,No,No,No,Yes,Yes,Two year,No,Mailed check,75.78,964.99,No
MHZO-A849C,Female,0,No,No,49,Yes,No,Fiber optic,Yes,Yes,No,No,No,No,One year,No,Electronic check,40.91,2007.16,No
CDEY-953A8,Male,0,Yes,No,33,Yes,Yes,DSL,No,Yes,No,No,No,No,Month-to-month,Yes,Credit card (automatic),44.38,1470.2,Yes
QSCR-B4496,Male,0,No,No,43,Yes,Yes,DSL,Yes,No,No,No,No,Yes,Month-to-month,No,Bank transfer (automatic),55.6,2350.16,No
YCEV-AD02D,Female,0,Yes,No,16,Yes,No,No,No internet service,No internet service,No internet service,No internet service,No internet service,No internet service,Month-to-month,Yes,Electronic check,18.8,498.56,Yes
VVXF-14F80,Female,0,No,No,6,Yes,No,Fiber optic,No,No,No,No,No,Yes,Month-to-month,No,Bank transfer (automatic),57.19,271.23,No
TVDO-BF95E,Male,0,No,No,24,No,No phone service,DSL,No,No,Yes,No,Yes,Yes,Month-to-month,Yes,Electronic check,60.33,1459.78,Yes
JQVN-BD96A,Male,0,Yes,No,7,Yes,Yes,DSL,No,No,No,No,No,No,Month-to-month,Yes,Electronic check,53.97,394.02,No
KRCB-71B27,Female,0,No,No,66,Yes,No,DSL,No,No,Yes,No,Yes,No,Month-to-month,Yes,Electronic check,38.38,2463.21,No
EXVA-6F7D1,Male,1,Yes,No,2,No,No phone service,Fiber optic,Yes,Yes,No,No,Yes,No,One year,No,Credit card (automatic),59.86,105.38,No
LWFA-B14CE,Female,0,Yes,No,23,Yes,No,No,No internet service,No internet service,No internet service,No internet service,No internet service,No internet service,Month-to-month,Yes,Bank transfer (automatic),18.8,442.35,No
DMUK-58C00,Male,0,No,Yes,4,Yes,Yes,Fiber optic,No,No,Yes,Yes,No,No,One year,No,Electronic check,65.24,222.56,Yes
CIHM-4A5D4,Female,1,Yes,Yes,5,Yes,No,Fiber optic,No,Yes,No,No,No,Yes,Two year,No,Electronic check,68.95,373.79,No
GWRB-20CAE,Male,0,No,No,50,Yes,Yes,Fiber optic,No,Yes,Yes,Yes,Yes,No,Month-to-month,No,Electronic check,69.71,3449.83,No
IBLC-2C6E8,Male,0,No,Yes,29,Yes,No,Fiber optic,No,Yes,No,No,Yes,No,Month-to-month,No,Credit card (automatic),63.68,1839.62,No
QVLI-CD4DF,Female,0,Yes,No,49,Yes,No,Fiber optic,Yes,No,No,No,Yes,No,One year,Yes,Mailed check,55.48,2770.44,No
FWCX-ED5E8,Male,0,Yes,No,38,Yes,No,Fiber optic,No,Yes,No,No,Yes,No,Month-to-month,No,Electronic check,60.37,2311.14,No
BWXH-395A5,Male,0,Yes,No,56,Yes,No,Fiber optic,No,No,No,No,Yes,No,Month-to-month,Yes,Mailed check,54.48,3107.67,No
FGRL-08C23,Female,0,Yes,Yes,16,Yes,No,Fiber optic,No,No,No,No,No,Yes,One year,Yes,Electronic check,54.26,862.01,No
JYJV-AF95B,Male,0,Yes,Yes,62,Yes,No,DSL,No,Yes,No,Yes,Yes,Yes,Two year,Yes,Mailed check,57.57,3621.83,No
CUGR-9378C,Male,0,No,No,39,Yes,Yes,Fiber optic,No,Yes,No,No,Yes,No,One year,Yes,Credit card (automatic),70.83,2805.48,No
MBBR-E612F,Male,0,No,No,9,Yes,Yes,Fiber optic,No,No,Yes,No,No,No,Month-to-month,Yes,Credit card (automatic),57.78,448.25,No
SAGS-A4BEE,Female,1,No,No,13,Yes,No,DSL,Yes,No,Yes,Yes,No,Yes,Two year,Yes,Credit card (automatic),47.06,552.5,No
VJAK-09952,Female,0,Yes,No,35,Yes,No,DSL,Yes,No,No,No,No,No,Month-to-month,Yes,Electronic check,31.56,1115.43,No
NAHZ-EA50A,Female,1,No,Yes,24,Yes,Yes,Fiber optic,No,No,No,No,Yes,Yes,Month-to-month,No,Electronic check,76.65,1786.97,Yes
MSEV-C6075,Male,1,No,Yes,48,Yes,No,No,No internet service,No internet service,No internet service,No internet service,No internet service,No internet service,Month-to-month,No,Credit card (automatic),18.8,903.51,No
TGAZ-31DB4,Male,0,Yes,No,5,Yes,Yes,DSL,No,No,Yes,No,No,Yes,Two year,Yes,Electronic check,53.94,284.54,Yes
MRVJ-30DDF,Male,0,Yes,No,3,Yes,No,No,No internet service,No internet service,No internet service,No internet service,No internet service,No internet service,Month-to-month,Yes,Electronic check,18.8,0.0,No
TFGG-7FB6B,Male,0,Yes,No,46,Yes,No,Fiber optic,No,No,Yes,Yes,Yes,Yes,Month-to-month,No,Bank transfer (automatic),69.37,3224.34,No
VKVA-42235,Female,1,No,Yes,54,Yes,No,DSL,No,No,No,No,Yes,No,Two year,Yes,Mailed check,46.62,2461.77,No
SPLM-2BC8D,Male,0,No,Yes,18,Yes,Yes,DSL,No,No,No,Yes,No,Yes,Month-to-month,No,Credit card (automatic),62.39,1111.27,No
UUCC-70021,Male,1,No,No,6,Yes,No,DSL,No,Yes,No,No,No,No,Month-to-month,No,Electronic check,30.38,237.42,No
IIVX-26845,Male,0,No,No,15,Yes,Yes,No,No internet service,No internet service,No internet service,No internet service,No internet service,No internet service,One year,Yes,Mailed check,32.94,448.87,No
RLSB-74474,Female,0,No,Yes,4,Yes,Yes,No,No internet service,No internet service,No internet service,No internet service,No internet service,No internet service,Two year,Yes,Credit card (automatic),31.73,30.37,No
TEXJ-82EAC,Male,0,Yes,No,31,Yes,Yes,Fiber optic,No,No,No,Yes,No,Yes,Two year,Yes,Electronic check,70.59,2174.86,No
XZGI-38EB9,Male,0,No,Yes,6,Yes,No,DSL,No,No,No,No,No,No,Two year,Yes,Mailed check,30.72,152.51,Yes
MSMX-8AAB7,Male,0,No,No,4,Yes,No,No,No internet service,No internet service,No internet service,No internet service,No internet service,No internet service,Two year,No,Bank transfer (automatic),23.94,82.5,No
KKYC-BF199,Male,0,Yes,Yes,63,Yes,Yes,DSL,No,Yes,No,No,No,Yes,Two year,Yes,Bank transfer (automatic),48.16,2956.25,No
ICRN-C1EA7,Male,0,No,No,16,Yes,No,No,No internet service,No internet service,No internet service,No internet service,No internet service,No internet service,One year,Yes,Mailed check,22.07,386.46,No
LYOP-A54C5,Female,0,Yes,Yes,10,Yes,Yes,Fiber optic,No,No,Yes,No,No,No,One year,Yes,Bank transfer (automatic),64.83,626.08,No
AMAO-AE95A,Male,1,Yes,Yes,55,Yes,Yes,Fiber optic,No,Yes,No,Yes,Yes,Yes,Month-to-month,Yes,Bank transfer (automatic),82.2,4504.01,No
PTXC-BC566,Male,1,No,No,33,No,No phone service,Fiber optic,No,No,Yes,Yes,No,No,One year,Yes,Credit card (automatic),54.18,1684.65,No
JWIL-94B82,Male,0,No,No,42,No,No phone service,DSL,Yes,Yes,Yes,Yes,No,No,Month-to-month,No,Credit card (automatic),39.46,1591.89,No
EAPU-FAFF9,Male,0,Yes,No,8,Yes,Yes,DSL,No,Yes,Yes,No,Yes,No,Two year,Yes,Bank transfer (automatic),55.65,421.7,No
JXQV-3F6D6,Male,0,No,Yes,60,Yes,Yes,No,No internet service,No internet service,No internet service,No internet service,No internet service,No internet service,Month-to-month,No,Credit card (automatic),35.01,2175.31,Yes
XRFD-2508A,Male,0,No,No,8,Yes,No,Fiber optic,Yes,Yes,Yes,Yes,No,No,Two year,Yes,Electronic check,58.06,460.77,Yes
TYUZ-9DCD6,Male,0,No,No,12,No,No phone service,DSL,No,No,Yes,No,No,No,Two year,Yes,Electronic check,33.46,434.64,No
NXLP-A20BC,Male,0,Yes,No,27,Yes,Yes,Fiber optic,Yes,No,No,No,No,Yes,Month-to-month,No,Mailed check,72.22,1991.73,Yes
PRBE-BA390,Male,0,Yes,Yes,4,Yes,Yes,No,No internet service,No internet service,No internet service,No internet service,No internet service,No internet service,Two year,No,Electronic check,33.13,133.84,No
UAVF-4ED52,Male,1,Yes,Yes,37,Yes,Yes,DSL,No,Yes,No,No,No,No,One year,No,Electronic check,46.33,1700.51,No
CKPM-EC4E7,Female,0,Yes,No,61,No,No phone service,Fiber optic,No,No,No,No,No,No,Month-to-month,Yes,Credit card (automatic),53.75,3235.1,No
AWTJ-EEFE4,Female,0,Yes,No,57,Yes,Yes,DSL,No,No,No,No,Yes,Yes,One year,No,Electronic check,67.71,3867.25,No
OERM-EE550,Female,0,No,No,43,Yes,Yes,No,No internet service,No internet service,No internet service,No internet service,No internet service,No internet service,Two year,Yes,Bank transfer (automatic),25.94,1048.94,No
NKZV-79AEF,Female,0,Yes,No,37,Yes,Yes,DSL,Yes,No,No,Yes,No,No,Month-to-month,Yes,Electronic check,56.06,2068.64,No
KJSH-2459B,Male,0,Yes,No,24,No,No phone service,Fiber optic,No,No,No,No,No,No,One year,No,Mailed check,48.49,1143.09,No
EBEX-4884D,Female,0,Yes,No,56,No,No phone service,Fiber optic,No,No,Yes,No,Yes,No,Month-to-month,Yes,Mailed check,58.79,3362.62,No
BNKU-3FCB7,Female,0,Yes,No,5,Yes,Yes,Fiber optic,No,Yes,No,No,Yes,No,Month-to-month,Yes,Credit card (automatic),62.25,273.4,No
QFAT-75498,Male,1,Yes,No,2,No,No phone service,DSL,Yes,No,No,No,No,Yes,Two year,Yes,Mailed check,52.15,79.5,No
RYVI-329D4,Female,0,Yes,Yes,10,Yes,Yes,Fiber optic,No,No,No,No,No,No,Month-to-month,Yes,Credit card (automatic),58.88,638.49,Yes
ZLUH-28876,Female,1,No,Yes,0,Yes,No,Fiber optic,No,No,Yes,No,No,Yes,Month-to-month,Yes,Mailed check,55.07,55.07,Yes
QQDR-5C732,Male,0,Yes,Yes,38,Yes,No,No,No internet service,No internet service,No internet service,No internet service,No internet service,No internet service,Month-to-month,No,Bank transfer (automatic),18.8,711.3,No
ZSFN-1DDC7,Male,1,No,No,4,Yes,No,Fiber optic,No,No,No,Yes,No,No,Two year,Yes,Credit card (automatic),60.39,252.98,Yes
EMNI-6083D,Male,0,No,No,37,Yes,Yes,DSL,No,No,No,No,Yes,No,Two year,Yes,Electronic check,53.14,1945.42,Yes
TPFR-FACED,Female,0,Yes,No,21,Yes,No,DSL,No,Yes,Yes,Yes,No,No,Month-to-month,Yes,Mailed check,43.02,876.16,No
EWTS-37EE1,Female,0,Yes,No,25,Yes,Yes,No,No internet service,No internet service,No internet service,No internet service,No internet service,No internet service,Two year,Yes,Bank transfer (automatic),26.0,689.9,No
LPCG-9A16A,Male,0,Yes,No,62,Yes,Yes,No,No internet service,No internet service,No internet service,No internet service,No internet service,No internet service,Month-to-month,No,Bank transfer (automatic),24.73,1603.24,No
ZZIR-83821,Male,0,Yes,Yes,40,No,No phone service,DSL,Yes,No,No,No,No,Yes,Two year,Yes,Mailed check,40.66,1749.42,No
JGDB-90C1A,Female,0,Yes,No,58,Yes,No,Fiber optic,Yes,No,No,No,Yes,No,Month-to-month,Yes,Credit card (automatic),55.95,3171.9,No
DQDL-A22AA,Male,0,No,No,29,Yes,No,DSL,No,No,Yes,Yes,No,No,Month-to-month,Yes,Electronic check,43.35,1310.62,No
KDHF-A4642,Female,0,Yes,Yes,2,Yes,No,No,No internet service,No internet service,No internet service,No internet service,No internet service,No internet service,Month-to-month,Yes,Bank transfer (automatic),18.8,9.29,Yes
VMOH-1BB0E,Male,1,No,Yes,42,No,No phone service,DSL,No,No,No,No,No,Yes,One year,Yes,Credit card (automatic),44.11,1874.17,No
WWLS-092EF,Male,0,Yes,Yes,42,Yes,No,Fiber optic,Yes,No,No,No,No,No,Month-to-month,Yes,Credit card (automatic),48.09,2056.48,Yes
DNPT-7E55B,Female,0,No,No,57,Yes,Yes,Fiber optic,No,Yes,Yes,Yes,Yes,Yes,One year,No,Electronic check,81.03,4637.33,No
OCQH-DD6DF,Male,0,No,Yes,31,Yes,No,No,No internet service,No internet service,No internet service,No internet service,No internet service,No internet service,One year,Yes,Bank transfer (automatic),18.8,598.67,No
SPYW-71975,Male,0,Yes,No,7,Yes,No,No,No internet service,No internet service,No internet service,No internet service,No internet service,No internet service,Month-to-month,Yes,Electronic check,21.89,107.58,Yes
ESXP-30B21,Male,0,Yes,No,51,No,No phone service,DSL,No,No,No,No,No,Yes,Month-to-month,No,Bank transfer (automatic),40.79,2083.0,No
FFII-3CD45,Female,0,No,No,7,Yes,Yes,No,No internet service,No internet service,No internet service,No internet service,No internet service,No internet service,One year,No,Electronic check,31.13,179.59,Yes
VYUO-FBA0A,Male,0,No,No,11,Yes,Yes,Fiber optic,No,No,No,No,No,No,Month-to-month,No,Electronic check,62.48,619.77,Yes
HPOC-780DF,Male,0,Yes,No,50,Yes,Yes,Fiber optic,No,No,No,Yes,No,No,One year,No,Bank transfer (automatic),64.13,3199.38,No
ADDL-93D44,Male,0,Yes,Yes,2,Yes,Yes,No,No internet service,No internet service,No internet service,No internet service,No internet service,No internet service,Month-to-month,Yes,Mailed check,28.68,13.02,Yes
PWGI-576F2,Male,0,Yes,Yes,55,Yes,No,DSL,No,No,No,No,No,No,Month-to-month,No,Credit card (automatic),29.11,1719.19,No
KGPU-E74F1,Male,0,Yes,Yes,59,Yes,No,Fiber optic,No,Yes,No,Yes,Yes,Yes,Month-to-month,No,Electronic check,77.58,4670.91,Yes
DYXO-5FFDC,Male,0,No,No,1,No,No phone service,No,No internet service,No internet service,No internet service,No internet service,No internet service,No internet service,One year,No,Bank transfer (automatic),24.32,0.0,No
PJMO-7D217,Female,0,No,No,9,Yes,Yes,DSL,No,No,Yes,Yes,Yes,No,One year,Yes,Bank transfer (automatic),66.34,657.77,No
FVWZ-6F1F3,Female,1,Yes,No,1,Yes,No,No,No internet service,No internet service,No internet service,No internet service,No internet service,No internet service,One year,Yes,Credit card (automatic),23.23,0.0,No
AVNK-3692F,Male,1,Yes,No,17,Yes,Yes,No,No internet service,No internet service,No internet service,No internet service,No internet service,No internet service,Month-to-month,Yes,Bank transfer (automatic),28.15,450.56,No
SWBW-D598D,Female,0,Yes,Yes,9,Yes,Yes,DSL,No,Yes,No,No,Yes,Yes,One year,No,Mailed check,59.46,505.04,No
HXOA-42C67,Female,0,No,No,38,Yes,Yes,No,No internet service,No internet service,No internet service,No internet service,No internet service,No internet service,Two year,Yes,Electronic check,27.11,1016.87,No
JSZW-F4A94,Male,0,No,Yes,7,Yes,Yes,DSL,No,No,No,No,Yes,No,Month-to-month,Yes,Mailed check,48.23,373.28,No
VXYZ-22AB6,Female,0,Yes,Yes,16,Yes,No,Fiber optic,No,No,No,No,Yes,Yes,Month-to-month,No,Mailed check,65.21,893.59,No
EHDE-39858,Female,0,Yes,No,5,Yes,No,Fiber optic,Yes,Yes,Yes,Yes,No,No,Month-to-month,No,Electronic check,55.74,267.21,Yes
RCHF-01CE2,Female,0,No,No,56,Yes,No,DSL,Yes,No,No,No,No,No,One year,No,Electronic check,28.08,1581.82,No
TGDG-E5B76,Female,0,Yes,Yes,36,No,No phone service,No,No internet service,No internet service,No internet service,No internet service,No internet service,No internet service,Two year,Yes,Mailed check,18.8,657.98,No
VZQW-2E23D,Female,0,Yes,No,2,Yes,Yes,Fiber optic,No,Yes,No,No,No,Yes,Month-to-month,Yes,Credit card (automatic),63.88,182.13,Yes
MGAF-D0EC3,Female,0,Yes,No,28,Yes,No,Fiber optic,No,Yes,Yes,No,Yes,No,One year,No,Mailed check,57.73,1583.76,Yes
TNJN-0EC21,Female,0,Yes,Yes,10,Yes,Yes,No,No internet service,No internet service,No internet service,No internet service,No internet service,No internet service,Month-to-month,Yes,Credit card (automatic),34.34,301.81,Yes
LLUV-1396F,Female,0,Yes,Yes,8,Yes,Yes,DSL,No,No,Yes,No,No,No,One year,No,Mailed check,38.58,254.62,Yes
RIRL-7B6B6,Male,0,No,No,38,Yes,Yes,Fiber optic,No,Yes,No,No,Yes,No,One year,No,Electronic check,70.2,2657.39,No
PMOJ-14556,Male,0,No,No,7,Yes,No,No,No internet service,No internet service,No internet service,No internet service,No internet service,No internet service,One year,Yes,Credit card (automatic),21.69,138.38,No
MGJH-97A6F,Female,0,Yes,No,4,Yes,No,Fiber optic,No,Yes,No,Yes,Yes,Yes,Month-to-month,Yes,Bank transfer (automatic),76.5,312.54,No
MPLT-81BC6,Female,0,Yes,Yes,13,Yes,Yes,No,No internet service,No internet service,No internet service,No internet service,No internet service,No internet service,Month-to-month,Yes,Electronic check,37.61,512.19,No
NAWU-F934E,Male,0,No,No,11,Yes,Yes,Fiber optic,No,No,No,No,No,Yes,One year,Yes,Mailed check,76.64,830.44,Yes
BRBT-97B59,Female,0,Yes,No,2,Yes,No,DSL,No,Yes,No,Yes,Yes,Yes,Month-to-month,Yes,Electronic check,57.6,114.57,Yes
ULAZ-86114,Female,0,Yes,No,2,Yes,No,DSL,No,No,No,No,Yes,No,Month-to-month,No,Bank transfer (automatic),45.56,108.71,Yes
YSKT-6E5B6,Male,0,Yes,Yes,9,Yes,No,Fiber optic,Yes,Yes,No,Yes,No,No,Month-to-month,Yes,Mailed check,56.36,610.36,Yes
REYH-8AA8D,Male,0,No,No,9,Yes,Yes,DSL,No,No,No,Yes,No,No,Month-to-month,No,Electronic check,48.69,429.69,Yes
ZTEU-88F8D,Male,0,Yes,No,70,Yes,Yes,No,No internet service,No internet service,No internet service,No internet service,No internet service,No internet service,Month-to-month,No,Mailed check,30.49,2193.97,No
QCSM-842B3,Female,0,Yes,No,52,Yes,Yes,DSL,No,No,No,No,No,No,Two year,No,Credit card (automatic),50.37,2703.27,No
CMSF-56E2E,Female,1,Yes,No,30,Yes,Yes,Fiber optic,No,No,No,No,No,No,One year,Yes,Mailed check,74.41,2297.16,No
DPVX-87CE0,Male,1,Yes,No,59,Yes,Yes,DSL,No,Yes,No,No,No,Yes,Month-to-month,Yes,Credit card (automatic),50.29,3064.98,No
GHVA-20F04,Male,0,No,No,10,Yes,Yes,Fiber optic,No,Yes,Yes,No,No,Yes,Two year,Yes,Bank transfer (automatic),68.73,678.24,Yes
NJCK-C4873,Female,1,No,No,48,Yes,No,Fiber optic,No,No,No,No,No,No,Month-to-month,Yes,Bank transfer (automatic),47.68,2388.56,No
AVZN-D5F9C,Male,0,Yes,No,58,No,No phone service,No,No internet service,No internet service,No internet service,No internet service,No internet service,No internet service,Two year,Yes,Electronic check,21.34,1149.71,No
RYOW-EC516,Female,0,Yes,No,31,Yes,No,Fiber optic,No,Yes,Yes,No,No,No,Month-to-month,No,Credit card (automatic),46.81,1555.67,No
SWTQ-8F3C8,Female,0,No,No,43,Yes,No,DSL,Yes,No,Yes,Yes,No,Yes,Month-to-month,No,Bank transfer (automatic),48.86,2083.61,No
NKQZ-61226,Male,1,Yes,No,4,Yes,Yes,No,No internet service,No internet service,No internet service,No internet service,No internet service,No internet service,Month-to-month,Yes,Electronic check,32.12,143.41,Yes
AHSR-AA1E4,Male,0,No,Yes,20,Yes,Yes,DSL,No,No,Yes,No,Yes,Yes,Month-to-month,No,Electronic check,70.96,1378.31,Yes
CVMJ-69801,Female,0,No,No,46,Yes,No,No,No internet service,No internet service,No internet service,No internet service,No internet service,No internet service,One year,Yes,Credit card (automatic),18.8,826.7,No
YMZR-B5DAC,Male,0,Yes,Yes,11,Yes,Yes,No,No internet service,No internet service,No internet service,No internet service,No internet service,No internet service,Month-to-month,Yes,Electronic check,31.59,354.22,No
GPJX-E5034,Male,0,No,No,24,Yes,Yes,DSL,No,No,No,Yes,Yes,No,Month-to-month,No,Mailed check,68.34,1595.92,No
AYMD-96279,Male,0,Yes,Yes,19,Yes,Yes,DSL,No,No,No,No,No,No,Month-to-month,No,Mailed check,39.18,703.48,No
QFPU-AFF76,Male,0,Yes,No,8,Yes,Yes,No,No internet service,No internet service,No internet service,No internet service,No internet service,No internet service,Two year,No,Electronic check,28.02,216.96,No
LMEZ-92EF8,Female,0,No,No,22,Yes,Yes,No,No internet service,No internet service,No internet service,No internet service,No internet service,No internet service,Month-to-month,Yes,Credit card (automatic),27.04,605.26,Yes
YZYZ-109BD,Female,0,No,Yes,9,Yes,Yes,Fiber optic,No,No,No,No,No,No,One year,Yes,Bank transfer (automatic),60.81,525.66,No
QIYP-A4C2D,Female,0,No,No,0,Yes,No,No,No internet service,No internet service,No internet service,No internet service,No internet service,No internet service,Month-to-month,No,Mailed check,18.8,18.8,No
WRZX-13159,Female,0,No,Yes,36,Yes,Yes,No,No internet service,No internet service,No internet service,No internet service,No internet service,No internet service,One year,No,Credit card (automatic),28.21,1005.04,No
DCQQ-5B961,Male,0,Yes,No,3,No,No phone service,Fiber optic,No,Yes,No,No,No,No,Month-to-month,No,Credit card (automatic),52.09,119.4,Yes
TQCE-42CE1,Male,0,Yes,No,5,Yes,Yes,Fiber optic,No,No,No,No,No,Yes,Month-to-month,Yes,Electronic check,69.44,290.67,Yes
GHZQ-F317D,Female,0,Yes,No,24,Yes,Yes,Fiber optic,No,Yes,No,No,No,Yes,One year,Yes,Bank transfer (automatic),62.73,1520.33,No
VMHB-680EB,Female,0,No,No,1,Yes,Yes,DSL,Yes,No,Yes,Yes,Yes,No,One year,Yes,Electronic check,62.87,53.05,No
IJJW-B14C5,Male,0,Yes,No,35,Yes,Yes,Fiber optic,No,No,No,Yes,Yes,Yes,One year,Yes,Bank transfer (automatic),85.53,3017.29,No
VNUN-B63E6,Female,0,Yes,No,19,Yes,Yes,Fiber optic,No,No,Yes,No,No,No,Two year,Yes,Electronic check,60.31,1113.24,No
AKKG-E75BA,Female,1,No,No,44,Yes,No,Fiber optic,Yes,No,Yes,Yes,No,Yes,Month-to-month,Yes,Electronic check,61.17,2594.87,No
MZZM-B0776,Male,1,Yes,No,7,No,No phone service,DSL,No,No,No,Yes,Yes,No,Two year,No,Electronic check,48.15,382.27,No
VPML-93385,Female,0,Yes,No,0,Yes,Yes,No,No internet service,No internet service,No internet service,No internet service,No internet service,No internet service,Month-to-month,Yes,Bank transfer (automatic),28.8,28.8,No
RXJP-4C385,Male,0,Yes,Yes,10,Yes,No,No,No internet service,No internet service,No internet service,No internet service,No internet service,No internet service,Two year,No,Bank transfer (automatic),21.73,146.23,No
TGFT-8AC43,Male,1,Yes,Yes,10,Yes,No,DSL,No,No,No,Yes,No,No,One year,Yes,Credit card (automatic),43.45,391.88,No
ZCQK-2FD3C,Female,1,Yes,Yes,11,No,No phone service,Fiber optic,No,No,No,No,No,No,Month-to-month,No,Electronic check,43.18,488.34,Yes
TNYG-1C51F,Male,1,Yes,No,41,No,No phone service,No,No internet service,No internet service,No internet service,No internet service,No internet service,No internet service,Two year,Yes,Bank transfer (automatic),18.8,744.36,No
KWVH-C7A40,Female,1,Yes,No,23,No,No phone service,Fiber optic,Yes,No,No,No,No,Yes,One year,No,Electronic check,48.89,1152.82,No
EIOW-2BBCD,Male,0,Yes,Yes,6,Yes,Yes,Fiber optic,Yes,No,No,Yes,Yes,No,Month-to-month,No,Mailed check,67.82,409.4,Yes
BFYQ-3F54D,Female,0,Yes,Yes,65,Yes,No,DSL,Yes,Yes,No,No,No,Yes,Month-to-month,No,Mailed check,44.57,2871.08,No
YKQQ-380DD,Female,0,Yes,No,11,Yes,Yes,DSL,No,Yes,Yes,Yes,No,Yes,One year,Yes,Electronic check,53.82,556.82,No
EPCC-ACD5E,Female,0,Yes,Yes,6,Yes,Yes,No,No internet service,No internet service,No internet service,No internet service,No internet service,No internet service,Month-to-month,Yes,Electronic check,26.31,171.27,Yes
OKIT-56656,Male,0,Yes,No,22,Yes,No,Fiber optic,No,Yes,Yes,No,Yes,No,Month-to-month,Yes,Credit card (automatic),62.97,1442.02,Yes
AWGL-28424,Male,0,Yes,No,37,Yes,No,No,No internet service,No internet service,No internet service,No internet service,No internet service,No internet service,Month-to-month,No,Electronic check,24.73,952.64,Yes
XWUF-ADAD3,Female,0,No,No,61,Yes,No,DSL,No,No,No,Yes,No,No,Month-to-month,No,Mailed check,39.61,2451.85,No
MISD-5B04B,Male,0,No,Yes,32,Yes,No,Fiber optic,No,No,Yes,No,No,Yes,Month-to-month,Yes,Mailed check,59.29,1974.55,No
GPKL-5EBBC,Female,0,Yes,No,6,Yes,No,DSL,No,No,No,No,Yes,No,Two year,No,Electronic check,35.73,148.31,No
LCBM-E7F8A,Female,0,Yes,No,43,Yes,Yes,No,No internet service,No internet service,No internet service,No internet service,No internet service,No internet service,Month-to-month,No,Credit card (automatic),28.14,1202.74,Yes
CTXN-E37E9,Male,0,No,Yes,67,Yes,No,No,No internet service,No internet service,No internet service,No internet service,No internet service,No internet service,One year,Yes,Electronic check,18.8,1290.64,No
RKOJ-A08E0,Female,0,No,No,33,Yes,No,Fiber optic,No,Yes,No,Yes,Yes,No,Month-to-month,Yes,Mailed check,61.17,2062.95,Yes
LRCA-23E2A,Male,0,No,No,7,Yes,Yes,DSL,No,No,No,No,No,No,One year,No,Electronic check,46.95,288.77,No
INXW-115CC,Female,0,Yes,Yes,27,Yes,Yes,Fiber optic,Yes,No,No,Yes,No,No,Month-to-month,Yes,Bank transfer (automatic),65.38,1770.51,No
QWET-FFBB3,Male,0,No,No,1,Yes,Yes,Fiber optic,No,No,Yes,No,No,No,Month-to-month,Yes,Bank transfer (automatic),59.72,93.03,No
TGKD-4171C,Female,0,No,Yes,10,Yes,Yes,No,No internet service,No internet service,No internet service,No internet service,No internet service,No internet service,Month-to-month,No,Bank transfer (automatic),34.77,276.67,No
RQSU-AA2B7,Female,0,Yes,No,71,Yes,No,Fiber optic,No,Yes,Yes,Yes,No,No,Month-to-month,No,Mailed check,63.7,4570.82,No
EMIF-8E02E,Male,0,Yes,No,44,Yes,No,DSL,No,Yes,No,No,Yes,Yes,Month-to-month,No,Electronic check,41.01,1854.5,No
RGJC-DA33B,Female,0,Yes,Yes,1,Yes,No,Fiber optic,Yes,No,No,No,No,No,Month-to-month,No,Mailed check,57.87,0.0,Yes
OTGZ-22B96,Female,1,Yes,Yes,57,Yes,Yes,Fiber optic,Yes,No,No,Yes,No,No,One year,No,Credit card (automatic),68.05,3920.76,No
TOKF-B8E64,Male,0,Yes,No,18,Yes,No,No,No internet service,No internet service,No internet service,No internet service,No internet service,No internet service,Month-to-month,No,Electronic check,18.85,437.39,No
BHSH-83EEC,Female,0,No,No,0,No,No phone service,No,No internet service,No internet service,No internet service,No internet service,No internet service,No internet service,Two year,Yes,Credit card (automatic),19.8,19.8,No
TOAB-7C28F,Male,0,Yes,No,0,Yes,No,No,No internet service,No internet service,No internet service,No internet service,No internet service,No internet service,Two year,No,Bank transfer (automatic),18.8,18.8,Yes
VOPB-05D0C,Female,0,Yes,No,39,Yes,No,Fiber optic,No,Yes,Yes,No,Yes,No,Month-to-month,Yes,Credit card (automatic),60.43,2294.52,Yes
GCCR-08E95,Male,0,No,No,68,Yes,Yes,Fiber optic,No,Yes,Yes,Yes,No,No,Month-to-month,No,Mailed check,62.34,4272.69,Yes
XBGE-0F31E,Female,1,Yes,Yes,53,Yes,No,No,No internet service,No internet service,No internet service,No internet service,No internet service,No internet service,Month-to-month,Yes,Electronic check,18.8,1011.77,No
ZFKR-6C3D8,Female,0,Yes,No,68,Yes,Yes,DSL,No,No,Yes,No,No,No,Month-to-month,No,Electronic check,49.23,3339.3,No
AQAV-F2851,Female,0,Yes,No,57,Yes,No,Fiber optic,No,Yes,No,No,Yes,No,Two year,Yes,Electronic check,72.88,4108.09,No
RAAV-4E986,Male,0,Yes,No,63,Yes,Yes,Fiber optic,Yes,No,No,Yes,Yes,No,Two year,No,Credit card (automatic),78.93,4972.86,No
JFSP-05E74,Male,0,Yes,Yes,66,Yes,Yes,DSL,No,No,Yes,No,Yes,No,Two year,Yes,Mailed check,55.13,3622.08,No
FEWI-41E6B,Male,0,No,No,9,Yes,No,Fiber optic,Yes,Yes,Yes,No,Yes,No,Month-to-month,No,Electronic check,58.32,508.04,Yes
SJMC-AA336,Male,0,Yes,No,72,Yes,Yes,Fiber optic,Yes,No,Yes,No,Yes,Yes,One year,No,Mailed check,70.23,5008.96,No
SNBO-B27C5,Female,0,No,No,9,Yes,No,DSL,No,No,No,No,Yes,Yes,Month-to-month,No,Bank transfer (automatic),52.58,400.39,Yes
CYCB-3CA31,Female,0,Yes,No,24,Yes,No,Fiber optic,No,No,No,Yes,Yes,Yes,One year,Yes,Credit card (automatic),72.11,1851.19,No
YAYM-35426,Male,1,No,No,7,Yes,No,Fiber optic,Yes,No,No,Yes,Yes,No,One year,No,Bank transfer (automatic),62.31,382.65,No
RMQZ-1B305,Male,0,No,Yes,20,No,No phone service,Fiber optic,Yes,No,No,No,No,No,Month-to-month,Yes,Mailed check,47.85,922.4,Yes
KZIT-E52F7,Male,0,No,No,19,Yes,Yes,Fiber optic,Yes,No,No,No,No,Yes,Month-to-month,No,Electronic check,64.94,1276.49,No
LSJO-F0B68,Female,0,Yes,Yes,11,Yes,Yes,DSL,No,No,No,Yes,Yes,Yes,Month-to-month,Yes,Bank transfer (automatic),64.79,770.73,No
XPKZ-9215B,Male,0,No,Yes,7,Yes,No,DSL,No,No,Yes,No,No,Yes,Month-to-month,No,Mailed check,44.26,274.52,No
KEZF-16196,Male,0,No,No,9,Yes,Yes,No,No internet service,No internet service,No internet service,No internet service,No internet service,No internet service,One year,No,Electronic check,27.12,327.53,No
YEGR-B5ED9,Female,0,No,No,9,Yes,Yes,No,No internet service,No internet service,No internet service,No internet service,No internet service,No internet service,One year,Yes,Credit card (automatic),28.86,286.72,No
TNMO-D0179,Female,0,Yes,No,59,Yes,No,No,No internet service,No internet service,No internet service,No internet service,No internet service,No internet service,Month-to-month,Yes,Credit card (automatic),18.8,1058.37,No
EPAG-70A89,Male,0,Yes,No,48,Yes,No,Fiber optic,No,Yes,Yes,Yes,Yes,No,Two year,No,Mailed check,59.93,2903.65,No
NRQR-3A20F,Female,0,Yes,No,59,Yes,No,Fiber optic,Yes,Yes,Yes,No,Yes,Yes,One year,Yes,Electronic check,73.41,4388.32,No
ECHZ-DB3AD,Male,0,Yes,No,51,Yes,Yes,No,No internet service,No internet service,No internet service,No internet service,No internet service,No internet service,Two year,No,Mailed check,26.93,1387.58,No
IGWD-E7B5B,Female,0,No,Yes,3,Yes,No,Fiber optic,No,No,No,No,Yes,Yes,One year,Yes,Electronic check,58.96,203.02,No
YMFC-EFA0E,Male,0,No,No,6,Yes,No,DSL,No,Yes,Yes,No,No,No,One year,Yes,Credit card (automatic),28.67,121.67,No
MGJY-C9BDA,Male,1,No,Yes,52,Yes,No,Fiber optic,Yes,No,No,No,No,No,Two year,No,Mailed check,46.84,2542.7,No
IBDG-C12F6,Male,0,Yes,No,61,Yes,No,Fiber optic,Yes,No,No,Yes,No,No,Two year,Yes,Mailed check,55.54,3304.96,No
DWZN-1ADF9,Male,0,Yes,No,1,Yes,Yes,No,No internet service,No internet service,No internet service,No internet service,No internet service,No internet service,Month-to-month,Yes,Bank transfer (automatic),29.33,22.45,No
YVEQ-AC8B9,Female,0,Yes,Yes,36,Yes,No,No,No internet service,No internet service,No internet service,No internet service,No internet service,No internet service,One year,No,Credit card (automatic),18.8,637.18,No
GMYV-A5344,Female,0,Yes,Yes,12,Yes,No,No,No internet service,No internet service,No internet service,No internet service,No internet service,No internet service,Month-to-month,No,Bank transfer (automatic),24.42,323.34,No
ZNKW-5CA4F,Female,0,No,No,14,Yes,Yes,DSL,No,Yes,Yes,No,No,No,Month-to-month,No,Credit card (automatic),45.83,592.62,No
RZAH-5AD12,Female,1,Yes,No,6,Yes,No,Fiber optic,Yes,No,Yes,No,No,No,Month-to-month,No,Credit card (automatic),48.29,380.48,Yes
RJSA-80F22,Male,0,No,No,13,Yes,No,No,No internet service,No internet service,No internet service,No internet service,No internet service,No internet service,Month-to-month,No,Mailed check,23.0,253.65,No
CFMQ-EE16D,Male,1,No,No,7,Yes,No,Fiber optic,Yes,No,Yes,Yes,No,Yes,Two year,Yes,Bank transfer (automatic),57.2,446.27,Yes
ERLE-04038,Female,0,No,No,3,Yes,No,Fiber optic,No,No,Yes,Yes,No,Yes,Month-to-month,Yes,Bank transfer (automatic),54.13,172.48,Yes
UNSB-4A092,Female,0,Yes,No,5,Yes,No,No,No internet service,No internet service,No internet service,No internet service,No internet service,No internet service,Two year,No,Electronic check,18.8,132.53,No
KQZC-88191,Female,0,Yes,No,57,Yes,No,Fiber optic,No,Yes,No,No,Yes,No,Two year,Yes,Electronic check,54.28,3125.02,No
RFDB-737ED,Female,0,Yes,Yes,20,Yes,No,Fiber optic,Yes,Yes,Yes,No,No,Yes,Month-to-month,No,Electronic check,54.32,1088.51,Yes
TMCK-014BC,Female,0,Yes,No,2,Yes,No,DSL,No,No,Yes,No,No,No,One year,Yes,Bank transfer (automatic),31.72,0.0,No
QGSZ-ACEBE,Male,1,No,No,26,No,No phone service,No,No internet service,No internet service,No internet service,No internet service,No internet service,No internet service,Month-to-month,No,Credit card (automatic),19.95,514.17,Yes
HHEE-8E3B1,Male,0,No,No,69,Yes,Yes,No,No internet service,No internet service,No internet service,No internet service,No internet service,No internet service,Month-to-month,No,Bank transfer (automatic),35.09,2360.13,No
ZNMJ-F6199,Male,1,Yes,No,71,Yes,No,Fiber optic,Yes,Yes,No,Yes,No,Yes,One year,Yes,Mailed check,60.86,4291.15,No
TMHA-F3523,Female,1,Yes,No,32,Yes,No,Fiber optic,No,Yes,Yes,Yes,No,Yes,Month-to-month,Yes,Bank transfer (automatic),63.15,2009.01,No
BIYF-FAE9F,Female,1,No,Yes,52,Yes,No,Fiber optic,Yes,No,No,No,No,No,Two year,No,Mailed check,43.25,2282.2,No
OVAY-03B40,Female,0,Yes,No,4,Yes,No,DSL,No,No,No,No,No,Yes,Two year,No,Electronic check,50.36,186.73,No
WNMI-B5824,Female,0,No,Yes,59,Yes,Yes,DSL,No,No,No,Yes,Yes,No,Two year,No,Credit card (automatic),57.7,3489.34,No
AHJT-D8E57,Male,0,No,Yes,18,Yes,Yes,Fiber optic,Yes,No,Yes,No,Yes,Yes,One year,No,Electronic check,73.3,1305.88,No
QEKX-7EA27,Male,0,No,No,34,Yes,No,DSL,No,No,No,No,Yes,No,Month-to-month,No,Bank transfer (automatic),40.81,1377.08,Yes
JYIM-BF8D1,Female,0,No,No,32,Yes,No,DSL,No,No,No,No,No,No,One year,No,Bank transfer (automatic),27.1,787.5,No
XFTN-91818,Male,0,No,No,44,No,No phone service,No,No internet service,No internet service,No internet service,No internet service,No internet service,No internet service,Month-to-month,Yes,Bank transfer (automatic),18.8,805.68,No
KFMF-105B9,Male,0,No,Yes,50,Yes,No,No,No internet service,No internet service,No internet service,No internet service,No internet service,No internet service,One year,No,Electronic check,23.14,1111.09,No
DLPG-23138,Female,1,No,No,49,No,No phone service,DSL,No,No,Yes,No,No,No,Month-to-month,Yes,Electronic check,32.72,1539.56,No
UWRJ-EE506,Female,1,Yes,Yes,47,No,No phone service,DSL,No,No,No,No,Yes,No,Two year,Yes,Electronic check,42.91,1968.01,No
MRDO-57080,Female,0,Yes,No,32,Yes,No,No,No internet service,No internet service,No internet service,No internet service,No internet service,No internet service,Month-to-month,Yes,Bank transfer (automatic),18.8,553.99,No
WSXR-F30EA,Female,0,No,No,14,No,No phone service,No,No internet service,No internet service,No internet service,No internet service,No internet service,No internet service,One year,No,Electronic check,23.3,205.21,No
RHIR-6146D,Female,0,Yes,No,2,Yes,Yes,Fiber optic,No,No,Yes,Yes,No,No,Month-to-month,No,Credit card (automatic),64.51,99.63,Yes
IMPD-93E44,Female,0,No,No,67,Yes,Yes,DSL,No,Yes,No,No,Yes,No,Two year,No,Electronic check,45.99,3083.19,No
KJPS-FE495,Male,0,No,Yes,1,No,No phone service,DSL,Yes,No,No,No,Yes,No,One year,Yes,Mailed check,40.98,74.84,No
UAZJ-BA5F4,Male,0,No,No,8,Yes,Yes,No,No internet service,No internet service,No internet service,No internet service,No internet service,No internet service,One year,Yes,Electronic check,30.69,183.57,No
TYDX-E6D03,Female,0,Yes,No,11,Yes,No,No,No internet service,No internet service,No internet service,No internet service,No internet service,No internet service,One year,Yes,Mailed check,26.74,347.14,Yes
TYDS-1CE71,Male,0,Yes,No,30,Yes,No,Fiber optic,Yes,No,No,Yes,Yes,No,Month-to-month,Yes,Bank transfer (automatic),74.9,2327.91,No
FNUN-79FC2,Female,0,Yes,No,59,Yes,Yes,No,No internet service,No internet service,No internet service,No internet service,No internet service,No internet service,Month-to-month,Yes,Electronic check,34.44,2013.03,Yes
FJHT-F9E6B,Female,0,Yes,No,6,Yes,Yes,DSL,No,Yes,Yes,Yes,No,No,Month-to-month,No,Mailed check,49.95,232.13,Yes
SHTN-945D9,Female,1,No,No,5,Yes,Yes,DSL,No,No,No,No,Yes,Yes,Month-to-month,Yes,Electronic check,59.0,230.22,Yes
DOQU-DA073,Female,0,No,No,63,Yes,Yes,DSL,No,Yes,No,No,No,No,Month-to-month,Yes,Bank transfer (automatic),47.23,2980.46,Yes
AYEG-5794C,Male,0,No,No,67,Yes,Yes,DSL,No,No,Yes,No,No,Yes,Month-to-month,No,Bank transfer (automatic),52.53,3522.4,No
EYWP-0BB94,Female,0,Yes,Yes,12,Yes,No,No,No internet service,No internet service,No internet service,No internet service,No internet service,No internet service,Month-to-month,No,Electronic check,24.9,328.79,Yes
LKPI-6E79E,Male,0,Yes,Yes,0,No,No phone service,No,No internet service,No internet service,No internet service,No internet service,No internet service,No internet service,Month-to-month,No,Electronic check,24.4,24.4,Yes
YOGC-D89F5,Female,0,Yes,Yes,30,Yes,No,DSL,No,No,No,No,Yes,No,One year,Yes,Bank transfer (automatic),47.45,1399.83,No
CRZE-F88F5,Female,0,Yes,No,8,Yes,Yes,Fiber optic,Yes,No,No,No,No,No,Month-to-month,Yes,Bank transfer (automatic),53.24,455.31,No
TARA-065CE,Female,0,No,Yes,48,Yes,No,Fiber optic,No,No,No,No,No,Yes,Two year,Yes,Bank transfer (automatic),57.69,2771.44,No
YQER-788E6,Male,0,Yes,Yes,27,Yes,Yes,DSL,No,No,No,No,Yes,No,Month-to-month,No,Electronic check,47.54,1288.82,Yes
ZORY-D7325,Female,0,Yes,No,5,Yes,Yes,No,No internet service,No internet service,No internet service,No internet service,No internet service,No internet service,Month-to-month,Yes,Bank transfer (automatic),34.1,130.28,No
RUAM-FDFF1,Female,0,No,No,12,Yes,No,Fiber optic,No,No,No,Yes,Yes,No,Month-to-month,No,Bank transfer (automatic),65.77,909.87,Yes
ROMU-E7A7A,Female,0,No,No,29,No,No phone service,Fiber optic,No,No,No,No,No,Yes,Month-to-month,Yes,Electronic check,56.14,1637.14,No
ZVFW-89174,Male,0,Yes,No,53,No,No phone service,DSL,No,Yes,No,No,No,No,Two year,No,Electronic check,36.5,1930.78,No
CWDS-B9D10,Male,0,No,Yes,58,Yes,No,Fiber optic,No,No,No,No,No,No,One year,No,Bank transfer (automatic),42.48,2515.96,No
WEHR-833D8,Male,0,Yes,No,27,Yes,Yes,No,No internet service,No internet service,No internet service,No internet service,No internet service,No internet service,Two year,No,Electronic check,24.26,748.24,No
XORI-08B6D,Female,1,Yes,Yes,40,Yes,Yes,DSL,No,Yes,No,No,Yes,No,Two year,Yes,Mailed check,42.88,1799.43,No
SNOF-E00C0,Male,0,Yes,No,3,No,No phone service,DSL,Yes,Yes,No,No,Yes,No,One year,Yes,Mailed check,45.3,115.12,No
NERD-48630,Female,1,No,Yes,54,Yes,Yes,Fiber optic,No,No,Yes,Yes,No,No,Month-to-month,No,Bank transfer (automatic),55.38,2960.52,No
AEHD-8EB47,Male,0,Yes,No,2,Yes,No,Fiber optic,No,No,No,No,No,No,Month-to-month,No,Bank transfer (automatic),48.44,63.06,No
UZOF-D8048,Male,1,Yes,Yes,62,Yes,No,DSL,No,No,No,Yes,No,No,One year,Yes,Credit card (automatic),36.34,2198.7,No
UWES-FCBC8,Female,0,No,No,69,No,No phone service,DSL,No,No,No,No,No,Yes,Two year,Yes,Electronic check,40.44,2755.46,No
PNYJ-C06E3,Male,0,Yes,Yes,44,Yes,No,DSL,No,No,Yes,Yes,Yes,No,One year,Yes,Bank transfer (automatic),41.44,1764.17,No
UNDC-174EC,Female,1,Yes,Yes,28,Yes,No,No,No internet service,No internet service,No internet service,No internet service,No internet service,No internet service,One year,Yes,Bank transfer (automatic),18.8,464.33,No
DNTR-009E0,Female,0,Yes,No,63,Yes,No,DSL,No,No,No,Yes,Yes,No,Two year,Yes,Credit card (automatic),42.82,2748.69,No
EEIX-F4B08,Male,0,Yes,Yes,3,Yes,Yes,DSL,No,No,No,No,No,No,Month-to-month,No,Mailed check,38.63,162.0,Yes
QWVB-6102E,Female,0,No,No,5,No,No phone service,No,No internet service,No internet service,No internet service,No internet service,No internet service,No internet service,One year,Yes,Electronic check,21.58,106.61,Yes
GTSW-8F6CC,Female,0,No,No,11,Yes,Yes,No,No internet service,No internet service,No internet service,No internet service,No internet service,No internet service,Month-to-month,No,Bank transfer (automatic),23.15,338.64,Yes
OIEC-763C2,Male,0,Yes,No,23,No,No phone service,Fiber optic,No,Yes,No,No,Yes,No,Month-to-month,Yes,Mailed check,56.48,1264.24,Yes
MLZC-DACCC,Male,0,Yes,No,23,Yes,Yes,No,No internet service,No internet service,No internet service,No internet service,No internet service,No internet service,Month-to-month,Yes,Mailed check,29.76,736.46,Yes
LPJX-3935F,Female,1,No,No,17,Yes,Yes,Fiber optic,No,No,No,Yes,No,No,Two year,No,Bank transfer (automatic),64.55,1053.4,No
FXVJ-50CAF,Male,0,Yes,No,41,No,No phone service,DSL,No,Yes,No,Yes,Yes,No,Month-to-month,No,Mailed check,49.63,2038.87,No
HKRI-52F7C,Female,1,No,No,1,Yes,No,Fiber optic,No,No,Yes,Yes,No,No,Month-to-month,No,Mailed check,47.44,0.0,No
RPII-72814,Female,1,Yes,Yes,21,Yes,No,Fiber optic,No,No,No,No,No,Yes,Month-to-month,No,Mailed check,56.77,1208.45,No
QABF-CC040,Male,0,No,Yes,10,Yes,Yes,DSL,No,No,No,Yes,No,No,One year,No,Electronic check,42.95,447.94,No
AYLU-A7C36,Male,0,No,Yes,19,Yes,No,DSL,Yes,Yes,No,No,No,No,Month-to-month,Yes,Credit card (automatic),26.4,529.14,No
JOFT-DEEAC,Male,0,No,No,61,Yes,Yes,No,No internet service,No internet service,No internet service,No internet service,No internet service,No internet service,Month-to-month,No,Mailed check,26.59,1611.64,No
RYCF-69E12,Male,0,Yes,No,1,Yes,Yes,Fiber optic,No,No,No,No,No,Yes,One year,No,Mailed check,67.18,33.03,Yes
WIAR-EED02,Female,0,No,No,35,Yes,Yes,DSL,Yes,No,Yes,No,Yes,Yes,Month-to-month,Yes,Electronic check,55.77,1985.89,No
WSFK-DEE7C,Female,0,No,No,4,Yes,No,No,No internet service,No internet service,No internet service,No internet service,No internet service,No internet service,Two year,No,Bank transfer (automatic),22.71,91.83,No
BYFY-0E88A,Male,0,No,No,5,Yes,Yes,DSL,Yes,No,Yes,No,Yes,No,Two year,No,Bank transfer (automatic),55.34,286.73,No
MYCR-30AA2,Male,0,Yes,No,65,Yes,No,DSL,No,No,No,No,Yes,No,Month-to-month,Yes,Electronic check,33.22,2150.13,Yes
SYSF-11935,Female,0,No,No,54,Yes,No,No,No internet service,No internet service,No internet service,No internet service,No internet service,No internet service,Month-to-month,Yes,Mailed check,26.65,1541.0,No
BLEL-9F45C,Female,0,Yes,No,9,Yes,No,DSL,No,No,Yes,No,No,Yes,One year,No,Bank transfer (automatic),54.27,465.57,No
YKIS-CBA24,Female,0,Yes,No,9,Yes,No,Fiber optic,No,Yes,No,Yes,No,No,Two year,No,Mailed check,53.31,512.17,No
BKVF-B623A,Female,0,No,Yes,0,Yes,Yes,Fiber optic,Yes,No,No,No,No,Yes,One year,No,Electronic check,62.26,62.26,Yes
UIXB-93EC0,Male,0,Yes,No,4,Yes,No,DSL,No,Yes,No,No,No,Yes,Two year,Yes,Mailed check,42.68,127.65,No
KTOM-29153,Female,1,No,No,18,Yes,Yes,DSL,No,No,No,No,No,Yes,Month-to-month,Yes,Credit card (automatic),52.8,942.7,No
RMLW-6CE2B,Female,0,No,Yes,38,Yes,No,Fiber optic,No,Yes,Yes,Yes,No,Yes,Month-to-month,Yes,Credit card (automatic),66.25,2481.69,No
BQFG-D28CC,Male,0,No,No,57,Yes,Yes,No,No internet service,No internet service,No internet service,No internet service,No internet service,No internet service,Two year,No,Electronic check,23.13,1383.6,No
FJOP-290AB,Female,0,No,Yes,42,Yes,No,Fiber optic,No,No,No,Yes,No,No,Month-to-month,No,Mailed check,59.03,2382.41,No
MGGR-6EF64,Female,1,No,No,17,Yes,Yes,DSL,Yes,No,Yes,No,No,No,Month-to-month,Yes,Mailed check,43.86,708.58,No
VSEY-39279,Male,0,Yes,Yes,14,No,No phone service,Fiber optic,No,Yes,No,Yes,No,Yes,Month-to-month,Yes,Credit card (automatic),55.56,710.13,No
DGTY-ECF23,Male,0,No,No,33,Yes,Yes,DSL,No,No,Yes,No,No,No,Month-to-month,Yes,Credit card (automatic),51.89,1666.53,Yes
KXUJ-09433,Male,1,Yes,No,53,Yes,Yes,No,No internet service,No internet service,No internet service,No internet service,No internet service,No internet service,Month-to-month,No,Mailed check,37.1,2005.9,No
GIQE-7EFD4,Female,0,Yes,No,62,No,No phone service,DSL,No,No,No,No,No,No,Two year,Yes,Electronic check,33.33,2118.46,No
DWKL-62B33,Female,0,No,No,43,No,No phone service,No,No internet service,No internet service,No internet service,No internet service,No internet service,No internet service,Month-to-month,Yes,Bank transfer (automatic),18.8,794.27,No
TSVS-06657,Male,0,Yes,No,51,Yes,No,DSL,No,Yes,Yes,No,No,Yes,One year,Yes,Electronic check,53.26,2755.58,No
MPYQ-EDB49,Male,1,Yes,No,6,Yes,Yes,DSL,Yes,No,No,No,Yes,No,Month-to-month,Yes,Electronic check,59.6,425.18,Yes
CYEG-E1893,Female,0,No,No,40,Yes,Yes,Fiber optic,No,Yes,Yes,No,No,Yes,Month-to-month,Yes,Credit card (automatic),77.99,3184.24,No
KUSP-85901,Male,0,Yes,Yes,64,No,No phone service,Fiber optic,No,Yes,No,Yes,Yes,No,Month-to-month,No,Credit card (automatic),59.52,3756.42,No
UESA-4F4F4,Male,0,Yes,No,50,Yes,No,Fiber optic,Yes,No,No,No,No,Yes,Month-to-month,No,Credit card (automatic),54.88,2830.42,No
QRQH-C4D6D,Male,0,Yes,No,17,Yes,No,No,No internet service,No internet service,No internet service,No internet service,No internet service,No internet service,Two year,No,Bank transfer (automatic),18.8,354.08,No
ZTLK-6577B,Female,0,No,No,56,Yes,No,No,No internet service,No internet service,No internet service,No internet service,No internet service,No internet service,One year,Yes,Electronic check,26.81,1528.38,No
XWPZ-E7670,Female,0,No,Yes,69,Yes,Yes,DSL,No,No,No,No,No,No,Two year,Yes,Electronic check,48.45,3340.53,No
IJUG-A5518,Female,0,No,Yes,43,Yes,Yes,DSL,No,No,No,Yes,Yes,No,Two year,Yes,Mailed check,55.92,2431.18,No
CFNS-64E55,Female,0,Yes,No,29,Yes,Yes,No,No internet service,No internet service,No internet service,No internet service,No internet service,No internet service,Month-to-month,No,Electronic check,30.35,820.76,Yes
BJFJ-33B7B,Female,0,No,No,25,Yes,No,No,No internet service,No internet service,No internet service,No internet service,No internet service,No internet service,One year,Yes,Mailed check,18.8,435.37,No
ONMK-4E6EC,Female,0,No,Yes,66,Yes,No,DSL,No,Yes,Yes,Yes,No,Yes,Two year,Yes,Electronic check,46.46,3051.5,No
PVRV-CABD3,Male,0,Yes,No,3,Yes,Yes,No,No internet service,No internet service,No internet service,No internet service,No internet service,No internet service,Two year,Yes,Credit card (automatic),23.47,70.21,Yes
WNDD-CCAAD,Female,0,Yes,Yes,38,Yes,No,Fiber optic,No,No,No,Yes,No,No,One year,Yes,Credit card (automatic),51.84,1992.05,No
ZVDU-8CBAD,Female,0,No,No,16,Yes,No,DSL,No,No,No,Yes,Yes,Yes,Two year,Yes,Electronic check,44.86,662.48,Yes
DWJF-BF1F5,Male,0,No,No,53,Yes,No,No,No internet service,No internet service,No internet service,No internet service,No internet service,No internet service,Month-to-month,No,Electronic check,18.8,983.53,No
ZBPN-D7124,Female,0,No,No,38,Yes,Yes,DSL,No,No,No,No,No,Yes,One year,No,Mailed check,64.64,2422.66,Yes
WCVN-9FCAD,Female,0,Yes,Yes,62,Yes,Yes,Fiber optic,Yes,Yes,Yes,No,Yes,No,Month-to-month,No,Electronic check,62.17,3888.63,No
LYUZ-8A7EA,Male,0,No,Yes,49,Yes,No,Fiber optic,No,Yes,Yes,No,Yes,No,Month-to-month,Yes,Electronic check,61.16,2936.96,No
ENDQ-BC275,Male,0,Yes,No,66,Yes,No,DSL,No,No,No,Yes,No,No,Month-to-month,No,Mailed check,36.44,2278.37,No
KYOL-E868D,Male,0,Yes,No,20,Yes,No,Fiber optic,No,No,Yes,No,Yes,Yes,Two year,Yes,Credit card (automatic),65.64,1337.45,No
LQEA-17B3F,Female,1,Yes,No,6,Yes,Yes,Fiber optic,No,No,Yes,No,Yes,No,Month-to-month,No,Credit card (automatic),55.3,302.95,Yes
DSGB-B8AF8,Male,0,No,No,5,Yes,No,DSL,No,No,Yes,No,Yes,Yes,Two year,Yes,Credit card (automatic),55.16,150.34,No
VMJK-5E8E4,Female,0,No,No,54,Yes,No,Fiber optic,No,Yes,No,No,Yes,Yes,Month-to-month,No,Electronic check,60.59,3273.41,Yes
TDHA-E4D61,Female,1,No,Yes,43,Yes,Yes,Fiber optic,No,No,No,No,No,Yes,Month-to-month,Yes,Electronic check,70.59,3061.34,No
IINI-AB289,Female,0,No,Yes,9,Yes,No,No,No internet service,No internet service,No internet service,No internet service,No internet service,No internet service,Month-to-month,Yes,Electronic check,24.47,211.96,Yes
GUGW-75A98,Female,0,Yes,No,3,Yes,No,No,No internet service,No internet service,No internet service,No internet service,No internet service,No internet service,Month-to-month,Yes,Bank transfer (automatic),18.8,61.12,No
RGVQ-3FD2C,Male,0,No,No,42,Yes,No,DSL,Yes,No,No,Yes,No,No,One year,Yes,Electronic check,43.82,1921.33,No
NUJG-31E5F,Male,0,No,No,56,Yes,Yes,Fiber optic,No,Yes,No,No,Yes,Yes,Month-to-month,No,Credit card (automatic),74.56,4153.1,No
FJWJ-C1F9C,Female,0,Yes,No,2,Yes,No,DSL,No,Yes,No,No,No,Yes,Month-to-month,Yes,Bank transfer (automatic),45.48,175.75,No
AZMF-21A3E,Male,0,Yes,Yes,50,Yes,Yes,DSL,No,No,Yes,Yes,No,Yes,Month-to-month,Yes,Credit card (automatic),53.87,2664.89,No
FCWU-8DB26,Female,0,Yes,No,0,Yes,No,Fiber optic,No,Yes,Yes,Yes,No,Yes,Month-to-month,No,Credit card (automatic),61.08,61.08,Yes
XRQE-82A34,Female,0,Yes,No,22,Yes,No,DSL,No,No,Yes,Yes,Yes,No,Two year,Yes,Bank transfer (automatic),43.28,967.23,No
OASL-8BCE2,Female,0,Yes,No,9,Yes,Yes,No,No internet service,No internet service,No internet service,No internet service,No internet service,No internet service,One year,Yes,Credit card (automatic),29.64,375.31,No
LCGO-27E13,Male,1,Yes,No,69,Yes,No,No,No internet service,No internet service,No internet service,No internet service,No internet service,No internet service,Month-to-month,No,Electronic check,18.8,1359.61,Yes
HXTE-B0C3B,Female,0,No,No,1,Yes,Yes,Fiber optic,No,Yes,No,No,Yes,No,One year,Yes,Credit card (automatic),62.8,60.16,Yes
MTJN-EC8E1,Female,0,Yes,Yes,55,Yes,No,Fiber optic,No,Yes,No,No,Yes,No,Month-to-month,No,Bank transfer (automatic),61.52,3391.73,No
SQGK-6A9CA,Male,0,Yes,No,1,Yes,No,No,No internet service,No internet service,No internet service,No internet service,No internet service,No internet service,One year,No,Mailed check,18.8,101.41,No
ZVOA-526F6,Male,0,No,Yes,5,Yes,No,DSL,No,No,No,No,No,No,Month-to-month,No,Credit card (automatic),40.8,243.43,No
VLOA-B37F3,Male,0,Yes,No,43,Yes,Yes,DSL,No,Yes,Yes,No,Yes,No,Month-to-month,No,Bank transfer (automatic),47.98,2026.8,No
YVBJ-F7CE0,Male,0,No,Yes,36,Yes,Yes,DSL,Yes,No,No,No,No,No,Month-to-month,No,Electronic check,40.73,1506.06,No
TXPY-BA1CD,Female,0,No,Yes,29,Yes,Yes,Fiber optic,Yes,No,No,Yes,No,Yes,One year,Yes,Credit card (automatic),77.04,2228.33,No
IEOY-BC864,Male,0,Yes,Yes,47,No,No phone service,No,No internet service,No internet service,No internet service,No internet service,No internet service,No internet service,One year,Yes,Electronic check,19.56,869.52,Yes
UQTV-FD728,Female,0,Yes,Yes,49,Yes,No,DSL,No,No,No,Yes,No,No,Month-to-month,No,Mailed check,48.21,2378.2,No
LYBW-A130E,Male,0,Yes,No,2,No,No phone service,DSL,Yes,No,Yes,No,No,Yes,One year,No,Credit card (automatic),40.92,30.54,No
QQNK-2B23F,Male,1,Yes,No,4,Yes,No,No,No internet service,No internet service,No internet service,No internet service,No internet service,No internet service,Month-to-month,Yes,Electronic check,28.91,116.49,Yes
CYCM-91EF3,Male,1,Yes,No,12,Yes,Yes,No,No internet service,No internet service,No internet service,No internet service,No internet service,No internet service,Month-to-month,Yes,Electronic check,25.33,386.51,No
FTJA-C56A9,Male,0,Yes,No,24,Yes,No,Fiber optic,Yes,No,No,No,No,No,Two year,No,Mailed check,52.06,1202.69,Yes
VUYX-A87A0,Male,0,Yes,Yes,8,Yes,Yes,DSL,No,No,No,No,No,No,Month-to-month,No,Mailed check,43.76,339.02,Yes
KHOY-7965A,Male,0,No,No,11,Yes,No,DSL,No,Yes,Yes,No,No,Yes,Month-to-month,No,Bank transfer (automatic),43.26,575.31,No
GWCF-C166E,Female,0,Yes,Yes,55,Yes,Yes,No,No internet service,No internet service,No internet service,No internet service,No internet service,No internet service,Month-to-month,Yes,Electronic check,30.8,1708.48,No
ELLV-82D2B,Male,1,No,Yes,32,Yes,No,DSL,Yes,No,No,Yes,No,No,Month-to-month,Yes,Credit card (automatic),38.24,1284.77,No
HDEY-F9CE5,Male,0,Yes,Yes,7,Yes,No,No,No internet service,No internet service,No internet service,No internet service,No internet service,No internet service,Month-to-month,Yes,Electronic check,20.52,84.45,No
TNEN-0941B,Male,0,No,No,29,Yes,No,No,No internet service,No internet service,No internet service,No internet service,No internet service,No internet service,Month-to-month,No,Bank transfer (automatic),21.02,628.04,Yes
JLCC-E96AB,Male,1,Yes,Yes,3,No,No phone service,Fiber optic,Yes,No,Yes,No,Yes,No,Month-to-month,Yes,Electronic check,52.6,126.19,Yes
CXRI-41453,Female,1,No,No,8,Yes,No,No,No internet service,No internet service,No internet service,No internet service,No internet service,No internet service,Month-to-month,No,Mailed check,18.8,148.2,Yes
RGMO-121BB,Male,0,Yes,No,35,Yes,No,DSL,No,No,No,No,Yes,Yes,Month-to-month,Yes,Electronic check,54.34,1861.77,No
DTVC-1C459,Male,0,No,No,10,Yes,No,No,No internet service,No internet service,No internet service,No internet service,No internet service,No internet service,Two year,Yes,Mailed check,18.8,154.95,No
BLIV-B4A67,Male,0,Yes,No,0,Yes,No,Fiber optic,No,No,Yes,Yes,Yes,No,Two year,No,Bank transfer (automatic),68.17,68.17,Yes
THPK-A6E61,Male,0,No,No,72,Yes,Yes,DSL,No,No,No,Yes,No,No,Two year,Yes,Bank transfer (automatic),47.47,3304.14,No
MGLX-10462,Female,0,Yes,No,0,Yes,Yes,No,No internet service,No internet service,No internet service,No internet service,No internet service,No internet service,Two year,No,Electronic check,29.89,29.89,Yes
SPSK-EAE1A,Male,0,No,Yes,14,Yes,No,No,No internet service,No internet service,No internet service,No internet service,No internet service,No internet service,Month-to-month,No,Credit card (automatic),24.58,329.95,No
IFEF-17C72,Female,0,Yes,No,22,Yes,No,Fiber optic,No,No,Yes,No,No,No,Two year,No,Electronic check,47.61,1061.85,Yes
SEWJ-04DE6,Male,0,Yes,Yes,5,Yes,No,Fiber optic,Yes,Yes,Yes,Yes,Yes,No,Month-to-month,No,Electronic check,63.52,300.57,No
ZGKL-367B7,Female,0,Yes,No,6,No,No phone service,No,No internet service,No internet service,No internet service,No internet service,No internet service,No internet service,Month-to-month,Yes,Credit card (automatic),18.8,22.97,Yes
CMWA-F2024,Female,0,Yes,No,56,Yes,No,No,No internet service,No internet service,No internet service,No internet service,No internet service,No internet service,Month-to-month,No,Electronic check,30.15,1639.04,No
JVPQ-E23FC,Male,0,No,No,8,Yes,Yes,Fiber optic,No,No,Yes,No,No,No,Month-to-month,Yes,Credit card (automatic),67.18,529.68,Yes
BFJA-9A536,Male,0,No,No,11,Yes,Yes,Fiber optic,No,No,Yes,No,No,No,Month-to-month,Yes,Mailed check,61.71,646.39,No
XSYO-10383,Female,0,Yes,Yes,71,Yes,Yes,Fiber optic,No,No,No,No,Yes,Yes,One year,Yes,Credit card (automatic),78.09,5448.93,No
IXBC-6CD44,Female,0,No,No,9,No,No phone service,Fiber optic,No,No,No,No,Yes,No,Month-to-month,Yes,Electronic check,57.58,551.2,Yes
PWEX-C4AA0,Male,0,No,No,40,Yes,No,DSL,No,No,Yes,No,No,Yes,Month-to-month,No,Mailed check,42.63,1777.56,No
KGBM-B81D1,Female,0,No,No,32,Yes,Yes,No,No internet service,No internet service,No internet service,No internet service,No internet service,No internet service,Month-to-month,Yes,Electronic check,25.96,730.2,Yes
KOYT-36D3E,Female,0,Yes,Yes,60,Yes,No,Fiber optic,No,Yes,Yes,Yes,No,Yes,Month-to-month,Yes,Mailed check,65.64,3966.82,No
NQRZ-B69B9,Female,0,Yes,No,58,Yes,No,DSL,No,No,No,No,No,Yes,One year,No,Electronic check,38.04,2158.8,No
AXHQ-91E1F,Male,0,No,No,2,Yes,Yes,DSL,Yes,Yes,No,Yes,No,No,Month-to-month,Yes,Mailed check,51.59,169.3,Yes
XPYW-ECECE,Female,0,Yes,No,66,Yes,Yes,DSL,No,No,Yes,No,Yes,No,Month-to-month,Yes,Bank transfer (automatic),56.24,3676.41,No
CLMX-77CA9,Female,0,No,No,22,Yes,Yes,DSL,Yes,No,Yes,No,Yes,No,Month-to-month,Yes,Credit card (automatic),54.5,1228.05,No
XVSY-080C2,Female,0,No,No,9,Yes,No,Fiber optic,No,Yes,No,No,No,No,Two year,Yes,Bank transfer (automatic),46.27,433.8,No
OUQB-7CFED,Male,0,Yes,No,39,Yes,No,No,No internet service,No internet service,No internet service,No internet service,No internet service,No internet service,Two year,No,Bank transfer (automatic),24.9,916.77,No
HTEI-47EDE,Male,0,Yes,No,37,Yes,Yes,DSL,No,Yes,No,No,No,No,Month-to-month,Yes,Electronic check,40.94,1533.96,No
YAZW-B1BA1,Female,1,No,No,51,No,No phone service,No,No internet service,No internet service,No internet service,No internet service,No internet service,No internet service,Two year,Yes,Electronic check,21.85,1081.27,No
FTEJ-9D40D,Male,0,Yes,No,35,Yes,Yes,DSL,No,No,No,No,No,Yes,Two year,No,Credit card (automatic),42.87,1442.37,No
YWMS-2A9AB,Female,0,Yes,No,41,Yes,No,Fiber optic,Yes,No,No,No,Yes,No,One year,Yes,Electronic check,65.24,2644.84,No
XUAS-B8914,Male,0,Yes,Yes,3,Yes,Yes,No,No internet service,No internet service,No internet service,No internet service,No internet service,No internet service,Month-to-month,No,Credit card (automatic),27.46,65.13,Yes
WAZF-C309C,Male,0,No,No,34,Yes,No,Fiber optic,No,No,No,No,No,No,Month-to-month,Yes,Credit card (automatic),47.55,1681.09,Yes
CHHZ-41F17,Female,0,Yes,No,31,Yes,No,DSL,No,Yes,No,Yes,No,No,One year,No,Credit card (automatic),37.79,1177.44,No
EGTD-A9B25,Male,0,No,No,5,No,No phone service,Fiber optic,No,No,No,No,No,No,Two year,No,Credit card (automatic),51.96,168.8,Yes
AWZL-82EC1,Male,0,Yes,Yes,47,Yes,Yes,Fiber optic,Yes,No,Yes,No,Yes,No,Month-to-month,No,Mailed check,66.4,3158.38,Yes
NEPR-67B20,Male,0,Yes,No,4,Yes,Yes,DSL,No,Yes,Yes,No,Yes,No,Month-to-month,No,Credit card (automatic),40.84,153.32,Yes
KMHL-1BC4A,Female,0,No,No,6,Yes,Yes,DSL,No,No,No,No,Yes,No,Month-to-month,No,Mailed check,47.79,296.78,Yes
GKIZ-7A3EA,Male,1,No,No,3,Yes,No,DSL,Yes,Yes,No,Yes,No,No,One year,Yes,Mailed check,44.78,154.77,Yes
CINK-C886D,Male,0,Yes,Yes,0,Yes,Yes,DSL,Yes,No,Yes,Yes,No,No,One year,Yes,Credit card (automatic),51.71,51.71,No
SSRR-C3825,Female,0,No,Yes,29,Yes,Yes,Fiber optic,Yes,No,No,No,No,No,Month-to-month,No,Mailed check,55.09,1568.12,No
HFOL-7D51C,Male,0,Yes,No,69,Yes,Yes,No,No internet service,No internet service,No internet service,No internet service,No internet service,No internet service,Month-to-month,Yes,Credit card (automatic),33.06,2250.9,No
FZRG-9EE60,Male,0,No,No,70,Yes,No,DSL,No,No,No,No,No,Yes,One year,No,Electronic check,57.99,3959.6,No
CWRS-BC863,Male,0,Yes,No,43,Yes,Yes,Fiber optic,Yes,No,No,No,Yes,Yes,Month-to-month,Yes,Electronic check,76.45,3284.5,Yes
HTAD-CA203,Male,0,No,No,59,Yes,Yes,DSL,Yes,No,Yes,No,No,Yes,One year,No,Credit card (automatic),49.44,2866.36,No
DHVW-44D63,Male,0,No,No,68,Yes,No,Fiber optic,No,No,No,No,No,No,One year,No,Bank transfer (automatic),47.86,3134.92,No
TMXW-CF880,Female,0,Yes,No,48,No,No phone service,No,No internet service,No internet service,No internet service,No internet service,No internet service,No internet service,Month-to-month,Yes,Mailed check,18.8,935.88,Yes
EEXG-96C5F,Female,0,No,Yes,53,Yes,Yes,DSL,Yes,No,No,Yes,No,Yes,One year,No,Bank transfer (automatic),62.33,3348.67,Yes
NGKJ-B50CF,Male,0,No,Yes,5,Yes,No,No,No internet service,No internet service,No internet service,No internet service,No internet service,No internet service,Two year,Yes,Mailed check,18.8,59.29,No
GVBI-069FD,Male,0,Yes,No,34,Yes,Yes,DSL,Yes,No,No,Yes,Yes,Yes,One year,No,Electronic check,67.06,2315.53,No
YQKX-0DF0A,Male,0,No,No,9,Yes,Yes,DSL,No,No,No,No,Yes,No,Month-to-month,Yes,Credit card (automatic),41.77,301.61,No
WSZH-AD18F,Female,1,No,No,45,Yes,No,DSL,No,No,No,Yes,Yes,No,One year,Yes,Bank transfer (automatic),49.54,2172.41,No
MVTH-5769A,Female,1,No,No,7,Yes,No,DSL,No,No,No,No,No,No,Month-to-month,Yes,Bank transfer (automatic),37.01,230.9,No
KQRZ-D9255,Male,0,No,No,41,Yes,No,DSL,No,No,Yes,No,No,No,Month-to-month,Yes,Credit card (automatic),36.2,1501.94,No
HYNZ-1B9C6,Male,0,No,No,7,Yes,No,Fiber optic,No,Yes,No,No,Yes,Yes,One year,Yes,Bank transfer (automatic),67.68,439.36,Yes
NJSF-A7C02,Female,0,No,No,21,No,No phone service,Fiber optic,No,No,Yes,No,No,Yes,Month-to-month,Yes,Mailed check,66.38,1285.4,No
PJHY-E18AC,Male,0,No,Yes,1,Yes,No,DSL,Yes,No,Yes,No,No,No,Month-to-month,No,Electronic check,27.11,38.76,Yes
FWRW-AD038,Female,0,Yes,No,47,Yes,No,DSL,No,Yes,No,Yes,Yes,Yes,Month-to-month,Yes,Electronic check,61.87,2921.08,No
HFSZ-8996A,Female,1,No,No,7,Yes,Yes,DSL,No,No,No,No,No,No,Two year,Yes,Electronic check,53.2,330.84,No
UCHE-CAAA8,Male,0,Yes,No,48,Yes,Yes,No,No internet service,No internet service,No internet service,No internet service,No internet service,No internet service,Month-to-month,Yes,Mailed check,36.84,1741.12,No
VESV-3B126,Female,0,No,No,67,Yes,Yes,DSL,No,No,No,Yes,Yes,No,Month-to-month,Yes,Electronic check,64.99,4260.72,No
ZJLT-CA0D4,Male,0,No,No,70,Yes,No,DSL,Yes,No,Yes,No,Yes,Yes,One year,Yes,Electronic check,56.81,4016.27,No
NTHR-823C0,Male,0,Yes,No,19,Yes,No,DSL,No,No,No,Yes,Yes,No,Month-to-month,Yes,Credit card (automatic),53.59,970.8,Yes
JMJK-F0FBE,Male,0,Yes,No,9,Yes,Yes,DSL,No,No,Yes,No,Yes,Yes,Month-to-month,Yes,Bank transfer (automatic),53.35,523.3,No
QYBS-BE188,Male,0,Yes,Yes,59,Yes,No,Fiber optic,No,No,No,No,No,No,Month-to-month,No,Credit card (automatic),52.8,3098.59,Yes
CQMM-ABA6F,Male,0,Yes,No,52,Yes,No,DSL,Yes,No,Yes,No,Yes,Yes,Month-to-month,No,Credit card (automatic),36.46,1972.55,Yes
FIMI-5E287,Male,0,No,Yes,40,Yes,No,DSL,No,No,No,No,No,No,Month-to-month,Yes,Mailed check,43.81,1830.74,No
CFHM-696C5,Female,1,Yes,No,27,No,No phone service,No,No internet service,No internet service,No internet service,No internet service,No internet service,No internet service,One year,Yes,Bank transfer (automatic),23.53,639.02,No
WZRC-ED85B,Female,0,No,No,62,Yes,No,No,No internet service,No internet service,No internet service,No internet service,No internet service,No internet service,Month-to-month,No,Credit card (automatic),21.98,1433.06,No
QUQV-FC5ED,Female,1,No,No,3,Yes,No,No,No internet service,No internet service,No internet service,No internet service,No internet service,No internet service,Two year,Yes,Bank transfer (automatic),18.8,102.12,No
MBYO-691D2,Female,0,No,Yes,9,Yes,No,No,No internet service,No internet service,No internet service,No internet service,No internet service,No internet service,Month-to-month,Yes,Bank transfer (automatic),22.33,242.78,No
GORA-92F57,Male,0,Yes,No,58,Yes,No,Fiber optic,Yes,Yes,Yes,No,No,No,Month-to-month,No,Bank transfer (automatic),55.38,3222.96,Yes
QEEY-93AEC,Female,0,No,No,52,No,No phone service,No,No internet service,No internet service,No internet service,No internet service,No internet service,No internet service,Month-to-month,No,Mailed check,19.63,979.13,No
KRXG-CF5E0,Female,0,Yes,Yes,4,Yes,No,Fiber optic,No,Yes,No,No,Yes,Yes,One year,No,Electronic check,74.06,249.06,No
JHAP-86D3D,Female,0,No,No,8,Yes,No,No,No internet service,No internet service,No internet service,No internet service,No internet service,No internet service,Month-to-month,Yes,Electronic check,23.8,217.35,No
QXAZ-0BC20,Male,0,No,No,54,Yes,Yes,No,No internet service,No internet service,No internet service,No internet service,No internet service,No internet service,Month-to-month,Yes,Electronic check,28.7,1537.85,No
ADDZ-3C0A7,Female,0,Yes,No,57,Yes,No,Fiber optic,No,No,No,No,No,No,Two year,No,Bank transfer (automatic),50.74,2919.04,No
OUFA-3C9ED,Male,0,Yes,No,29,Yes,No,No,No internet service,No internet service,No internet service,No internet service,No internet service,No internet service,Month-to-month,Yes,Credit card (automatic),20.03,570.76,No
DBAE-70D7B,Female,0,Yes,No,64,Yes,Yes,DSL,No,No,No,No,Yes,No,Two year,Yes,Mailed check,39.99,2575.77,No
WALR-FD34C,Male,0,No,Yes,28,Yes,No,DSL,No,No,No,No,Yes,No,Two year,Yes,Credit card (automatic),44.76,1270.36,No
QGMY-35EA3,Male,0,Yes,No,28,Yes,Yes,Fiber optic,No,Yes,No,No,No,No,Month-to-month,Yes,Electronic check,59.94,1700.5,Yes
HVHS-735BC,Female,0,No,No,57,Yes,No,Fiber optic,No,No,Yes,No,No,Yes,Month-to-month,Yes,Bank transfer (automatic),62.28,3587.58,No
AXGQ-44EBE,Male,0,Yes,No,46,Yes,No,No,No internet service,No internet service,No internet service,No internet service,No internet service,No internet service,Month-to-month,No,Electronic check,30.94,1348.15,Yes
AHBM-7F3AF,Male,0,No,No,44,Yes,Yes,No,No internet service,No internet service,No internet service,No internet service,No internet service,No internet service,Two year,Yes,Credit card (automatic),30.09,1266.93,Yes
BLKA-64438,Female,0,Yes,No,54,No,No phone service,Fiber optic,Yes,Yes,Yes,Yes,Yes,Yes,Two year,Yes,Mailed check,71.88,3885.41,No
KTJR-85DB8,Female,1,Yes,No,51,Yes,Yes,DSL,No,Yes,No,No,No,No,Month-to-month,Yes,Mailed check,43.23,2165.28,No
NTUS-13696,Female,0,Yes,No,70,Yes,No,DSL,No,No,No,No,No,No,Two year,No,Credit card (automatic),28.4,2101.86,No
VJOS-68B6F,Male,0,No,No,9,Yes,Yes,Fiber optic,Yes,No,No,Yes,No,No,Month-to-month,Yes,Mailed check,71.2,654.19,Yes
NUSV-A8C7D,Male,1,No,No,71,Yes,Yes,Fiber optic,Yes,No,Yes,No,No,Yes,Month-to-month,Yes,Credit card (automatic),68.51,4826.8,No
NTFE-9DB5D,Male,1,Yes,No,6,Yes,Yes,DSL,No,Yes,Yes,No,Yes,No,Month-to-month,Yes,Bank transfer (automatic),64.23,445.21,No
ROZU-41422,Female,0,Yes,Yes,15,Yes,No,DSL,No,No,No,No,Yes,Yes,Month-to-month,No,Electronic check,50.24,626.59,No
NZQL-3C807,Male,1,Yes,No,56,Yes,No,Fiber optic,No,No,No,No,No,No,Month-to-month,No,Electronic check,37.56,2109.47,No
EMBF-D213E,Male,0,No,Yes,8,Yes,Yes,No,No internet service,No internet service,No internet service,No internet service,No internet service,No internet service,Two year,No,Credit card (automatic),31.69,256.26,No
YRUX-4608E,Male,0,Yes,No,8,Yes,No,DSL,No,Yes,No,No,Yes,No,Two year,No,Electronic check,37.27,358.15,Yes
ASMZ-9618F,Male,0,No,No,69,Yes,Yes,Fiber optic,No,No,No,No,Yes,No,Month-to-month,No,Electronic check,70.83,4965.08,No
AAXG-9977B,Male,0,No,Yes,58,Yes,Yes,Fiber optic,No,Yes,No,Yes,Yes,Yes,Month-to-month,No,Credit card (automatic),79.08,4640.08,No
GEZA-3B951,Male,0,No,No,8,No,No phone service,Fiber optic,No,No,No,No,No,Yes,One year,No,Mailed check,57.13,450.23,No
JBOM-EC78B,Male,0,No,Yes,54,Yes,No,No,No internet service,No internet service,No internet service,No internet service,No internet service,No internet service,Month-to-month,Yes,Bank transfer (automatic),19.13,1080.11,No
HPAY-FE3C9,Female,1,Yes,No,53,No,No phone service,DSL,No,No,No,No,No,No,Month-to-month,No,Credit card (automatic),35.37,1918.16,No
ZAKC-F201F,Female,0,No,No,0,Yes,No,No,No internet service,No internet service,No internet service,No internet service,No internet service,No internet service,Month-to-month,Yes,Electronic check,20.04,20.04,No
NCKL-C31B6,Female,0,Yes,Yes,15,Yes,No,DSL,No,No,Yes,Yes,No,No,Month-to-month,Yes,Bank transfer (automatic),38.69,582.95,Yes
DLLG-31D08,Male,0,Yes,No,19,Yes,No,Fiber optic,Yes,Yes,No,No,Yes,Yes,Two year,Yes,Electronic check,61.16,1191.11,No
AUKZ-05616,Male,0,No,No,68,Yes,Yes,DSL,No,Yes,No,No,Yes,No,Month-to-month,Yes,Electronic check,56.29,3815.83,Yes
LLNE-37A67,Female,0,Yes,No,37,No,No phone service,No,No internet service,No internet service,No internet service,No internet service,No internet service,No internet service,One year,Yes,Mailed check,18.8,695.78,No
ZQBJ-0ED74,Male,0,Yes,No,9,No,No phone service,DSL,No,No,No,No,Yes,No,Month-to-month,Yes,Electronic check,52.78,494.59,No
SEUW-2829A,Female,1,Yes,No,9,Yes,Yes,Fiber optic,Yes,No,No,No,No,Yes,Two year,Yes,Mailed check,68.1,533.47,No
AYGM-4ECF6,Male,0,Yes,Yes,56,Yes,Yes,No,No internet service,No internet service,No internet service,No internet service,No internet service,No internet service,Month-to-month,No,Electronic check,35.72,1995.91,No
OPFY-DF722,Male,0,Yes,No,49,Yes,Yes,Fiber optic,No,Yes,No,Yes,Yes,No,Two year,Yes,Bank transfer (automatic),74.63,3676.09,No
OVST-CDE5B,Female,0,Yes,No,13,Yes,No,No,No internet service,No internet service,No internet service,No internet service,No internet service,No internet service,Month-to-month,No,Bank transfer (automatic),18.8,140.75,No
HRBB-38E98,Female,0,Yes,No,38,Yes,No,No,No internet service,No internet service,No internet service,No internet service,No internet service,No internet service,Month-to-month,Yes,Electronic check,18.8,706.32,Yes
SXPT-6F7EF,Female,1,No,Yes,0,Yes,Yes,DSL,No,Yes,Yes,No,Yes,Yes,One year,No,Electronic check,53.88,53.88,Yes
WIJU-E9C7D,Female,0,No,No,20,Yes,Yes,Fiber optic,No,Yes,No,No,Yes,No,Two year,No,Electronic check,77.12,1568.6,No
KQNV-CD13E,Female,0,No,No,20,Yes,No,Fiber optic,No,Yes,Yes,No,Yes,No,Month-to-month,Yes,Bank transfer (automatic),59.18,1237.14,Yes
DUQJ-00E1B,Male,0,No,No,69,Yes,No,No,No internet service,No internet service,No internet service,No internet service,No internet service,No internet service,Month-to-month,Yes,Credit card (automatic),22.7,1691.99,No
DKCQ-1AFBA,Male,0,No,No,20,Yes,No,DSL,No,No,Yes,No,No,Yes,Two year,No,Bank transfer (automatic),39.73,751.69,No
XVTO-691EE,Male,0,No,No,6,Yes,No,Fiber optic,No,No,No,Yes,No,No,Month-to-month,Yes,Electronic check,54.38,334.39,No
GTSW-EBE57,Female,0,No,No,22,Yes,No,DSL,No,Yes,No,Yes,No,No,Two year,Yes,Credit card (automatic),49.64,1084.17,No
DWHN-24A48,Female,0,No,No,1,No,No phone service,Fiber optic,Yes,No,Yes,Yes,No,Yes,One year,Yes,Credit card (automatic),54.94,72.85,No
LPGM-081BD,Female,0,Yes,No,34,Yes,No,DSL,No,Yes,Yes,No,Yes,Yes,Month-to-month,Yes,Mailed check,64.02,2192.76,Yes
KWKW-886EB,Female,0,No,No,6,Yes,Yes,DSL,Yes,No,Yes,No,No,Yes,Month-to-month,No,Credit card (automatic),52.0,276.48,Yes
MUMW-7C499,Female,0,No,No,5,Yes,No,Fiber optic,No,No,Yes,No,No,Yes,Month-to-month,Yes,Electronic check,46.55,257.4,Yes
NLAZ-32C1C,Female,0,No,No,58,Yes,No,No,No internet service,No internet service,No internet service,No internet service,No internet service,No internet service,One year,No,Electronic check,18.8,1078.37,No
JSFS-F8895,Male,0,No,Yes,7,Yes,No,Fiber optic,No,No,Yes,Yes,No,No,One year,No,Electronic check,51.97,365.51,No
OQAL-83768,Male,1,Yes,Yes,5,Yes,No,Fiber optic,Yes,No,No,No,No,No,Month-to-month,Yes,Electronic check,47.15,168.74,No
HXQQ-D0429,Male,0,Yes,No,35,Yes,No,Fiber optic,Yes,No,No,No,Yes,No,One year,Yes,Electronic check,57.6,2025.93,No
ISYJ-57755,Male,0,No,No,42,Yes,No,Fiber optic,Yes,Yes,No,No,No,Yes,Two year,Yes,Mailed check,56.43,2397.06,Yes
JMLL-4A73C,Male,0,No,Yes,49,Yes,No,Fiber optic,No,No,No,No,No,Yes,Month-to-month,Yes,Bank transfer (automatic),52.74,2535.31,No
WKNY-53577,Female,0,Yes,No,11,Yes,Yes,Fiber optic,No,No,No,No,No,Yes,Month-to-month,No,Electronic check,70.23,840.22,Yes
PHOC-F4526,Female,0,Yes,No,7,Yes,No,Fiber optic,No,No,Yes,No,Yes,No,One year,No,Electronic check,67.38,410.13,No
ZPRP-5C5CF,Female,1,No,No,69,Yes,Yes,DSL,No,Yes,Yes,No,Yes,No,Month-to-month,Yes,Electronic check,50.56,3617.32,No
AETD-B39A5,Female,0,Yes,No,25,Yes,No,No,No internet service,No internet service,No internet service,No internet service,No internet service,No internet service,Two year,Yes,Mailed check,18.93,492.9,Yes
WXFT-A4D44,Female,0,Yes,No,70,Yes,Yes,Fiber optic,Yes,Yes,No,Yes,No,Yes,Month-to-month,No,Bank transfer (automatic),77.24,5472.01,No
SDXJ-7AEC6,Female,0,Yes,Yes,5,Yes,No,Fiber optic,No,Yes,No,Yes,Yes,No,One year,Yes,Mailed check,62.16,287.98,No
TKNR-80021,Male,1,Yes,No,55,Yes,Yes,Fiber optic,No,Yes,Yes,No,Yes,Yes,Month-to-month,Yes,Bank transfer (automatic),77.01,4206.15,No
SEGI-2D133,Female,0,Yes,No,0,Yes,Yes,DSL,No,No,No,Yes,No,No,Month-to-month,Yes,Mailed check,49.08,49.08,No
CGEI-2FCA9,Female,0,No,No,41,Yes,Yes,Fiber optic,Yes,No,Yes,No,No,No,One year,Yes,Electronic check,61.7,2594.83,No
SYDN-37EAA,Female,1,Yes,No,9,Yes,No,Fiber optic,No,No,Yes,No,Yes,Yes,Two year,Yes,Mailed check,73.5,688.47,Yes
CVSJ-59C8D,Female,0,Yes,Yes,59,Yes,No,No,No internet service,No internet service,No internet service,No internet service,No internet service,No internet service,One year,Yes,Credit card (automatic),30.2,1806.87,No
FRVS-57742,Male,0,No,No,0,Yes,Yes,Fiber optic,No,No,No,No,No,No,Two year,No,Electronic check,57.16,57.16,No
EQFU-C65F0,Male,0,No,No,11,Yes,Yes,Fiber optic,No,Yes,No,No,Yes,No,Two year,Yes,Mailed check,71.91,824.9,Yes
GRWL-B3E9B,Female,0,Yes,No,25,Yes,Yes,No,No internet service,No internet service,No internet service,No internet service,No internet service,No internet service,Two year,Yes,Bank transfer (automatic),33.55,808.15,No
EMSK-FD2D6,Male,0,No,Yes,44,Yes,Yes,Fiber optic,No,No,No,No,No,No,Month-to-month,Yes,Credit card (automatic),55.24,2402.53,Yes
PKSL-79360,Male,0,No,No,35,Yes,No,DSL,Yes,No,No,Yes,No,Yes,Month-to-month,Yes,Bank transfer (automatic),55.12,1877.37,No
BQHR-CA68C,Female,0,No,Yes,46,Yes,Yes,No,No internet service,No internet service,No internet service,No internet service,No internet service,No internet service,Two year,Yes,Electronic check,29.93,1415.52,No
IKGF-112CA,Female,0,No,No,59,Yes,No,Fiber optic,No,No,No,No,No,Yes,Month-to-month,No,Mailed check,55.77,3339.15,Yes
CTTX-F18D3,Female,0,No,No,51,Yes,Yes,No,No internet service,No internet service,No internet service,No internet service,No internet service,No internet service,Month-to-month,Yes,Electronic check,29.21,1495.31,No
PCHZ-B4F36,Female,0,Yes,No,42,Yes,No,Fiber optic,No,Yes,Yes,No,Yes,No,Two year,No,Mailed check,52.32,2232.99,No
LQGG-A3225,Female,0,No,No,48,Yes,Yes,Fiber optic,No,No,No,Yes,Yes,No,Two year,No,Mailed check,76.82,3681.19,No
AASO-24ACD,Male,0,No,No,71,Yes,No,Fiber optic,No,No,No,No,Yes,Yes,Month-to-month,No,Bank transfer (automatic),50.77,3600.07,No
FWLH-91779,Female,0,Yes,Yes,1,Yes,No,DSL,No,Yes,No,Yes,No,No,Two year,Yes,Electronic check,40.84,0.0,No
EBJZ-98A83,Female,0,No,No,44,Yes,Yes,No,No internet service,No internet service,No internet service,No internet service,No internet service,No internet service,Month-to-month,Yes,Credit card (automatic),32.84,1449.38,Yes
ZFQW-AF2A1,Female,0,No,No,32,Yes,Yes,Fiber optic,No,No,No,Yes,No,No,Month-to-month,Yes,Credit card (automatic),70.15,2214.61,Yes
OERI-2DE23,Male,0,No,Yes,3,Yes,Yes,Fiber optic,No,Yes,No,No,Yes,Yes,Month-to-month,Yes,Bank transfer (automatic),79.43,214.99,Yes
ARXF-7B7CC,Female,0,Yes,Yes,48,Yes,No,DSL,No,No,No,No,No,No,Month-to-month,Yes,Bank transfer (automatic),38.72,1885.89,Yes
TSLK-9190B,Female,0,Yes,No,54,Yes,Yes,No,No internet service,No internet service,No internet service,No internet service,No internet service,No internet service,Month-to-month,Yes,Bank transfer (automatic),28.88,1680.93,Yes
PMHN-AAE20,Female,0,No,No,16,Yes,No,No,No internet service,No internet service,No internet service,No internet service,No internet service,No internet service,Two year,Yes,Bank transfer (automatic),18.8,257.76,No
QEDH-B161D,Male,0,Yes,No,11,Yes,No,Fiber optic,Yes,Yes,No,Yes,Yes,No,One year,No,Credit card (automatic),65.46,750.42,No
TCHL-727D3,Female,0,No,No,20,No,No phone service,DSL,No,No,No,No,Yes,No,Month-to-month,No,Electronic check,39.63,885.36,No
DKMH-11C24,Female,0,Yes,No,55,No,No phone service,DSL,No,No,No,No,Yes,No,Month-to-month,No,Electronic check,51.72,2769.13,Yes
TPAE-75F10,Female,0,No,No,20,No,No phone service,DSL,No,No,No,No,Yes,Yes,Month-to-month,Yes,Electronic check,47.43,970.93,Yes
OYAV-F66FA,Male,0,No,Yes,8,Yes,No,Fiber optic,No,No,No,Yes,No,Yes,Two year,No,Electronic check,62.16,471.44,Yes
OHYG-6D8CF,Female,0,Yes,No,34,Yes,No,No,No internet service,No internet service,No internet service,No internet service,No internet service,No internet service,Month-to-month,No,Mailed check,18.8,611.25,Yes
QETP-21E17,Female,0,Yes,No,14,Yes,No,Fiber optic,No,No,No,No,No,Yes,Month-to-month,No,Mailed check,64.51,856.55,Yes
ZWVT-74E96,Female,0,Yes,No,57,Yes,No,Fiber optic,No,Yes,No,No,Yes,Yes,Month-to-month,Yes,Electronic check,70.72,3995.76,Yes
ZJAP-699A5,Male,1,Yes,No,65,Yes,No,Fiber optic,No,No,No,No,Yes,No,Two year,Yes,Electronic check,58.81,3883.99,No
GIZT-6EC8C,Female,0,No,No,54,Yes,No,DSL,No,No,No,Yes,No,No,Two year,Yes,Electronic check,33.96,1760.88,No
YOCL-3B176,Female,0,No,No,4,Yes,No,DSL,Yes,No,No,No,No,No,Month-to-month,No,Bank transfer (automatic),32.35,119.61,No
KQOF-C72A6,Female,0,Yes,No,1,Yes,No,Fiber optic,No,Yes,No,No,Yes,No,One year,No,Bank transfer (automatic),58.72,148.87,No
QTQY-96F8B,Male,0,Yes,No,56,Yes,No,DSL,No,No,Yes,No,No,Yes,Month-to-month,Yes,Bank transfer (automatic),43.07,2437.04,No
IXYY-6DA1E,Male,0,Yes,Yes,56,Yes,No,Fiber optic,No,No,No,No,No,No,One year,No,Mailed check,43.72,2390.92,No
NNJW-16933,Female,0,No,No,40,Yes,No,DSL,Yes,No,Yes,Yes,No,No,Month-to-month,No,Electronic check,27.01,1097.23,No
QPVV-06DF1,Male,0,Yes,Yes,25,No,No phone service,No,No internet service,No internet service,No internet service,No internet service,No internet service,No internet service,Month-to-month,Yes,Credit card (automatic),19.99,528.06,No
TGUL-13FC0,Male,0,No,Yes,21,Yes,Yes,No,No internet service,No internet service,No internet service,No internet service,No internet service,No internet service,One year,Yes,Credit card (automatic),29.95,720.48,No
YVOA-6255B,Male,0,No,No,28,Yes,No,Fiber optic,Yes,Yes,Yes,No,No,No,Month-to-month,No,Credit card (automatic),49.82,1429.07,Yes
TEXR-ACBC4,Female,0,No,No,0,Yes,Yes,Fiber optic,No,Yes,No,No,Yes,No,Two year,Yes,Electronic check,69.9,69.9,No
RZTK-AEACE,Female,1,No,No,35,Yes,No,Fiber optic,Yes,Yes,No,No,No,Yes,Month-to-month,No,Bank transfer (automatic),59.96,2065.67,No
JIIJ-A7FAA,Male,0,No,No,21,Yes,Yes,Fiber optic,No,No,No,No,Yes,No,Month-to-month,No,Mailed check,71.57,1442.44,No
YWAZ-E538F,Male,1,No,Yes,61,Yes,No,No,No internet service,No internet service,No internet service,No internet service,No internet service,No internet service,Two year,No,Electronic check,18.8,1125.88,No
PPFX-C04EB,Male,0,No,Yes,72,No,No phone service,No,No internet service,No internet service,No internet service,No internet service,No internet service,No internet service,Month-to-month,Yes,Credit card (automatic),18.8,1313.54,No
KNDV-A8996,Female,1,Yes,Yes,54,Yes,No,Fiber optic,No,No,Yes,No,No,No,Two year,Yes,Electronic check,57.19,3088.91,No
EMVB-6D90D,Female,0,No,No,51,Yes,Yes,DSL,Yes,No,No,Yes,Yes,Yes,One year,No,Electronic check,70.26,3617.1,No
BMCH-64E95,Male,0,Yes,Yes,4,Yes,No,Fiber optic,No,Yes,Yes,No,No,Yes,Month-to-month,Yes,Electronic check,60.7,282.85,Yes
HMIU-3B747,Male,0,No,Yes,25,Yes,No,DSL,Yes,No,No,Yes,No,No,Two year,Yes,Bank transfer (automatic),41.78,1074.79,No
DNSP-0905A,Male,1,No,No,0,Yes,No,Fiber optic,No,No,No,No,No,No,Two year,Yes,Mailed check,55.21,55.21,No
XZNF-D5835,Male,0,No,Yes,64,Yes,Yes,DSL,No,Yes,No,No,Yes,No,One year,Yes,Credit card (automatic),62.25,3957.02,No
MTXE-8F09C,Female,0,No,Yes,58,Yes,No,No,No internet service,No internet service,No internet service,No internet service,No internet service,No internet service,Two year,Yes,Credit card (automatic),25.07,1331.59,No
CRKP-B2154,Male,1,Yes,No,52,Yes,No,Fiber optic,Yes,Yes,Yes,No,No,Yes,Month-to-month,No,Electronic check,57.43,3023.91,No
HYRJ-92216,Female,0,No,No,28,Yes,Yes,DSL,Yes,No,No,No,No,Yes,Month-to-month,Yes,Mailed check,45.88,1273.33,No
QNOE-A8F30,Male,0,Yes,No,8,Yes,No,DSL,No,No,Yes,No,No,No,Two year,Yes,Electronic check,30.47,179.42,No
LFEG-A6D1E,Male,1,Yes,No,30,Yes,Yes,Fiber optic,No,Yes,Yes,Yes,No,No,Month-to-month,No,Electronic check,63.23,1951.18,Yes
KNVM-23E1E,Male,0,Yes,No,16,Yes,No,Fiber optic,Yes,No,Yes,No,No,No,Month-to-month,Yes,Bank transfer (automatic),55.53,856.43,Yes
RNIW-0B351,Male,0,Yes,Yes,10,Yes,Yes,Fiber optic,No,No,Yes,No,No,No,Two year,No,Credit card (automatic),61.51,678.63,Yes
ODDI-7FD69,Male,0,No,No,53,Yes,Yes,No,No internet service,No internet service,No internet service,No internet service,No internet service,No internet service,One year,No,Electronic check,33.46,1763.18,No
UJTR-BF618,Female,0,No,No,19,Yes,Yes,Fiber optic,Yes,No,Yes,No,Yes,No,Month-to-month,No,Electronic check,69.59,1294.9,No
IBEN-F5822,Male,0,No,No,63,Yes,No,Fiber optic,No,Yes,No,Yes,No,No,Two year,No,Electronic check,61.86,3890.91,No
UPEN-904D5,Male,1,Yes,No,68,Yes,No,Fiber optic,No,Yes,No,Yes,Yes,No,Month-to-month,Yes,Bank transfer (automatic),65.28,4413.73,Yes
SPAY-FA2D0,Male,0,No,No,41,Yes,No,Fiber optic,No,No,Yes,Yes,No,No,Month-to-month,No,Mailed check,58.86,2368.84,Yes
NLSD-E944A,Female,0,No,No,26,Yes,No,No,No internet service,No internet service,No internet service,No internet service,No internet service,No internet service,Two year,Yes,Bank transfer (automatic),29.35,729.73,No
EHZW-58634,Female,0,No,No,1,Yes,Yes,Fiber optic,Yes,No,Yes,No,Yes,Yes,One year,No,Electronic check,75.32,104.84,No
CVGF-A2FE6,Female,0,No,No,4,Yes,Yes,Fiber optic,Yes,No,Yes,Yes,Yes,Yes,Month-to-month,Yes,Electronic check,83.75,409.06,No
EDWL-91D81,Female,0,No,No,35,Yes,No,DSL,Yes,Yes,No,No,Yes,Yes,Month-to-month,No,Bank transfer (automatic),50.48,1791.38,No
BZBH-00DC5,Male,0,Yes,No,4,Yes,No,No,No internet service,No internet service,No internet service,No internet service,No internet service,No internet service,One year,Yes,Electronic check,18.8,21.36,Yes
EGJU-97113,Male,0,No,No,6,Yes,No,Fiber optic,No,No,No,Yes,Yes,No,One year,Yes,Mailed check,62.89,339.51,No
FMWK-581B0,Male,0,No,Yes,27,Yes,No,Fiber optic,Yes,Yes,Yes,No,No,No,Month-to-month,Yes,Mailed check,56.54,1503.1,No
JYKT-4D530,Female,0,No,No,20,Yes,No,No,No internet service,No internet service,No internet service,No internet service,No internet service,No internet service,Two year,No,Credit card (automatic),18.8,407.38,No
HPBE-5B900,Male,0,Yes,Yes,57,Yes,Yes,No,No internet service,No internet service,No internet service,No internet service,No internet service,No internet service,Month-to-month,Yes,Electronic check,32.63,1849.15,No
BIHD-79BFB,Male,0,No,Yes,6,Yes,Yes,DSL,No,No,No,Yes,No,Yes,Two year,Yes,Mailed check,57.48,397.73,No
ZZWJ-00DD4,Female,0,No,No,0,Yes,No,DSL,No,Yes,Yes,No,Yes,Yes,Month-to-month,Yes,Credit card (automatic),51.59,51.59,Yes
SLBR-12715,Female,0,No,No,4,Yes,Yes,No,No internet service,No internet service,No internet service,No internet service,No internet service,No internet service,Month-to-month,Yes,Bank transfer (automatic),32.42,101.81,Yes
TPBF-FFE86,Female,0,No,Yes,35,Yes,Yes,Fiber optic,No,No,Yes,Yes,No,No,Month-to-month,Yes,Credit card (automatic),64.85,2349.65,Yes
TYDX-92D00,Male,0,Yes,No,37,Yes,Yes,No,No internet service,No internet service,No internet service,No internet service,No internet service,No internet service,Two year,Yes,Credit card (automatic),28.93,992.76,No
JOLG-A71D4,Male,0,Yes,No,24,Yes,Yes,Fiber optic,No,No,No,Yes,No,Yes,Two year,Yes,Mailed check,76.75,1865.69,No
RJTH-31DB9,Female,0,No,No,13,Yes,No,Fiber optic,No,No,No,No,Yes,No,Two year,No,Mailed check,59.33,848.32,Yes
PBKW-40D0B,Male,0,No,Yes,64,Yes,No,Fiber optic,No,No,Yes,No,No,Yes,One year,Yes,Electronic check,52.75,3369.85,No
VTAX-1D07E,Female,0,No,No,44,Yes,No,DSL,No,Yes,No,No,Yes,No,Month-to-month,Yes,Bank transfer (automatic),47.16,2117.49,No
GBCJ-53759,Female,0,Yes,No,34,Yes,No,No,No internet service,No internet service,No internet service,No internet service,No internet service,No internet service,Month-to-month,Yes,Bank transfer (automatic),18.8,670.76,No
HIXU-C6E5B,Male,0,No,No,4,Yes,No,Fiber optic,No,No,No,Yes,No,No,One year,No,Mailed check,69.25,333.75,No
TIQE-68A5B,Female,0,Yes,No,52,Yes,No,Fiber optic,No,Yes,No,No,No,No,Two year,No,Electronic check,47.38,2478.13,No
QWBN-B6497,Female,0,No,No,53,Yes,No,DSL,No,Yes,No,No,No,No,Two year,Yes,Credit card (automatic),27.79,1490.49,No
LZKF-01831,Female,0,Yes,Yes,42,Yes,Yes,Fiber optic,No,Yes,Yes,No,No,No,Month-to-month,Yes,Credit card (automatic),53.27,2194.81,Yes
JGNB-FED2B,Male,1,No,No,67,Yes,Yes,No,No internet service,No internet service,No internet service,No internet service,No internet service,No internet service,One year,No,Mailed check,38.75,2667.44,No
ASUH-7E384,Female,0,Yes,No,63,Yes,Yes,No,No internet service,No internet service,No internet service,No internet service,No internet service,No internet service,Two year,No,Bank transfer (automatic),26.15,1686.9,No
